"V1","V2","V3","V4","V5","V6","V7","V8","V9","V10","V11","V12","V13","V14","V15","V16","V17","V18"
"21","-3.28 (1.17, CI: -5.57, -0.99)","-6.36 (1.1, CI: -8.5, -4.21)","-9.42 (1.14, CI: -11.65, -7.2)","-12.47 (1.21, CI: -14.84, -10.11)","-15.43 (1.28, CI: -17.94, -12.92)","-18.18 (1.38, CI: -20.88, -15.47)","-20.56 (1.48, CI: -23.45, -17.66)","-22.5 (1.56, CI: -25.55, -19.45)","-24.04 (1.63, CI: -27.24, -20.83)","-25.18 (1.72, CI: -28.55, -21.81)","-25.99 (1.79, CI: -29.5, -22.47)","-26.51 (1.87, CI: -30.17, -22.85)","-26.84 (1.96, CI: -30.68, -22.99)","-221.69 (16.6, CI: -254.22, -189.16)","7.49",NA,""
"8","-0.05 (0.22, CI: -0.49, 0.38)","-0.79 (0.21, CI: -1.2, -0.39)","-1.31 (0.33, CI: -1.97, -0.66)","-1.49 (0.44, CI: -2.35, -0.63)","-1.54 (0.55, CI: -2.62, -0.46)","-1.71 (0.64, CI: -2.97, -0.45)","-2.01 (0.71, CI: -3.41, -0.62)","-2.34 (0.78, CI: -3.87, -0.82)","-2.59 (0.84, CI: -4.24, -0.94)","-2.66 (0.9, CI: -4.42, -0.89)","-2.52 (0.95, CI: -4.39, -0.65)","-2.25 (1.02, CI: -4.25, -0.25)","-1.89 (1.11, CI: -4.06, 0.28)","-22.2 (7.44, CI: -36.78, -7.61)","0.73",NA,""
"17","-4.3 (1.35, CI: -6.95, -1.65)","-7.16 (1.21, CI: -9.53, -4.78)","-10.06 (1.17, CI: -12.34, -7.77)","-13.03 (1.15, CI: -15.28, -10.78)","-16.02 (1.12, CI: -18.23, -13.82)","-18.84 (1.14, CI: -21.07, -16.61)","-21.3 (1.17, CI: -23.6, -18.99)","-23.29 (1.21, CI: -25.67, -20.91)","-24.88 (1.28, CI: -27.38, -22.38)","-26.14 (1.36, CI: -28.81, -23.46)","-27.13 (1.45, CI: -29.98, -24.28)","-27.92 (1.54, CI: -30.94, -24.89)","-28.56 (1.67, CI: -31.83, -25.29)","-232.19 (13.69, CI: -259.03, -205.36)","8.71",NA,""
"1","0.06 (0.41, CI: -0.74, 0.87)","-4.15 (0.38, CI: -4.9, -3.4)","-8.04 (0.47, CI: -8.96, -7.11)","-11.37 (0.56, CI: -12.47, -10.27)","-14.24 (0.68, CI: -15.57, -12.91)","-16.79 (0.81, CI: -18.38, -15.2)","-19.05 (0.94, CI: -20.89, -17.21)","-21 (1.08, CI: -23.11, -18.89)","-22.6 (1.22, CI: -24.99, -20.21)","-23.84 (1.36, CI: -26.5, -21.18)","-24.75 (1.49, CI: -27.66, -21.84)","-25.41 (1.62, CI: -28.57, -22.24)","-25.89 (1.76, CI: -29.34, -22.44)","-204.15 (11.14, CI: -225.98, -182.32)","2.28",NA,""
"3","-3.1 (1.03, CI: -5.12, -1.08)","-6.13 (0.9, CI: -7.9, -4.36)","-9.15 (0.88, CI: -10.87, -7.43)","-12.15 (0.88, CI: -13.88, -10.43)","-15.07 (0.88, CI: -16.8, -13.33)","-17.75 (0.93, CI: -19.58, -15.93)","-20.08 (1, CI: -22.03, -18.12)","-22 (1.07, CI: -24.08, -19.91)","-23.54 (1.16, CI: -25.81, -21.28)","-24.75 (1.27, CI: -27.24, -22.27)","-25.68 (1.37, CI: -28.36, -22.99)","-26.37 (1.48, CI: -29.27, -23.47)","-26.91 (1.61, CI: -30.06, -23.75)","-217.67 (11.58, CI: -240.36, -194.97)","6.54",NA,""
"6","-1.42 (1.38, CI: -4.12, 1.28)","-2.32 (1.2, CI: -4.66, 0.03)","-3.17 (1.13, CI: -5.39, -0.96)","-3.96 (1.11, CI: -6.13, -1.79)","-4.72 (1.14, CI: -6.96, -2.48)","-5.53 (1.25, CI: -7.98, -3.07)","-6.37 (1.39, CI: -9.1, -3.65)","-7.16 (1.56, CI: -10.23, -4.1)","-7.78 (1.77, CI: -11.24, -4.32)","-8.12 (1.98, CI: -12.01, -4.24)","-8.19 (2.2, CI: -12.51, -3.88)","-8.06 (2.44, CI: -12.83, -3.28)","-7.78 (2.69, CI: -13.06, -2.5)","-69.99 (16.47, CI: -102.26, -37.71)","10.01",NA,""
"16","-0.91 (1.05, CI: -2.97, 1.14)","-1.93 (0.91, CI: -3.71, -0.15)","-2.8 (0.88, CI: -4.53, -1.07)","-3.41 (0.89, CI: -5.16, -1.66)","-3.88 (0.95, CI: -5.74, -2.01)","-4.38 (1.08, CI: -6.49, -2.28)","-5.03 (1.22, CI: -7.41, -2.65)","-5.69 (1.38, CI: -8.39, -2.99)","-6.22 (1.56, CI: -9.28, -3.15)","-6.45 (1.76, CI: -9.9, -3.01)","-6.38 (1.95, CI: -10.21, -2.55)","-6.07 (2.15, CI: -10.29, -1.85)","-5.6 (2.38, CI: -10.26, -0.94)","-55.5 (14.34, CI: -83.6, -27.4)","7.53",NA,""
"11","-4.24 (1.39, CI: -6.96, -1.52)","-7.14 (1.3, CI: -9.69, -4.6)","-10.1 (1.33, CI: -12.7, -7.5)","-13.17 (1.39, CI: -15.89, -10.44)","-16.27 (1.46, CI: -19.13, -13.41)","-19.2 (1.55, CI: -22.24, -16.16)","-21.74 (1.64, CI: -24.96, -18.52)","-23.76 (1.71, CI: -27.12, -20.4)","-25.32 (1.79, CI: -28.82, -21.82)","-26.46 (1.87, CI: -30.12, -22.8)","-27.24 (1.94, CI: -31.04, -23.45)","-27.74 (2.01, CI: -31.68, -23.81)","-28.05 (2.1, CI: -32.17, -23.92)","-234.29 (18.54, CI: -270.62, -197.96)","8.9",NA,""
"4","-0.71 (0.89, CI: -2.47, 1.04)","-1.65 (0.75, CI: -3.12, -0.18)","-2.44 (0.75, CI: -3.91, -0.98)","-2.99 (0.78, CI: -4.51, -1.47)","-3.44 (0.86, CI: -5.12, -1.76)","-3.98 (0.99, CI: -5.92, -2.03)","-4.66 (1.14, CI: -6.89, -2.42)","-5.34 (1.3, CI: -7.89, -2.79)","-5.87 (1.49, CI: -8.78, -2.95)","-6.08 (1.67, CI: -9.36, -2.8)","-5.98 (1.86, CI: -9.62, -2.34)","-5.63 (2.05, CI: -9.65, -1.61)","-5.11 (2.26, CI: -9.55, -0.68)","-50.97 (13.43, CI: -77.3, -24.64)","6.17",NA,""
"7","0.05 (0.26, CI: -0.45, 0.55)","-4.15 (0.28, CI: -4.7, -3.59)","-8.03 (0.47, CI: -8.96, -7.11)","-11.37 (0.65, CI: -12.65, -10.1)","-14.26 (0.82, CI: -15.86, -12.65)","-16.81 (0.97, CI: -18.71, -14.92)","-19.07 (1.09, CI: -21.2, -16.94)","-21.01 (1.19, CI: -23.35, -18.67)","-22.61 (1.29, CI: -25.13, -20.08)","-23.85 (1.37, CI: -26.54, -21.16)","-24.76 (1.45, CI: -27.59, -21.92)","-25.42 (1.52, CI: -28.4, -22.43)","-25.9 (1.61, CI: -29.06, -22.75)","-204.26 (11.57, CI: -226.93, -181.58)","0.99",NA,""
"5","-4.3 (1.35, CI: -6.95, -1.65)","-7.16 (1.21, CI: -9.53, -4.78)","-10.06 (1.17, CI: -12.34, -7.77)","-13.03 (1.15, CI: -15.28, -10.78)","-16.02 (1.12, CI: -18.23, -13.82)","-18.84 (1.14, CI: -21.07, -16.61)","-21.3 (1.17, CI: -23.6, -18.99)","-23.29 (1.21, CI: -25.67, -20.91)","-24.88 (1.28, CI: -27.38, -22.38)","-26.14 (1.36, CI: -28.81, -23.46)","-27.13 (1.45, CI: -29.98, -24.28)","-27.92 (1.54, CI: -30.94, -24.89)","-28.56 (1.67, CI: -31.83, -25.29)","-232.19 (13.69, CI: -259.03, -205.36)","8.71",NA,""
"20","0.03 (0.2, CI: -0.35, 0.42)","-0.69 (0.22, CI: -1.12, -0.27)","-1.31 (0.35, CI: -2.01, -0.62)","-1.72 (0.48, CI: -2.66, -0.79)","-1.88 (0.58, CI: -3.03, -0.74)","-1.94 (0.7, CI: -3.3, -0.58)","-2.06 (0.79, CI: -3.6, -0.52)","-2.3 (0.85, CI: -3.96, -0.64)","-2.54 (0.91, CI: -4.32, -0.76)","-2.67 (0.97, CI: -4.57, -0.76)","-2.59 (1.03, CI: -4.6, -0.57)","-2.32 (1.08, CI: -4.45, -0.2)","-1.96 (1.16, CI: -4.24, 0.32)","-22.99 (7.99, CI: -38.64, -7.34)","0",NA,""
"13","0.19 (0.36, CI: -0.52, 0.9)","-3.91 (0.36, CI: -4.62, -3.2)","-7.83 (0.5, CI: -8.8, -6.86)","-11.38 (0.61, CI: -12.57, -10.19)","-14.44 (0.7, CI: -15.82, -13.06)","-17.04 (0.84, CI: -18.69, -15.39)","-19.22 (0.98, CI: -21.13, -17.31)","-21.01 (1.09, CI: -23.15, -18.88)","-22.46 (1.23, CI: -24.87, -20.06)","-23.6 (1.37, CI: -26.29, -20.92)","-24.49 (1.5, CI: -27.42, -21.55)","-25.17 (1.62, CI: -28.34, -22)","-25.72 (1.75, CI: -29.16, -22.28)","-203.32 (11.13, CI: -225.14, -181.5)","0.79",NA,""
"14","0.03 (0.28, CI: -0.52, 0.59)","-0.71 (0.27, CI: -1.23, -0.19)","-1.34 (0.37, CI: -2.06, -0.62)","-1.74 (0.44, CI: -2.6, -0.87)","-1.87 (0.5, CI: -2.84, -0.89)","-1.89 (0.6, CI: -3.07, -0.71)","-1.98 (0.7, CI: -3.35, -0.6)","-2.2 (0.78, CI: -3.72, -0.68)","-2.45 (0.87, CI: -4.16, -0.74)","-2.62 (0.99, CI: -4.56, -0.69)","-2.62 (1.07, CI: -4.73, -0.52)","-2.47 (1.15, CI: -4.73, -0.22)","-2.23 (1.25, CI: -4.68, 0.21)","-22.98 (7.75, CI: -38.17, -7.78)","0.48",NA,""
"9","-3.07 (1.09, CI: -5.21, -0.93)","-6.1 (1.02, CI: -8.09, -4.1)","-9.13 (1.06, CI: -11.21, -7.04)","-12.17 (1.14, CI: -14.4, -9.94)","-15.15 (1.22, CI: -17.54, -12.75)","-17.9 (1.33, CI: -20.51, -15.3)","-20.29 (1.43, CI: -23.09, -17.49)","-22.25 (1.51, CI: -25.21, -19.28)","-23.79 (1.59, CI: -26.91, -20.66)","-24.94 (1.68, CI: -28.24, -21.65)","-25.75 (1.76, CI: -29.19, -22.31)","-26.27 (1.83, CI: -29.86, -22.68)","-26.6 (1.93, CI: -30.38, -22.82)","-218.57 (16.01, CI: -249.95, -187.19)","6.99",NA,""
"2","-0.05 (0.32, CI: -0.69, 0.58)","-0.79 (0.28, CI: -1.35, -0.24)","-1.32 (0.35, CI: -2, -0.63)","-1.51 (0.4, CI: -2.3, -0.73)","-1.57 (0.48, CI: -2.51, -0.64)","-1.73 (0.57, CI: -2.84, -0.62)","-2 (0.65, CI: -3.28, -0.73)","-2.31 (0.75, CI: -3.77, -0.85)","-2.56 (0.85, CI: -4.22, -0.9)","-2.67 (0.94, CI: -4.51, -0.83)","-2.64 (1.02, CI: -4.63, -0.65)","-2.5 (1.1, CI: -4.65, -0.34)","-2.29 (1.2, CI: -4.65, 0.06)","-22.78 (7.61, CI: -37.69, -7.86)","1.76",NA,""
"24","-1.74 (1.14, CI: -3.97, 0.49)","-2.5 (1.07, CI: -4.61, -0.39)","-3.24 (1.18, CI: -5.56, -0.93)","-3.95 (1.33, CI: -6.56, -1.35)","-4.68 (1.51, CI: -7.63, -1.72)","-5.48 (1.7, CI: -8.8, -2.15)","-6.34 (1.87, CI: -10.01, -2.67)","-7.14 (2.05, CI: -11.16, -3.13)","-7.73 (2.25, CI: -12.14, -3.32)","-7.97 (2.47, CI: -12.82, -3.12)","-7.87 (2.72, CI: -13.21, -2.54)","-7.52 (3.02, CI: -13.43, -1.61)","-6.99 (3.36, CI: -13.56, -0.41)","-68.79 (21.45, CI: -110.83, -26.75)","7.76",NA,""
"18","-1.42 (1.38, CI: -4.12, 1.28)","-2.32 (1.2, CI: -4.66, 0.03)","-3.17 (1.13, CI: -5.39, -0.96)","-3.96 (1.11, CI: -6.13, -1.79)","-4.72 (1.14, CI: -6.96, -2.48)","-5.53 (1.25, CI: -7.98, -3.07)","-6.37 (1.39, CI: -9.1, -3.65)","-7.16 (1.56, CI: -10.23, -4.1)","-7.78 (1.77, CI: -11.24, -4.32)","-8.12 (1.98, CI: -12.01, -4.24)","-8.19 (2.2, CI: -12.51, -3.88)","-8.06 (2.44, CI: -12.83, -3.28)","-7.78 (2.69, CI: -13.06, -2.5)","-69.99 (16.47, CI: -102.26, -37.71)","10.01",NA,""
"22","-1.14 (0.85, CI: -2.8, 0.52)","-2.02 (0.79, CI: -3.57, -0.46)","-2.77 (0.9, CI: -4.54, -1)","-3.31 (1.04, CI: -5.34, -1.27)","-3.74 (1.19, CI: -6.08, -1.41)","-4.26 (1.36, CI: -6.93, -1.59)","-4.94 (1.52, CI: -7.92, -1.97)","-5.65 (1.67, CI: -8.93, -2.36)","-6.17 (1.85, CI: -9.8, -2.54)","-6.35 (2.05, CI: -10.36, -2.33)","-6.15 (2.26, CI: -10.59, -1.71)","-5.66 (2.51, CI: -10.59, -0.74)","-4.98 (2.8, CI: -10.47, 0.52)","-54.07 (17.36, CI: -88.11, -20.04)","5.57",NA,""
"15","-3.34 (1.11, CI: -5.52, -1.15)","-6.4 (0.99, CI: -8.33, -4.47)","-9.44 (0.96, CI: -11.32, -7.57)","-12.44 (0.95, CI: -14.31, -10.58)","-15.33 (0.95, CI: -17.19, -13.48)","-18 (0.98, CI: -19.92, -16.08)","-20.32 (1.03, CI: -22.35, -18.29)","-22.23 (1.09, CI: -24.38, -20.09)","-23.78 (1.17, CI: -26.08, -21.48)","-25 (1.28, CI: -27.5, -22.49)","-25.93 (1.38, CI: -28.63, -23.22)","-26.64 (1.48, CI: -29.54, -23.73)","-27.19 (1.61, CI: -30.34, -24.04)","-220.77 (12.01, CI: -244.32, -197.22)","7.09",NA,""
"10","-0.97 (0.71, CI: -2.37, 0.42)","-1.77 (0.64, CI: -3.03, -0.51)","-2.44 (0.76, CI: -3.93, -0.95)","-2.91 (0.9, CI: -4.68, -1.14)","-3.32 (1.06, CI: -5.4, -1.24)","-3.87 (1.23, CI: -6.28, -1.46)","-4.61 (1.38, CI: -7.31, -1.9)","-5.35 (1.53, CI: -8.34, -2.36)","-5.9 (1.69, CI: -9.22, -2.58)","-6.06 (1.88, CI: -9.74, -2.39)","-5.83 (2.08, CI: -9.9, -1.76)","-5.29 (2.31, CI: -9.81, -0.77)","-4.54 (2.58, CI: -9.6, 0.52)","-50.1 (15.61, CI: -80.7, -19.5)","4.28",NA,""
"23","-4.24 (1.39, CI: -6.96, -1.52)","-7.14 (1.3, CI: -9.69, -4.6)","-10.1 (1.33, CI: -12.7, -7.5)","-13.17 (1.39, CI: -15.89, -10.44)","-16.27 (1.46, CI: -19.13, -13.41)","-19.2 (1.55, CI: -22.24, -16.16)","-21.74 (1.64, CI: -24.96, -18.52)","-23.76 (1.71, CI: -27.12, -20.4)","-25.32 (1.79, CI: -28.82, -21.82)","-26.46 (1.87, CI: -30.12, -22.8)","-27.24 (1.94, CI: -31.04, -23.45)","-27.74 (2.01, CI: -31.68, -23.81)","-28.05 (2.1, CI: -32.17, -23.92)","-234.29 (18.54, CI: -270.62, -197.96)","8.9",NA,""
"19","0.19 (0.24, CI: -0.27, 0.66)","-3.9 (0.28, CI: -4.45, -3.35)","-7.81 (0.48, CI: -8.75, -6.88)","-11.38 (0.66, CI: -12.67, -10.08)","-14.47 (0.83, CI: -16.1, -12.85)","-17.11 (0.99, CI: -19.05, -15.17)","-19.31 (1.13, CI: -21.52, -17.1)","-21.1 (1.23, CI: -23.51, -18.69)","-22.54 (1.32, CI: -25.13, -19.94)","-23.68 (1.41, CI: -26.44, -20.92)","-24.58 (1.48, CI: -27.47, -21.69)","-25.3 (1.54, CI: -28.32, -22.29)","-25.9 (1.61, CI: -29.06, -22.75)","-204.03 (11.74, CI: -227.04, -181.01)","0",NA,""
"12","-1.74 (1.14, CI: -3.97, 0.49)","-2.5 (1.07, CI: -4.61, -0.39)","-3.24 (1.18, CI: -5.56, -0.93)","-3.95 (1.33, CI: -6.56, -1.35)","-4.68 (1.51, CI: -7.63, -1.72)","-5.48 (1.7, CI: -8.8, -2.15)","-6.34 (1.87, CI: -10.01, -2.67)","-7.14 (2.05, CI: -11.16, -3.13)","-7.73 (2.25, CI: -12.14, -3.32)","-7.97 (2.47, CI: -12.82, -3.12)","-7.87 (2.72, CI: -13.21, -2.54)","-7.52 (3.02, CI: -13.43, -1.61)","-6.99 (3.36, CI: -13.56, -0.41)","-68.79 (21.45, CI: -110.83, -26.75)","7.76",NA,""
"91","0.18 (0.24, CI: -0.29, 0.64)","-3.92 (0.28, CI: -4.43, -3.34)","-7.83 (0.47, CI: -8.74, -6.88)","-11.39 (0.65, CI: -12.67, -10.11)","-14.48 (0.82, CI: -16.12, -12.9)","-17.12 (0.98, CI: -19.01, -15.17)","-19.32 (1.11, CI: -21.53, -17.17)","-21.09 (1.21, CI: -23.69, -18.94)","-22.54 (1.29, CI: -25.16, -20.1)","-23.68 (1.37, CI: -26.49, -21.13)","-24.58 (1.42, CI: -27.52, -21.93)","-25.3 (1.47, CI: -28.22, -22.45)","-25.89 (1.56, CI: -29.1, -22.99)","-204.14 (11.54, CI: -226.79, -181.54)","0.23",NA,"Yes"
"140","0.04 (0.2, CI: -0.36, 0.4)","-0.69 (0.22, CI: -1.11, -0.27)","-1.3 (0.36, CI: -1.99, -0.6)","-1.7 (0.48, CI: -2.66, -0.79)","-1.86 (0.57, CI: -3.02, -0.78)","-1.9 (0.68, CI: -3.28, -0.63)","-2.02 (0.76, CI: -3.51, -0.53)","-2.26 (0.83, CI: -3.77, -0.53)","-2.51 (0.88, CI: -4.18, -0.72)","-2.63 (0.95, CI: -4.47, -0.74)","-2.56 (1.01, CI: -4.5, -0.55)","-2.29 (1.07, CI: -4.33, -0.11)","-1.92 (1.17, CI: -4.24, 0.32)","-22.67 (7.84, CI: -37.82, -7.07)","0.17",NA,"Yes"
"115","0.19 (0.24, CI: -0.29, 0.66)","-3.89 (0.27, CI: -4.42, -3.35)","-7.79 (0.46, CI: -8.73, -6.92)","-11.34 (0.64, CI: -12.62, -10.13)","-14.44 (0.79, CI: -16, -12.89)","-17.06 (0.96, CI: -18.92, -15.16)","-19.25 (1.1, CI: -21.37, -17.08)","-21.03 (1.18, CI: -23.32, -18.69)","-22.45 (1.27, CI: -24.89, -19.89)","-23.57 (1.36, CI: -26.3, -20.97)","-24.47 (1.42, CI: -27.17, -21.59)","-25.22 (1.48, CI: -28.23, -22.41)","-25.83 (1.56, CI: -29.06, -22.92)","-203.15 (11.26, CI: -225.3, -181.18)","0.23",NA,"Yes"
"68","0.04 (0.2, CI: -0.36, 0.4)","-0.71 (0.23, CI: -1.12, -0.24)","-1.35 (0.37, CI: -2.09, -0.64)","-1.77 (0.5, CI: -2.75, -0.8)","-1.94 (0.6, CI: -3.07, -0.71)","-2.02 (0.73, CI: -3.33, -0.49)","-2.14 (0.81, CI: -3.63, -0.44)","-2.37 (0.86, CI: -4.06, -0.68)","-2.62 (0.92, CI: -4.37, -0.76)","-2.74 (0.98, CI: -4.59, -0.73)","-2.65 (1.04, CI: -4.66, -0.58)","-2.38 (1.1, CI: -4.56, -0.25)","-2.01 (1.17, CI: -4.33, 0.26)","-23.59 (8.08, CI: -39.42, -7.74)","0.17",NA,"Yes"
"67","0.19 (0.24, CI: -0.26, 0.67)","-3.89 (0.27, CI: -4.44, -3.36)","-7.79 (0.46, CI: -8.76, -6.96)","-11.34 (0.63, CI: -12.51, -10.04)","-14.42 (0.78, CI: -15.96, -12.89)","-17.05 (0.94, CI: -18.9, -15.21)","-19.24 (1.07, CI: -21.5, -17.3)","-21.03 (1.16, CI: -23.41, -18.87)","-22.46 (1.22, CI: -24.96, -20.18)","-23.61 (1.29, CI: -26.24, -21.2)","-24.52 (1.34, CI: -27.28, -22.05)","-25.23 (1.41, CI: -27.94, -22.42)","-25.83 (1.49, CI: -28.92, -23.09)","-203.3 (10.94, CI: -224.68, -181.79)","0.23",NA,"Yes"
"110","0.03 (0.29, CI: -0.56, 0.58)","-0.71 (0.27, CI: -1.22, -0.16)","-1.32 (0.36, CI: -2.04, -0.64)","-1.72 (0.43, CI: -2.61, -0.92)","-1.85 (0.5, CI: -2.81, -0.85)","-1.88 (0.61, CI: -3.05, -0.66)","-1.95 (0.71, CI: -3.36, -0.56)","-2.16 (0.79, CI: -3.75, -0.64)","-2.42 (0.91, CI: -4.26, -0.68)","-2.58 (1.04, CI: -4.75, -0.66)","-2.56 (1.14, CI: -5.02, -0.57)","-2.41 (1.22, CI: -4.8, -0.03)","-2.19 (1.32, CI: -4.81, 0.38)","-22.63 (8, CI: -37.54, -6.18)","0.53",NA,"Yes"
"25","0.07 (0.42, CI: -0.74, 0.91)","-4.13 (0.4, CI: -4.88, -3.3)","-8 (0.49, CI: -8.96, -7.02)","-11.32 (0.58, CI: -12.43, -10.15)","-14.18 (0.7, CI: -15.52, -12.78)","-16.72 (0.83, CI: -18.33, -15.07)","-18.96 (0.96, CI: -20.84, -17.08)","-20.9 (1.11, CI: -23.02, -18.68)","-22.49 (1.26, CI: -24.91, -19.97)","-23.73 (1.4, CI: -26.4, -20.89)","-24.63 (1.54, CI: -27.62, -21.58)","-25.26 (1.67, CI: -28.43, -21.88)","-25.74 (1.82, CI: -29.16, -22.03)","-203.11 (11.45, CI: -224.31, -179.41)","2.35",NA,"Yes"
"62","0.04 (0.28, CI: -0.52, 0.6)","-0.71 (0.26, CI: -1.23, -0.2)","-1.34 (0.37, CI: -2.06, -0.62)","-1.74 (0.44, CI: -2.59, -0.86)","-1.88 (0.5, CI: -2.85, -0.88)","-1.9 (0.61, CI: -3.05, -0.66)","-1.99 (0.72, CI: -3.35, -0.53)","-2.21 (0.8, CI: -3.72, -0.58)","-2.47 (0.91, CI: -4.31, -0.76)","-2.64 (1.02, CI: -4.64, -0.62)","-2.64 (1.12, CI: -4.96, -0.56)","-2.48 (1.21, CI: -4.93, -0.19)","-2.24 (1.31, CI: -4.97, 0.18)","-23.05 (7.98, CI: -38.91, -7.63)","0.53",NA,"Yes"
"139","0.18 (0.25, CI: -0.27, 0.71)","-3.89 (0.29, CI: -4.46, -3.32)","-7.8 (0.48, CI: -8.78, -6.88)","-11.36 (0.66, CI: -12.73, -10.14)","-14.44 (0.82, CI: -16.19, -12.97)","-17.07 (0.98, CI: -19.17, -15.33)","-19.25 (1.11, CI: -21.6, -17.24)","-21.04 (1.21, CI: -23.55, -18.81)","-22.47 (1.3, CI: -25.22, -20.12)","-23.62 (1.37, CI: -26.54, -21.16)","-24.52 (1.43, CI: -27.35, -21.74)","-25.25 (1.49, CI: -28.29, -22.43)","-25.86 (1.56, CI: -28.93, -22.79)","-203.5 (11.53, CI: -226.34, -181.15)","0.23",NA,"Yes"
"26","-0.05 (0.33, CI: -0.7, 0.58)","-0.78 (0.28, CI: -1.33, -0.22)","-1.32 (0.35, CI: -2.03, -0.67)","-1.51 (0.4, CI: -2.27, -0.69)","-1.57 (0.47, CI: -2.5, -0.64)","-1.73 (0.57, CI: -2.78, -0.56)","-1.99 (0.65, CI: -3.24, -0.68)","-2.3 (0.75, CI: -3.69, -0.74)","-2.54 (0.86, CI: -4.27, -0.9)","-2.67 (0.96, CI: -4.6, -0.85)","-2.63 (1.04, CI: -4.7, -0.62)","-2.5 (1.12, CI: -4.64, -0.24)","-2.29 (1.21, CI: -4.55, 0.2)","-22.72 (7.64, CI: -37.15, -7.21)","1.8",NA,"Yes"
"85","0.19 (0.37, CI: -0.55, 0.88)","-3.9 (0.36, CI: -4.58, -3.16)","-7.8 (0.49, CI: -8.76, -6.83)","-11.34 (0.6, CI: -12.5, -10.15)","-14.41 (0.7, CI: -15.79, -13.04)","-17 (0.84, CI: -18.69, -15.38)","-19.18 (0.99, CI: -21.01, -17.14)","-20.95 (1.1, CI: -23.13, -18.82)","-22.38 (1.23, CI: -24.81, -19.97)","-23.51 (1.4, CI: -26.18, -20.71)","-24.39 (1.53, CI: -27.29, -21.29)","-25.07 (1.66, CI: -28.24, -21.73)","-25.62 (1.79, CI: -29.06, -22.04)","-202.73 (11.26, CI: -224.96, -180.81)","0.97",NA,"Yes"
"92","0.03 (0.2, CI: -0.37, 0.42)","-0.69 (0.22, CI: -1.12, -0.27)","-1.3 (0.36, CI: -1.99, -0.59)","-1.7 (0.48, CI: -2.66, -0.77)","-1.84 (0.59, CI: -2.96, -0.63)","-1.89 (0.7, CI: -3.29, -0.56)","-2.01 (0.79, CI: -3.48, -0.39)","-2.24 (0.84, CI: -3.86, -0.56)","-2.47 (0.9, CI: -4.25, -0.72)","-2.6 (0.95, CI: -4.46, -0.72)","-2.52 (1.01, CI: -4.52, -0.56)","-2.26 (1.06, CI: -4.45, -0.29)","-1.88 (1.15, CI: -4.06, 0.44)","-22.48 (7.92, CI: -37.83, -6.8)","0.17",NA,"Yes"
"97","0.07 (0.42, CI: -0.76, 0.87)","-4.15 (0.39, CI: -4.89, -3.37)","-8.02 (0.49, CI: -9, -7.09)","-11.34 (0.58, CI: -12.57, -10.28)","-14.2 (0.7, CI: -15.67, -12.91)","-16.74 (0.84, CI: -18.39, -15.1)","-18.99 (0.98, CI: -21.01, -17.17)","-20.92 (1.13, CI: -23.19, -18.74)","-22.52 (1.3, CI: -25.22, -20.14)","-23.76 (1.44, CI: -26.72, -21.07)","-24.66 (1.58, CI: -27.99, -21.81)","-25.29 (1.71, CI: -28.83, -22.13)","-25.75 (1.85, CI: -29.46, -22.22)","-203.39 (11.68, CI: -227.1, -181.33)","2.35",NA,"Yes"
"61","0.19 (0.37, CI: -0.52, 0.91)","-3.91 (0.37, CI: -4.65, -3.19)","-7.82 (0.5, CI: -8.8, -6.83)","-11.36 (0.62, CI: -12.58, -10.14)","-14.4 (0.72, CI: -15.85, -13.02)","-17 (0.86, CI: -18.72, -15.35)","-19.17 (1, CI: -21.24, -17.32)","-20.97 (1.12, CI: -23.16, -18.75)","-22.41 (1.27, CI: -24.83, -19.85)","-23.55 (1.44, CI: -26.25, -20.62)","-24.43 (1.57, CI: -27.29, -21.14)","-25.1 (1.7, CI: -28.32, -21.67)","-25.67 (1.85, CI: -29.15, -21.91)","-202.9 (11.56, CI: -224.86, -179.53)","0.98",NA,"Yes"
"116","0.03 (0.2, CI: -0.38, 0.42)","-0.69 (0.22, CI: -1.13, -0.27)","-1.3 (0.36, CI: -2.02, -0.62)","-1.7 (0.47, CI: -2.68, -0.82)","-1.86 (0.58, CI: -3.06, -0.77)","-1.91 (0.7, CI: -3.39, -0.66)","-2.03 (0.78, CI: -3.68, -0.63)","-2.27 (0.83, CI: -4, -0.75)","-2.52 (0.88, CI: -4.32, -0.86)","-2.65 (0.95, CI: -4.41, -0.69)","-2.57 (1, CI: -4.53, -0.62)","-2.3 (1.04, CI: -4.32, -0.22)","-1.95 (1.12, CI: -4.2, 0.18)","-22.73 (7.78, CI: -38.62, -8.12)","0.17",NA,"Yes"
"38","0.04 (0.28, CI: -0.53, 0.57)","-0.71 (0.27, CI: -1.22, -0.15)","-1.35 (0.37, CI: -2.05, -0.62)","-1.74 (0.44, CI: -2.6, -0.87)","-1.87 (0.5, CI: -2.83, -0.87)","-1.88 (0.61, CI: -3.01, -0.62)","-1.97 (0.71, CI: -3.36, -0.57)","-2.19 (0.78, CI: -3.66, -0.59)","-2.45 (0.87, CI: -4.24, -0.83)","-2.62 (0.98, CI: -4.47, -0.63)","-2.62 (1.08, CI: -4.71, -0.49)","-2.48 (1.16, CI: -4.7, -0.14)","-2.24 (1.27, CI: -4.69, 0.29)","-23.01 (7.86, CI: -38.66, -7.86)","0.54",NA,"Yes"
"73","0.07 (0.42, CI: -0.73, 0.9)","-4.13 (0.38, CI: -4.85, -3.38)","-8.01 (0.48, CI: -8.95, -7.09)","-11.32 (0.57, CI: -12.48, -10.26)","-14.18 (0.69, CI: -15.51, -12.83)","-16.71 (0.82, CI: -18.36, -15.15)","-18.96 (0.95, CI: -20.99, -17.25)","-20.9 (1.1, CI: -23.15, -18.84)","-22.49 (1.24, CI: -24.93, -20.06)","-23.73 (1.38, CI: -26.39, -20.98)","-24.61 (1.51, CI: -27.69, -21.77)","-25.25 (1.64, CI: -28.44, -22.01)","-25.72 (1.79, CI: -29.26, -22.26)","-203.24 (11.29, CI: -227.01, -182.74)","2.34",NA,"Yes"
"74","-0.05 (0.33, CI: -0.72, 0.56)","-0.8 (0.29, CI: -1.39, -0.25)","-1.33 (0.36, CI: -2.06, -0.65)","-1.52 (0.41, CI: -2.3, -0.68)","-1.58 (0.5, CI: -2.53, -0.58)","-1.74 (0.58, CI: -2.86, -0.57)","-2.01 (0.66, CI: -3.29, -0.69)","-2.32 (0.76, CI: -3.76, -0.78)","-2.57 (0.86, CI: -4.2, -0.81)","-2.69 (0.96, CI: -4.55, -0.78)","-2.66 (1.05, CI: -4.66, -0.54)","-2.54 (1.14, CI: -4.7, -0.21)","-2.34 (1.26, CI: -4.85, 0.09)","-22.92 (7.92, CI: -38.06, -6.99)","1.8",NA,"Yes"
"37","0.19 (0.37, CI: -0.54, 0.93)","-3.91 (0.37, CI: -4.64, -3.18)","-7.81 (0.5, CI: -8.79, -6.82)","-11.36 (0.62, CI: -12.57, -10.13)","-14.4 (0.72, CI: -15.73, -12.91)","-16.98 (0.87, CI: -18.63, -15.22)","-19.16 (1.01, CI: -21.06, -17.1)","-20.95 (1.14, CI: -23.1, -18.62)","-22.39 (1.28, CI: -24.91, -19.88)","-23.53 (1.44, CI: -26.2, -20.56)","-24.4 (1.58, CI: -27.42, -21.23)","-25.07 (1.72, CI: -28.16, -21.44)","-25.59 (1.84, CI: -29.13, -21.92)","-202.67 (11.63, CI: -223.96, -178.37)","0.98",NA,"Yes"
"79","0.05 (0.26, CI: -0.46, 0.55)","-4.14 (0.28, CI: -4.7, -3.6)","-8.01 (0.47, CI: -8.98, -7.15)","-11.34 (0.64, CI: -12.66, -10.15)","-14.22 (0.8, CI: -15.75, -12.61)","-16.76 (0.96, CI: -18.54, -14.8)","-19.01 (1.08, CI: -21.12, -16.87)","-20.96 (1.18, CI: -23.19, -18.55)","-22.56 (1.27, CI: -24.94, -19.94)","-23.76 (1.34, CI: -26.22, -20.95)","-24.67 (1.41, CI: -27.29, -21.75)","-25.34 (1.48, CI: -28.27, -22.46)","-25.82 (1.57, CI: -28.89, -22.72)","-203.69 (11.44, CI: -224.36, -179.51)","0.95",NA,"Yes"
"86","0.03 (0.28, CI: -0.53, 0.58)","-0.71 (0.26, CI: -1.22, -0.2)","-1.33 (0.36, CI: -2.07, -0.65)","-1.72 (0.44, CI: -2.59, -0.87)","-1.85 (0.5, CI: -2.89, -0.92)","-1.87 (0.62, CI: -3.03, -0.6)","-1.96 (0.73, CI: -3.31, -0.44)","-2.18 (0.81, CI: -3.67, -0.49)","-2.43 (0.91, CI: -4.22, -0.65)","-2.59 (1.03, CI: -4.6, -0.56)","-2.59 (1.13, CI: -4.73, -0.31)","-2.44 (1.21, CI: -4.9, -0.15)","-2.19 (1.33, CI: -4.98, 0.24)","-22.76 (8.08, CI: -38.35, -6.69)","0.52",NA,"No"
"109","0.19 (0.37, CI: -0.57, 0.88)","-3.9 (0.37, CI: -4.64, -3.19)","-7.81 (0.5, CI: -8.78, -6.81)","-11.35 (0.62, CI: -12.56, -10.11)","-14.4 (0.71, CI: -15.83, -13.04)","-16.98 (0.86, CI: -18.65, -15.29)","-19.16 (1.01, CI: -21.02, -17.07)","-20.94 (1.12, CI: -23.13, -18.73)","-22.38 (1.26, CI: -24.75, -19.8)","-23.52 (1.43, CI: -26.23, -20.64)","-24.39 (1.57, CI: -27.46, -21.3)","-25.07 (1.7, CI: -28.43, -21.76)","-25.6 (1.85, CI: -29.15, -21.91)","-202.62 (11.62, CI: -224.15, -178.59)","0.98",NA,"Yes"
"121","0.06 (0.41, CI: -0.78, 0.84)","-4.14 (0.39, CI: -4.86, -3.35)","-8.01 (0.47, CI: -8.94, -7.09)","-11.34 (0.57, CI: -12.42, -10.2)","-14.21 (0.68, CI: -15.6, -12.92)","-16.76 (0.81, CI: -18.39, -15.2)","-19.01 (0.95, CI: -20.95, -17.23)","-20.94 (1.1, CI: -23.07, -18.75)","-22.54 (1.25, CI: -24.91, -20)","-23.77 (1.39, CI: -26.53, -21.06)","-24.67 (1.53, CI: -27.62, -21.64)","-25.32 (1.66, CI: -28.61, -22.11)","-25.8 (1.81, CI: -29.35, -22.28)","-203.58 (11.4, CI: -226, -181.33)","2.34",NA,"Yes"
"55","0.05 (0.26, CI: -0.43, 0.57)","-4.15 (0.28, CI: -4.72, -3.63)","-8.03 (0.45, CI: -8.89, -7.11)","-11.36 (0.61, CI: -12.53, -10.12)","-14.24 (0.78, CI: -15.76, -12.7)","-16.78 (0.92, CI: -18.62, -15.02)","-19.04 (1.03, CI: -21.15, -17.1)","-20.98 (1.13, CI: -23.19, -18.75)","-22.57 (1.22, CI: -24.94, -20.16)","-23.8 (1.29, CI: -26.25, -21.19)","-24.71 (1.37, CI: -27.4, -22.04)","-25.35 (1.44, CI: -28.34, -22.69)","-25.81 (1.52, CI: -28.68, -22.74)","-203.88 (10.93, CI: -226.86, -184.01)","0.95",NA,"Yes"
"104","-0.05 (0.22, CI: -0.5, 0.36)","-0.79 (0.21, CI: -1.22, -0.39)","-1.3 (0.34, CI: -1.98, -0.64)","-1.48 (0.45, CI: -2.34, -0.59)","-1.53 (0.55, CI: -2.66, -0.49)","-1.69 (0.64, CI: -2.96, -0.45)","-1.99 (0.71, CI: -3.4, -0.6)","-2.32 (0.78, CI: -3.91, -0.87)","-2.57 (0.84, CI: -4.23, -0.95)","-2.64 (0.9, CI: -4.43, -0.9)","-2.5 (0.95, CI: -4.34, -0.62)","-2.23 (1, CI: -4.19, -0.25)","-1.87 (1.1, CI: -4.09, 0.21)","-21.99 (7.36, CI: -36.54, -7.68)","0.67",NA,"Yes"
"80","-0.05 (0.22, CI: -0.49, 0.36)","-0.79 (0.21, CI: -1.22, -0.41)","-1.31 (0.33, CI: -2, -0.71)","-1.49 (0.44, CI: -2.37, -0.66)","-1.53 (0.55, CI: -2.56, -0.4)","-1.7 (0.63, CI: -2.98, -0.49)","-2.02 (0.7, CI: -3.45, -0.7)","-2.34 (0.77, CI: -3.9, -0.89)","-2.58 (0.83, CI: -4.11, -0.87)","-2.66 (0.87, CI: -4.38, -0.95)","-2.53 (0.93, CI: -4.37, -0.73)","-2.26 (1, CI: -4.32, -0.39)","-1.9 (1.1, CI: -4, 0.3)","-22.11 (7.25, CI: -36.66, -8.25)","0.66",NA,"Yes"
"134","0.03 (0.28, CI: -0.54, 0.57)","-0.71 (0.27, CI: -1.24, -0.19)","-1.34 (0.37, CI: -2.09, -0.66)","-1.74 (0.44, CI: -2.64, -0.9)","-1.88 (0.5, CI: -2.87, -0.91)","-1.9 (0.6, CI: -3.06, -0.71)","-1.99 (0.69, CI: -3.3, -0.58)","-2.22 (0.77, CI: -3.77, -0.77)","-2.48 (0.87, CI: -4.29, -0.87)","-2.66 (0.99, CI: -4.59, -0.71)","-2.66 (1.08, CI: -4.78, -0.54)","-2.51 (1.16, CI: -4.87, -0.31)","-2.27 (1.26, CI: -4.71, 0.23)","-23.23 (7.7, CI: -37.88, -7.7)","0.54",NA,"Yes"
"122","-0.06 (0.32, CI: -0.73, 0.55)","-0.79 (0.29, CI: -1.36, -0.2)","-1.31 (0.36, CI: -2.01, -0.6)","-1.5 (0.41, CI: -2.3, -0.71)","-1.55 (0.48, CI: -2.52, -0.62)","-1.71 (0.58, CI: -2.85, -0.58)","-1.98 (0.67, CI: -3.21, -0.57)","-2.29 (0.77, CI: -3.77, -0.76)","-2.53 (0.88, CI: -4.19, -0.73)","-2.65 (0.98, CI: -4.58, -0.75)","-2.61 (1.06, CI: -4.61, -0.45)","-2.47 (1.15, CI: -4.73, -0.24)","-2.27 (1.25, CI: -4.79, 0.1)","-22.44 (7.9, CI: -38.15, -7.2)","1.8",NA,"Yes"
"31","0.05 (0.25, CI: -0.44, 0.55)","-4.16 (0.28, CI: -4.7, -3.62)","-8.05 (0.45, CI: -8.92, -7.16)","-11.4 (0.61, CI: -12.63, -10.24)","-14.28 (0.76, CI: -15.83, -12.85)","-16.84 (0.9, CI: -18.77, -15.24)","-19.1 (1.01, CI: -21.2, -17.23)","-21.06 (1.11, CI: -23.31, -18.96)","-22.66 (1.21, CI: -24.98, -20.25)","-23.9 (1.3, CI: -26.38, -21.29)","-24.81 (1.38, CI: -27.45, -22.04)","-25.48 (1.45, CI: -28.29, -22.59)","-25.97 (1.54, CI: -29.04, -22.99)","-204.75 (10.8, CI: -225.89, -183.53)","0.95",NA,"Yes"
"56","-0.05 (0.22, CI: -0.52, 0.36)","-0.78 (0.21, CI: -1.19, -0.38)","-1.3 (0.33, CI: -1.97, -0.67)","-1.48 (0.45, CI: -2.4, -0.65)","-1.52 (0.56, CI: -2.63, -0.44)","-1.69 (0.66, CI: -2.94, -0.37)","-2 (0.72, CI: -3.41, -0.57)","-2.33 (0.78, CI: -3.85, -0.78)","-2.56 (0.84, CI: -4.2, -0.89)","-2.62 (0.9, CI: -4.35, -0.81)","-2.48 (0.96, CI: -4.33, -0.59)","-2.21 (1.02, CI: -4.21, -0.21)","-1.85 (1.12, CI: -3.96, 0.43)","-21.98 (7.48, CI: -36.38, -7.06)","0.64",NA,"Yes"
"32","-0.05 (0.22, CI: -0.47, 0.39)","-0.79 (0.22, CI: -1.21, -0.36)","-1.31 (0.34, CI: -2.01, -0.67)","-1.49 (0.45, CI: -2.37, -0.62)","-1.54 (0.55, CI: -2.62, -0.45)","-1.71 (0.64, CI: -3, -0.49)","-2.02 (0.7, CI: -3.43, -0.68)","-2.34 (0.76, CI: -3.83, -0.83)","-2.59 (0.83, CI: -4.13, -0.88)","-2.66 (0.88, CI: -4.44, -0.99)","-2.53 (0.93, CI: -4.38, -0.74)","-2.25 (1, CI: -4.17, -0.26)","-1.89 (1.09, CI: -4.01, 0.25)","-22.22 (7.33, CI: -36.38, -7.63)","0.66",NA,"Yes"
"164","-0.02 (0.29, CI: -0.61, 0.55)","-0.73 (0.25, CI: -1.24, -0.25)","-1.25 (0.32, CI: -1.9, -0.64)","-1.62 (0.4, CI: -2.39, -0.87)","-1.86 (0.47, CI: -2.77, -0.95)","-2.02 (0.57, CI: -3.13, -0.92)","-2.16 (0.66, CI: -3.43, -0.85)","-2.29 (0.76, CI: -3.78, -0.78)","-2.41 (0.87, CI: -4.11, -0.7)","-2.51 (0.99, CI: -4.44, -0.54)","-2.54 (1.09, CI: -4.68, -0.36)","-2.5 (1.19, CI: -4.8, -0.1)","-2.35 (1.3, CI: -4.85, 0.22)","-23.08 (7.7, CI: -37.94, -8)","0.48","0.79","Yes"
"50","-0.06 (0.33, CI: -0.66, 0.63)","-0.79 (0.29, CI: -1.38, -0.24)","-1.32 (0.35, CI: -1.98, -0.6)","-1.5 (0.41, CI: -2.3, -0.68)","-1.56 (0.48, CI: -2.53, -0.63)","-1.72 (0.57, CI: -2.88, -0.63)","-1.99 (0.66, CI: -3.33, -0.74)","-2.29 (0.76, CI: -3.88, -0.9)","-2.53 (0.86, CI: -4.34, -0.96)","-2.64 (0.96, CI: -4.62, -0.84)","-2.61 (1.05, CI: -4.78, -0.66)","-2.47 (1.13, CI: -4.85, -0.41)","-2.27 (1.23, CI: -4.76, 0.07)","-22.55 (7.84, CI: -38.53, -7.81)","1.8",NA,"Yes"
"152","-0.02 (0.3, CI: -0.6, 0.57)","-0.73 (0.26, CI: -1.24, -0.24)","-1.26 (0.33, CI: -1.91, -0.6)","-1.62 (0.41, CI: -2.41, -0.79)","-1.85 (0.5, CI: -2.81, -0.89)","-2.01 (0.6, CI: -3.2, -0.84)","-2.14 (0.7, CI: -3.55, -0.75)","-2.28 (0.81, CI: -3.88, -0.7)","-2.4 (0.92, CI: -4.22, -0.61)","-2.49 (1.03, CI: -4.57, -0.49)","-2.52 (1.14, CI: -4.81, -0.33)","-2.47 (1.25, CI: -4.98, -0.03)","-2.32 (1.36, CI: -5.02, 0.4)","-22.96 (8.13, CI: -39.23, -7.19)","0.48","0.79","Yes"
"128","-0.05 (0.22, CI: -0.49, 0.37)","-0.81 (0.21, CI: -1.21, -0.39)","-1.34 (0.34, CI: -2.02, -0.7)","-1.54 (0.45, CI: -2.46, -0.7)","-1.59 (0.56, CI: -2.69, -0.51)","-1.77 (0.65, CI: -3.1, -0.56)","-2.08 (0.72, CI: -3.54, -0.73)","-2.41 (0.77, CI: -3.95, -0.93)","-2.66 (0.82, CI: -4.29, -1.06)","-2.73 (0.89, CI: -4.59, -1.11)","-2.6 (0.94, CI: -4.48, -0.82)","-2.32 (1, CI: -4.27, -0.35)","-1.95 (1.1, CI: -4.15, 0.15)","-22.88 (7.41, CI: -37.25, -8.19)","0.65",NA,"Yes"
"44","0.04 (0.2, CI: -0.36, 0.42)","-0.69 (0.22, CI: -1.13, -0.27)","-1.32 (0.35, CI: -2.04, -0.66)","-1.72 (0.48, CI: -2.68, -0.81)","-1.88 (0.58, CI: -3, -0.72)","-1.95 (0.7, CI: -3.3, -0.55)","-2.08 (0.8, CI: -3.61, -0.49)","-2.31 (0.85, CI: -3.98, -0.65)","-2.54 (0.9, CI: -4.38, -0.86)","-2.67 (0.95, CI: -4.39, -0.66)","-2.58 (0.99, CI: -4.51, -0.63)","-2.33 (1.05, CI: -4.37, -0.27)","-1.96 (1.13, CI: -4.17, 0.27)","-23.05 (7.9, CI: -38.07, -7.09)","0.17",NA,"Yes"
"43","0.2 (0.25, CI: -0.29, 0.67)","-3.87 (0.28, CI: -4.42, -3.34)","-7.78 (0.46, CI: -8.63, -6.83)","-11.33 (0.62, CI: -12.56, -10.12)","-14.4 (0.78, CI: -16.03, -12.97)","-17.02 (0.93, CI: -18.87, -15.24)","-19.21 (1.06, CI: -21.25, -17.09)","-20.97 (1.15, CI: -23.22, -18.7)","-22.4 (1.24, CI: -24.86, -20.02)","-23.52 (1.31, CI: -26.13, -21.02)","-24.42 (1.38, CI: -27, -21.61)","-25.13 (1.44, CI: -27.94, -22.31)","-25.72 (1.5, CI: -28.66, -22.77)","-202.68 (10.97, CI: -224.74, -181.74)","0.22",NA,"Yes"
"98","-0.06 (0.33, CI: -0.72, 0.57)","-0.79 (0.29, CI: -1.34, -0.21)","-1.32 (0.36, CI: -2, -0.61)","-1.52 (0.41, CI: -2.31, -0.71)","-1.57 (0.5, CI: -2.62, -0.68)","-1.72 (0.59, CI: -2.93, -0.63)","-2 (0.67, CI: -3.38, -0.76)","-2.31 (0.77, CI: -3.83, -0.8)","-2.55 (0.88, CI: -4.27, -0.84)","-2.67 (0.97, CI: -4.58, -0.78)","-2.64 (1.06, CI: -4.69, -0.55)","-2.5 (1.14, CI: -4.79, -0.32)","-2.3 (1.24, CI: -4.69, 0.18)","-22.78 (7.89, CI: -39.38, -8.43)","1.8",NA,"Yes"
"176","-0.02 (0.29, CI: -0.59, 0.55)","-0.72 (0.26, CI: -1.23, -0.24)","-1.25 (0.33, CI: -1.91, -0.6)","-1.61 (0.4, CI: -2.4, -0.82)","-1.84 (0.48, CI: -2.78, -0.89)","-2.01 (0.58, CI: -3.11, -0.85)","-2.14 (0.68, CI: -3.45, -0.77)","-2.27 (0.78, CI: -3.78, -0.72)","-2.39 (0.9, CI: -4.12, -0.62)","-2.48 (1.01, CI: -4.43, -0.5)","-2.52 (1.12, CI: -4.69, -0.32)","-2.47 (1.22, CI: -4.83, -0.09)","-2.31 (1.34, CI: -4.93, 0.27)","-22.85 (7.92, CI: -38.2, -7.13)","0.5","0.79","Yes"
"133","0.2 (0.38, CI: -0.6, 0.89)","-3.89 (0.37, CI: -4.58, -3.14)","-7.81 (0.49, CI: -8.75, -6.84)","-11.35 (0.6, CI: -12.54, -10.18)","-14.39 (0.71, CI: -15.85, -13.05)","-16.99 (0.87, CI: -18.67, -15.27)","-19.15 (1.02, CI: -21.02, -17.03)","-20.94 (1.13, CI: -23.18, -18.75)","-22.38 (1.27, CI: -24.99, -20.02)","-23.51 (1.43, CI: -26.35, -20.76)","-24.39 (1.55, CI: -27.29, -21.2)","-25.04 (1.66, CI: -28.27, -21.76)","-25.59 (1.83, CI: -28.96, -21.78)","-202.55 (11.44, CI: -224.73, -179.86)","0.97",NA,"Yes"
"127","0.04 (0.25, CI: -0.44, 0.55)","-4.14 (0.29, CI: -4.72, -3.58)","-8.01 (0.47, CI: -8.95, -7.11)","-11.35 (0.65, CI: -12.65, -10.11)","-14.21 (0.81, CI: -15.82, -12.63)","-16.75 (0.96, CI: -18.55, -14.8)","-19.01 (1.07, CI: -21.07, -16.86)","-20.94 (1.16, CI: -23.18, -18.62)","-22.53 (1.24, CI: -24.93, -20.07)","-23.76 (1.32, CI: -26.39, -21.22)","-24.67 (1.38, CI: -27.3, -21.91)","-25.35 (1.45, CI: -28.04, -22.35)","-25.84 (1.54, CI: -28.74, -22.7)","-203.63 (11.25, CI: -225.64, -181.52)","0.94",NA,"Yes"
"103","0.05 (0.25, CI: -0.45, 0.55)","-4.15 (0.28, CI: -4.73, -3.62)","-8.03 (0.46, CI: -8.97, -7.15)","-11.37 (0.64, CI: -12.66, -10.16)","-14.25 (0.82, CI: -15.86, -12.66)","-16.8 (0.96, CI: -18.74, -14.98)","-19.06 (1.07, CI: -21.17, -16.98)","-21.01 (1.17, CI: -23.33, -18.75)","-22.6 (1.25, CI: -25.16, -20.28)","-23.83 (1.32, CI: -26.53, -21.34)","-24.74 (1.38, CI: -27.41, -22.02)","-25.39 (1.45, CI: -28.16, -22.46)","-25.89 (1.53, CI: -28.84, -22.84)","-204.19 (11.23, CI: -225.89, -181.87)","0.94",NA,"Yes"
"200","-0.02 (0.29, CI: -0.57, 0.56)","-0.74 (0.26, CI: -1.25, -0.25)","-1.26 (0.33, CI: -1.92, -0.62)","-1.62 (0.41, CI: -2.43, -0.84)","-1.85 (0.49, CI: -2.84, -0.92)","-2.01 (0.59, CI: -3.19, -0.9)","-2.14 (0.69, CI: -3.49, -0.85)","-2.28 (0.79, CI: -3.84, -0.77)","-2.39 (0.91, CI: -4.18, -0.71)","-2.48 (1.03, CI: -4.5, -0.6)","-2.52 (1.14, CI: -4.76, -0.4)","-2.47 (1.25, CI: -4.94, -0.18)","-2.31 (1.35, CI: -4.97, 0.23)","-22.93 (8.06, CI: -39.02, -8)","0.49","0.79","Yes"
"163","0.25 (0.38, CI: -0.51, 0.98)","-4.23 (0.36, CI: -4.93, -3.53)","-8.1 (0.47, CI: -9.03, -7.19)","-11.46 (0.57, CI: -12.58, -10.37)","-14.41 (0.67, CI: -15.71, -13.12)","-16.97 (0.82, CI: -18.55, -15.4)","-19.13 (0.97, CI: -21.01, -17.24)","-20.93 (1.11, CI: -23.04, -18.72)","-22.44 (1.26, CI: -24.9, -19.93)","-23.74 (1.43, CI: -26.52, -20.85)","-24.82 (1.58, CI: -27.88, -21.63)","-25.57 (1.72, CI: -28.96, -22.14)","-25.92 (1.84, CI: -29.52, -22.24)","-204.62 (11.2, CI: -226.26, -182.1)","0.98","1.1","Yes"
"187","0.25 (0.37, CI: -0.46, 0.98)","-4.23 (0.36, CI: -4.9, -3.5)","-8.09 (0.48, CI: -9.01, -7.15)","-11.45 (0.57, CI: -12.55, -10.32)","-14.39 (0.68, CI: -15.7, -13.08)","-16.93 (0.82, CI: -18.53, -15.37)","-19.09 (0.96, CI: -20.95, -17.25)","-20.88 (1.1, CI: -23.06, -18.74)","-22.39 (1.26, CI: -24.86, -19.89)","-23.69 (1.43, CI: -26.49, -20.85)","-24.76 (1.59, CI: -27.85, -21.61)","-25.52 (1.73, CI: -28.85, -22.08)","-25.84 (1.85, CI: -29.4, -22.17)","-204.22 (11.24, CI: -225.98, -181.77)","0.97","1.1","Yes"
"175","0.25 (0.38, CI: -0.5, 1)","-4.23 (0.36, CI: -4.92, -3.52)","-8.09 (0.47, CI: -9.01, -7.18)","-11.45 (0.56, CI: -12.58, -10.37)","-14.39 (0.67, CI: -15.74, -13.13)","-16.93 (0.81, CI: -18.59, -15.4)","-19.08 (0.95, CI: -21.01, -17.29)","-20.88 (1.08, CI: -23.01, -18.86)","-22.38 (1.23, CI: -24.83, -20.01)","-23.68 (1.38, CI: -26.41, -21.02)","-24.75 (1.54, CI: -27.84, -21.77)","-25.5 (1.68, CI: -28.85, -22.23)","-25.83 (1.82, CI: -29.43, -22.39)","-204.15 (10.95, CI: -226.36, -183.27)","0.97","1.1","Yes"
"151","0.25 (0.38, CI: -0.5, 0.99)","-4.22 (0.36, CI: -4.93, -3.54)","-8.08 (0.46, CI: -8.98, -7.17)","-11.44 (0.55, CI: -12.49, -10.33)","-14.37 (0.65, CI: -15.63, -13.1)","-16.91 (0.78, CI: -18.48, -15.4)","-19.07 (0.92, CI: -20.93, -17.29)","-20.86 (1.05, CI: -23.01, -18.82)","-22.36 (1.19, CI: -24.78, -20.1)","-23.65 (1.34, CI: -26.33, -21.1)","-24.72 (1.49, CI: -27.67, -21.87)","-25.47 (1.62, CI: -28.69, -22.36)","-25.8 (1.75, CI: -29.3, -22.46)","-203.93 (10.6, CI: -225.5, -183.12)","0.98","1.09","Yes"
"188","-0.03 (0.3, CI: -0.62, 0.55)","-0.73 (0.26, CI: -1.25, -0.24)","-1.25 (0.33, CI: -1.9, -0.61)","-1.61 (0.4, CI: -2.4, -0.85)","-1.85 (0.47, CI: -2.79, -0.92)","-2.01 (0.57, CI: -3.16, -0.89)","-2.14 (0.67, CI: -3.45, -0.82)","-2.27 (0.77, CI: -3.79, -0.78)","-2.39 (0.88, CI: -4.05, -0.69)","-2.48 (0.99, CI: -4.38, -0.56)","-2.52 (1.1, CI: -4.59, -0.36)","-2.47 (1.2, CI: -4.78, -0.09)","-2.3 (1.32, CI: -4.89, 0.34)","-22.89 (7.77, CI: -37.93, -7.83)","0.5","0.79","Yes"
"199","0.25 (0.39, CI: -0.5, 1.02)","-4.23 (0.36, CI: -4.95, -3.5)","-8.09 (0.47, CI: -9.02, -7.18)","-11.45 (0.56, CI: -12.58, -10.39)","-14.4 (0.67, CI: -15.7, -13.1)","-16.94 (0.81, CI: -18.52, -15.33)","-19.09 (0.95, CI: -20.96, -17.19)","-20.87 (1.09, CI: -23, -18.73)","-22.37 (1.24, CI: -24.85, -19.95)","-23.67 (1.4, CI: -26.41, -20.96)","-24.74 (1.55, CI: -27.84, -21.72)","-25.49 (1.69, CI: -28.82, -22.16)","-25.82 (1.81, CI: -29.42, -22.21)","-204.12 (11.02, CI: -225.96, -182.25)","0.97","1.09","Yes"
"90","-1.5 (1.38, CI: -4.33, 1.09)","-2.37 (1.21, CI: -4.76, -0.03)","-3.22 (1.16, CI: -5.6, -1.05)","-3.99 (1.13, CI: -6.27, -1.85)","-4.75 (1.18, CI: -7.04, -2.44)","-5.52 (1.27, CI: -8.03, -3.05)","-6.36 (1.4, CI: -9.24, -3.78)","-7.14 (1.55, CI: -10.12, -4.03)","-7.75 (1.76, CI: -11.02, -4.13)","-8.07 (1.97, CI: -11.86, -4.15)","-8.15 (2.18, CI: -12.49, -3.94)","-8 (2.41, CI: -12.59, -3.12)","-7.71 (2.67, CI: -13.01, -2.52)","-70.09 (16.49, CI: -102.42, -37.78)","10",NA,"Yes"
"126","-1.55 (1.34, CI: -4.28, 0.98)","-2.43 (1.18, CI: -4.75, -0.13)","-3.24 (1.1, CI: -5.43, -1.1)","-4.01 (1.12, CI: -6.13, -1.74)","-4.76 (1.14, CI: -6.95, -2.47)","-5.55 (1.24, CI: -7.89, -3.02)","-6.39 (1.37, CI: -9, -3.62)","-7.17 (1.56, CI: -10.2, -4.09)","-7.78 (1.77, CI: -11.27, -4.33)","-8.08 (1.98, CI: -11.89, -4.11)","-8.15 (2.22, CI: -12.51, -3.82)","-7.96 (2.45, CI: -12.51, -2.9)","-7.66 (2.73, CI: -13.05, -2.34)","-70.17 (16.35, CI: -101.58, -37.49)","10.02",NA,"Yes"
"88","-0.91 (1.07, CI: -2.98, 1.2)","-1.91 (0.94, CI: -3.71, -0.04)","-2.77 (0.92, CI: -4.64, -1.05)","-3.39 (0.92, CI: -5.2, -1.58)","-3.85 (1, CI: -5.86, -1.92)","-4.34 (1.16, CI: -6.7, -2.14)","-5 (1.33, CI: -7.6, -2.39)","-5.67 (1.5, CI: -8.44, -2.55)","-6.17 (1.72, CI: -9.61, -2.86)","-6.4 (1.93, CI: -10.29, -2.71)","-6.32 (2.14, CI: -10.46, -2.06)","-6.01 (2.36, CI: -10.57, -1.33)","-5.53 (2.61, CI: -10.76, -0.53)","-55.14 (15.66, CI: -85.92, -24.54)","7.56",NA,"Yes"
"100","-0.7 (0.94, CI: -2.57, 1.12)","-1.66 (0.77, CI: -3.16, -0.13)","-2.48 (0.77, CI: -4.05, -1.05)","-3.06 (0.79, CI: -4.57, -1.49)","-3.51 (0.86, CI: -5.14, -1.77)","-4.08 (1, CI: -5.98, -2.05)","-4.8 (1.15, CI: -6.84, -2.35)","-5.49 (1.32, CI: -7.92, -2.73)","-6.05 (1.51, CI: -8.81, -2.89)","-6.29 (1.7, CI: -9.33, -2.67)","-6.2 (1.87, CI: -9.69, -2.35)","-5.86 (2.07, CI: -9.83, -1.71)","-5.35 (2.28, CI: -9.74, -0.79)","-52.43 (13.69, CI: -78.14, -24.46)","6.22",NA,"Yes"
"78","-1.5 (1.38, CI: -4.33, 1.09)","-2.37 (1.21, CI: -4.76, -0.03)","-3.22 (1.16, CI: -5.6, -1.05)","-3.99 (1.13, CI: -6.27, -1.85)","-4.75 (1.18, CI: -7.04, -2.44)","-5.52 (1.27, CI: -8.03, -3.05)","-6.36 (1.4, CI: -9.24, -3.78)","-7.14 (1.55, CI: -10.12, -4.03)","-7.75 (1.76, CI: -11.02, -4.13)","-8.07 (1.97, CI: -11.86, -4.15)","-8.15 (2.18, CI: -12.49, -3.94)","-8 (2.41, CI: -12.59, -3.12)","-7.71 (2.67, CI: -13.01, -2.52)","-70.09 (16.49, CI: -102.42, -37.78)","10",NA,"Yes"
"64","-0.91 (1.06, CI: -2.97, 1.19)","-1.92 (0.94, CI: -3.66, 0.02)","-2.8 (0.92, CI: -4.64, -1.03)","-3.41 (0.93, CI: -5.24, -1.59)","-3.86 (0.99, CI: -5.8, -1.9)","-4.36 (1.11, CI: -6.53, -2.18)","-5 (1.26, CI: -7.45, -2.51)","-5.66 (1.41, CI: -8.44, -2.91)","-6.19 (1.59, CI: -9.19, -2.95)","-6.43 (1.78, CI: -9.77, -2.8)","-6.36 (1.98, CI: -10.13, -2.37)","-6.06 (2.2, CI: -10.34, -1.73)","-5.59 (2.45, CI: -10.34, -0.72)","-55.21 (14.77, CI: -83.53, -25.64)","7.55",NA,"Yes"
"42","-1.4 (1.37, CI: -4.08, 1.28)","-2.27 (1.21, CI: -4.76, -0.01)","-3.12 (1.14, CI: -5.26, -0.81)","-3.92 (1.13, CI: -6.21, -1.79)","-4.69 (1.17, CI: -7.03, -2.44)","-5.52 (1.3, CI: -8.08, -2.97)","-6.38 (1.45, CI: -9.1, -3.43)","-7.16 (1.61, CI: -10.11, -3.79)","-7.76 (1.81, CI: -11.22, -4.11)","-8.09 (2.03, CI: -12.16, -4.2)","-8.16 (2.23, CI: -12.51, -3.76)","-8.03 (2.46, CI: -12.92, -3.27)","-7.73 (2.73, CI: -13.06, -2.35)","-69.81 (17.15, CI: -104.02, -36.79)","10.04",NA,"Yes"
"112","-0.93 (1.06, CI: -2.9, 1.27)","-1.93 (0.91, CI: -3.74, -0.16)","-2.8 (0.9, CI: -4.49, -0.97)","-3.4 (0.9, CI: -5.19, -1.64)","-3.87 (0.99, CI: -5.84, -1.98)","-4.35 (1.13, CI: -6.73, -2.29)","-5 (1.27, CI: -7.64, -2.67)","-5.66 (1.44, CI: -8.65, -2.99)","-6.16 (1.64, CI: -9.6, -3.18)","-6.4 (1.84, CI: -10.3, -3.1)","-6.31 (2.05, CI: -10.7, -2.65)","-6 (2.27, CI: -10.8, -1.9)","-5.54 (2.51, CI: -10.66, -0.82)","-55.11 (15.09, CI: -86.49, -27.36)","7.56",NA,"Yes"
"102","-1.5 (1.43, CI: -4.31, 1.28)","-2.38 (1.24, CI: -4.79, 0.07)","-3.22 (1.17, CI: -5.4, -0.81)","-3.98 (1.15, CI: -6.16, -1.67)","-4.71 (1.19, CI: -7.16, -2.51)","-5.48 (1.29, CI: -8.1, -3.03)","-6.29 (1.43, CI: -9.22, -3.59)","-7.07 (1.59, CI: -10.25, -4.04)","-7.65 (1.79, CI: -11.21, -4.2)","-7.96 (2.01, CI: -12.1, -4.24)","-8 (2.23, CI: -12.41, -3.67)","-7.85 (2.46, CI: -12.78, -3.13)","-7.54 (2.73, CI: -13.19, -2.49)","-68.99 (17.13, CI: -105.28, -38.14)","9.98",NA,"Yes"
"40","-0.99 (1.04, CI: -3.01, 1.07)","-1.98 (0.9, CI: -3.65, -0.1)","-2.8 (0.89, CI: -4.66, -1.19)","-3.4 (0.89, CI: -5.15, -1.65)","-3.83 (0.99, CI: -5.67, -1.79)","-4.32 (1.12, CI: -6.49, -2.1)","-4.93 (1.27, CI: -7.44, -2.48)","-5.56 (1.43, CI: -8.3, -2.7)","-6.05 (1.61, CI: -9.14, -2.84)","-6.24 (1.8, CI: -9.68, -2.62)","-6.13 (1.99, CI: -10.11, -2.33)","-5.8 (2.19, CI: -9.91, -1.34)","-5.3 (2.41, CI: -9.91, -0.47)","-54.13 (14.86, CI: -83.24, -25.01)","7.58",NA,"Yes"
"54","-1.44 (1.39, CI: -4.25, 1.22)","-2.31 (1.2, CI: -4.62, 0.09)","-3.16 (1.12, CI: -5.25, -0.87)","-3.95 (1.1, CI: -6.05, -1.74)","-4.72 (1.16, CI: -6.82, -2.26)","-5.53 (1.3, CI: -8, -2.91)","-6.36 (1.44, CI: -9.11, -3.47)","-7.13 (1.63, CI: -10.26, -3.86)","-7.73 (1.84, CI: -11.26, -4.04)","-8.04 (2.08, CI: -11.93, -3.79)","-8.1 (2.31, CI: -12.78, -3.74)","-7.93 (2.54, CI: -13.13, -3.17)","-7.61 (2.81, CI: -13.28, -2.24)","-69.8 (16.98, CI: -103.62, -37.06)","9.98",NA,"Yes"
"114","-1.5 (1.43, CI: -4.31, 1.28)","-2.38 (1.24, CI: -4.79, 0.07)","-3.22 (1.17, CI: -5.4, -0.81)","-3.98 (1.15, CI: -6.16, -1.67)","-4.71 (1.19, CI: -7.16, -2.51)","-5.48 (1.29, CI: -8.1, -3.03)","-6.29 (1.43, CI: -9.22, -3.59)","-7.07 (1.59, CI: -10.25, -4.04)","-7.65 (1.79, CI: -11.21, -4.2)","-7.96 (2.01, CI: -12.1, -4.24)","-8 (2.23, CI: -12.41, -3.67)","-7.85 (2.46, CI: -12.78, -3.13)","-7.54 (2.73, CI: -13.19, -2.49)","-68.99 (17.13, CI: -105.28, -38.14)","9.98",NA,"Yes"
"138","-1.55 (1.34, CI: -4.28, 0.98)","-2.43 (1.18, CI: -4.75, -0.13)","-3.24 (1.1, CI: -5.43, -1.1)","-4.01 (1.12, CI: -6.13, -1.74)","-4.76 (1.14, CI: -6.95, -2.47)","-5.55 (1.24, CI: -7.89, -3.02)","-6.39 (1.37, CI: -9, -3.62)","-7.17 (1.56, CI: -10.2, -4.09)","-7.78 (1.77, CI: -11.27, -4.33)","-8.08 (1.98, CI: -11.89, -4.11)","-8.15 (2.22, CI: -12.51, -3.82)","-7.96 (2.45, CI: -12.51, -2.9)","-7.66 (2.73, CI: -13.05, -2.34)","-70.17 (16.35, CI: -101.58, -37.49)","10.02",NA,"Yes"
"124","-0.74 (0.91, CI: -2.58, 1)","-1.67 (0.76, CI: -3.07, -0.08)","-2.45 (0.76, CI: -3.97, -1)","-2.99 (0.78, CI: -4.49, -1.43)","-3.42 (0.86, CI: -5.08, -1.71)","-3.93 (1, CI: -5.87, -1.95)","-4.59 (1.16, CI: -6.95, -2.42)","-5.26 (1.32, CI: -7.85, -2.67)","-5.77 (1.49, CI: -8.73, -2.88)","-5.98 (1.69, CI: -9.23, -2.62)","-5.87 (1.87, CI: -9.55, -2.21)","-5.5 (2.08, CI: -9.54, -1.4)","-4.95 (2.29, CI: -9.52, -0.55)","-50.28 (13.49, CI: -76.36, -23.5)","6.21",NA,"Yes"
"30","-1.4 (1.37, CI: -4.08, 1.28)","-2.27 (1.21, CI: -4.76, -0.01)","-3.12 (1.14, CI: -5.26, -0.81)","-3.92 (1.13, CI: -6.21, -1.79)","-4.69 (1.17, CI: -7.03, -2.44)","-5.52 (1.3, CI: -8.08, -2.97)","-6.38 (1.45, CI: -9.1, -3.43)","-7.16 (1.61, CI: -10.11, -3.79)","-7.76 (1.81, CI: -11.22, -4.11)","-8.09 (2.03, CI: -12.16, -4.2)","-8.16 (2.23, CI: -12.51, -3.76)","-8.03 (2.46, CI: -12.92, -3.27)","-7.73 (2.73, CI: -13.06, -2.35)","-69.81 (17.15, CI: -104.02, -36.79)","10.04",NA,"Yes"
"66","-1.44 (1.39, CI: -4.25, 1.22)","-2.31 (1.2, CI: -4.62, 0.09)","-3.16 (1.12, CI: -5.25, -0.87)","-3.95 (1.1, CI: -6.05, -1.74)","-4.72 (1.16, CI: -6.82, -2.26)","-5.53 (1.3, CI: -8, -2.91)","-6.36 (1.44, CI: -9.11, -3.47)","-7.13 (1.63, CI: -10.26, -3.86)","-7.73 (1.84, CI: -11.26, -4.04)","-8.04 (2.08, CI: -11.93, -3.79)","-8.1 (2.31, CI: -12.78, -3.74)","-7.93 (2.54, CI: -13.13, -3.17)","-7.61 (2.81, CI: -13.28, -2.24)","-69.8 (16.98, CI: -103.62, -37.06)","9.98",NA,"Yes"
"76","-0.71 (0.91, CI: -2.54, 1.04)","-1.65 (0.77, CI: -3.27, -0.24)","-2.44 (0.77, CI: -3.91, -0.88)","-2.98 (0.8, CI: -4.57, -1.42)","-3.43 (0.9, CI: -5.19, -1.66)","-3.97 (1.04, CI: -6, -1.91)","-4.63 (1.19, CI: -6.85, -2.18)","-5.3 (1.35, CI: -8.03, -2.71)","-5.81 (1.54, CI: -8.75, -2.73)","-6.01 (1.73, CI: -9.31, -2.53)","-5.9 (1.93, CI: -9.49, -1.94)","-5.52 (2.13, CI: -9.83, -1.5)","-4.99 (2.33, CI: -9.8, -0.67)","-50.56 (13.95, CI: -78.4, -23.72)","6.24",NA,"Yes"
"52","-0.71 (0.9, CI: -2.44, 1.08)","-1.63 (0.76, CI: -3.17, -0.2)","-2.43 (0.75, CI: -3.9, -0.94)","-2.97 (0.79, CI: -4.51, -1.42)","-3.39 (0.89, CI: -5.17, -1.69)","-3.91 (1.04, CI: -6.02, -1.96)","-4.58 (1.19, CI: -7.08, -2.4)","-5.26 (1.36, CI: -7.89, -2.57)","-5.79 (1.55, CI: -8.95, -2.89)","-6.01 (1.75, CI: -9.58, -2.73)","-5.89 (1.95, CI: -9.8, -2.16)","-5.5 (2.16, CI: -9.48, -1.04)","-4.96 (2.38, CI: -9.61, -0.28)","-50.13 (14.07, CI: -77.67, -22.51)","6.23",NA,"Yes"
"136","-0.92 (1.05, CI: -3.07, 1.06)","-1.92 (0.91, CI: -3.67, -0.13)","-2.77 (0.88, CI: -4.58, -1.13)","-3.38 (0.9, CI: -5.19, -1.67)","-3.86 (0.97, CI: -5.7, -1.91)","-4.35 (1.11, CI: -6.41, -2.06)","-4.99 (1.25, CI: -7.45, -2.53)","-5.62 (1.42, CI: -8.41, -2.83)","-6.12 (1.62, CI: -9.21, -2.87)","-6.32 (1.82, CI: -9.69, -2.58)","-6.23 (2.02, CI: -10.15, -2.23)","-5.93 (2.24, CI: -10.3, -1.52)","-5.44 (2.47, CI: -10.22, -0.55)","-55.05 (14.85, CI: -84.03, -25.82)","7.57",NA,"Yes"
"101","-4.35 (1.31, CI: -6.76, -1.64)","-7.18 (1.19, CI: -9.51, -4.86)","-10.06 (1.16, CI: -12.22, -7.69)","-13.01 (1.15, CI: -15.35, -10.84)","-15.99 (1.13, CI: -18.12, -13.68)","-18.79 (1.16, CI: -21.01, -16.47)","-21.23 (1.2, CI: -23.71, -19.01)","-23.2 (1.24, CI: -25.56, -20.7)","-24.78 (1.32, CI: -27.42, -22.25)","-26.01 (1.43, CI: -28.76, -23.16)","-26.97 (1.52, CI: -29.98, -24.03)","-27.74 (1.62, CI: -30.88, -24.53)","-28.34 (1.77, CI: -31.79, -24.86)","-231.41 (13.93, CI: -259.16, -204.54)","8.7",NA,"Yes"
"125","-4.37 (1.32, CI: -6.97, -1.79)","-7.21 (1.17, CI: -9.5, -4.93)","-10.1 (1.14, CI: -12.38, -7.92)","-13.05 (1.13, CI: -15.32, -10.9)","-16.04 (1.11, CI: -18.17, -13.8)","-18.84 (1.15, CI: -21.12, -16.62)","-21.28 (1.2, CI: -23.66, -18.97)","-23.26 (1.26, CI: -25.78, -20.85)","-24.85 (1.34, CI: -27.6, -22.35)","-26.09 (1.44, CI: -28.92, -23.26)","-27.06 (1.54, CI: -30.11, -24.08)","-27.84 (1.64, CI: -30.81, -24.36)","-28.47 (1.78, CI: -32.18, -25.22)","-232.12 (14.07, CI: -260.09, -204.93)","8.69",NA,"Yes"
"182","-0.17 (0.43, CI: -1.01, 0.67)","-0.78 (0.36, CI: -1.48, -0.08)","-1.2 (0.37, CI: -1.93, -0.48)","-1.47 (0.42, CI: -2.28, -0.65)","-1.66 (0.5, CI: -2.63, -0.69)","-1.85 (0.58, CI: -2.97, -0.7)","-2.05 (0.68, CI: -3.34, -0.72)","-2.26 (0.77, CI: -3.76, -0.76)","-2.43 (0.87, CI: -4.12, -0.76)","-2.56 (0.96, CI: -4.43, -0.7)","-2.59 (1.06, CI: -4.66, -0.55)","-2.5 (1.17, CI: -4.74, -0.25)","-2.27 (1.29, CI: -4.76, 0.27)","-22.57 (7.97, CI: -37.98, -6.83)","2.26","0.74","Yes"
"113","-4.35 (1.31, CI: -6.76, -1.64)","-7.18 (1.19, CI: -9.51, -4.86)","-10.06 (1.16, CI: -12.22, -7.69)","-13.01 (1.15, CI: -15.35, -10.84)","-15.99 (1.13, CI: -18.12, -13.68)","-18.79 (1.16, CI: -21.01, -16.47)","-21.23 (1.2, CI: -23.71, -19.01)","-23.2 (1.24, CI: -25.56, -20.7)","-24.78 (1.32, CI: -27.42, -22.25)","-26.01 (1.43, CI: -28.76, -23.16)","-26.97 (1.52, CI: -29.98, -24.03)","-27.74 (1.62, CI: -30.88, -24.53)","-28.34 (1.77, CI: -31.79, -24.86)","-231.41 (13.93, CI: -259.16, -204.54)","8.7",NA,"Yes"
"65","-4.3 (1.33, CI: -6.89, -1.67)","-7.14 (1.2, CI: -9.53, -4.83)","-10.03 (1.18, CI: -12.29, -7.67)","-12.98 (1.18, CI: -15.36, -10.72)","-15.97 (1.18, CI: -18.33, -13.68)","-18.76 (1.21, CI: -21.14, -16.4)","-21.2 (1.26, CI: -23.66, -18.71)","-23.18 (1.31, CI: -25.72, -20.57)","-24.73 (1.38, CI: -27.49, -22.06)","-25.98 (1.49, CI: -29.07, -23.22)","-26.97 (1.59, CI: -30.16, -23.93)","-27.73 (1.67, CI: -30.92, -24.38)","-28.37 (1.78, CI: -31.91, -24.93)","-230.98 (14.81, CI: -260.42, -202.34)","8.7",NA,"Yes"
"170","-0.18 (0.45, CI: -1.06, 0.69)","-0.79 (0.38, CI: -1.54, -0.05)","-1.21 (0.39, CI: -1.98, -0.45)","-1.48 (0.44, CI: -2.34, -0.62)","-1.67 (0.51, CI: -2.65, -0.67)","-1.86 (0.59, CI: -3.01, -0.67)","-2.06 (0.68, CI: -3.39, -0.67)","-2.27 (0.77, CI: -3.79, -0.7)","-2.45 (0.87, CI: -4.15, -0.7)","-2.58 (0.97, CI: -4.48, -0.63)","-2.62 (1.07, CI: -4.74, -0.5)","-2.53 (1.18, CI: -4.86, -0.18)","-2.29 (1.3, CI: -4.84, 0.27)","-22.75 (8.09, CI: -38.59, -6.31)","2.28","0.74","Yes"
"77","-4.33 (1.35, CI: -7.04, -1.74)","-7.17 (1.23, CI: -9.72, -4.91)","-10.02 (1.18, CI: -12.3, -7.67)","-12.98 (1.17, CI: -15.23, -10.65)","-15.96 (1.17, CI: -18.31, -13.72)","-18.76 (1.19, CI: -21.07, -16.4)","-21.2 (1.23, CI: -23.51, -18.67)","-23.2 (1.28, CI: -25.65, -20.65)","-24.76 (1.35, CI: -27.36, -22.07)","-25.98 (1.45, CI: -28.77, -23.1)","-26.98 (1.54, CI: -30.02, -23.98)","-27.76 (1.64, CI: -31, -24.58)","-28.35 (1.75, CI: -31.77, -24.91)","-231.26 (14.42, CI: -259.7, -203.16)","8.72",NA,"Yes"
"89","-4.33 (1.35, CI: -7.04, -1.74)","-7.17 (1.23, CI: -9.72, -4.91)","-10.02 (1.18, CI: -12.3, -7.67)","-12.98 (1.17, CI: -15.23, -10.65)","-15.96 (1.17, CI: -18.31, -13.72)","-18.76 (1.19, CI: -21.07, -16.4)","-21.2 (1.23, CI: -23.51, -18.67)","-23.2 (1.28, CI: -25.65, -20.65)","-24.76 (1.35, CI: -27.36, -22.07)","-25.98 (1.45, CI: -28.77, -23.1)","-26.98 (1.54, CI: -30.02, -23.98)","-27.76 (1.64, CI: -31, -24.58)","-28.35 (1.75, CI: -31.77, -24.91)","-231.26 (14.42, CI: -259.7, -203.16)","8.72",NA,"Yes"
"53","-4.3 (1.33, CI: -6.89, -1.67)","-7.14 (1.2, CI: -9.53, -4.83)","-10.03 (1.18, CI: -12.29, -7.67)","-12.98 (1.18, CI: -15.36, -10.72)","-15.97 (1.18, CI: -18.33, -13.68)","-18.76 (1.21, CI: -21.14, -16.4)","-21.2 (1.26, CI: -23.66, -18.71)","-23.18 (1.31, CI: -25.72, -20.57)","-24.73 (1.38, CI: -27.49, -22.06)","-25.98 (1.49, CI: -29.07, -23.22)","-26.97 (1.59, CI: -30.16, -23.93)","-27.73 (1.67, CI: -30.92, -24.38)","-28.37 (1.78, CI: -31.91, -24.93)","-230.98 (14.81, CI: -260.42, -202.34)","8.7",NA,"Yes"
"194","-0.17 (0.44, CI: -1.03, 0.7)","-0.78 (0.38, CI: -1.52, -0.03)","-1.2 (0.39, CI: -1.98, -0.44)","-1.47 (0.43, CI: -2.32, -0.65)","-1.66 (0.5, CI: -2.66, -0.7)","-1.85 (0.57, CI: -3, -0.73)","-2.05 (0.66, CI: -3.37, -0.78)","-2.26 (0.76, CI: -3.77, -0.8)","-2.44 (0.85, CI: -4.15, -0.77)","-2.56 (0.95, CI: -4.47, -0.73)","-2.6 (1.05, CI: -4.73, -0.59)","-2.52 (1.15, CI: -4.8, -0.31)","-2.28 (1.27, CI: -4.84, 0.17)","-22.62 (7.89, CI: -38.62, -7.34)","2.27","0.74","Yes"
"137","-4.37 (1.32, CI: -6.97, -1.79)","-7.21 (1.17, CI: -9.5, -4.93)","-10.1 (1.14, CI: -12.38, -7.92)","-13.05 (1.13, CI: -15.32, -10.9)","-16.04 (1.11, CI: -18.17, -13.8)","-18.84 (1.15, CI: -21.12, -16.62)","-21.28 (1.2, CI: -23.66, -18.97)","-23.26 (1.26, CI: -25.78, -20.85)","-24.85 (1.34, CI: -27.6, -22.35)","-26.09 (1.44, CI: -28.92, -23.26)","-27.06 (1.54, CI: -30.11, -24.08)","-27.84 (1.64, CI: -30.81, -24.36)","-28.47 (1.78, CI: -32.18, -25.22)","-232.12 (14.07, CI: -260.09, -204.93)","8.69",NA,"Yes"
"158","-0.16 (0.43, CI: -1, 0.72)","-0.77 (0.36, CI: -1.47, -0.05)","-1.19 (0.38, CI: -1.94, -0.46)","-1.46 (0.42, CI: -2.27, -0.63)","-1.64 (0.49, CI: -2.6, -0.69)","-1.83 (0.57, CI: -2.94, -0.73)","-2.03 (0.66, CI: -3.33, -0.77)","-2.23 (0.75, CI: -3.75, -0.79)","-2.41 (0.84, CI: -4.08, -0.77)","-2.52 (0.93, CI: -4.38, -0.7)","-2.55 (1.03, CI: -4.6, -0.51)","-2.46 (1.13, CI: -4.66, -0.19)","-2.21 (1.26, CI: -4.64, 0.27)","-22.26 (7.77, CI: -37.49, -7.02)","2.28","0.74","Yes"
"135","-3.42 (1.12, CI: -5.62, -1.23)","-6.48 (0.99, CI: -8.56, -4.66)","-9.5 (0.96, CI: -11.26, -7.49)","-12.49 (0.96, CI: -14.35, -10.58)","-15.36 (0.95, CI: -17.27, -13.53)","-18.01 (0.99, CI: -19.92, -16.04)","-20.32 (1.05, CI: -22.31, -18.18)","-22.22 (1.13, CI: -24.33, -19.9)","-23.75 (1.21, CI: -26.03, -21.3)","-24.96 (1.32, CI: -27.41, -22.24)","-25.86 (1.43, CI: -28.62, -23.02)","-26.56 (1.55, CI: -29.65, -23.58)","-27.09 (1.68, CI: -30.32, -23.74)","-220.84 (12.38, CI: -243.09, -194.55)","7.16",NA,"Yes"
"142","-1.15 (0.82, CI: -2.83, 0.4)","-2.01 (0.78, CI: -3.59, -0.55)","-2.76 (0.89, CI: -4.5, -1.01)","-3.3 (1.04, CI: -5.37, -1.3)","-3.76 (1.19, CI: -6.13, -1.48)","-4.28 (1.35, CI: -7.03, -1.74)","-4.96 (1.49, CI: -7.77, -1.94)","-5.67 (1.63, CI: -8.76, -2.38)","-6.21 (1.79, CI: -9.59, -2.57)","-6.37 (1.97, CI: -10.34, -2.6)","-6.2 (2.17, CI: -10.4, -1.9)","-5.72 (2.41, CI: -10.77, -1.34)","-5.06 (2.72, CI: -10.44, 0.23)","-54.36 (16.86, CI: -86.42, -20.32)","5.53",NA,"Yes"
"29","-4.36 (1.36, CI: -7.06, -1.72)","-7.19 (1.22, CI: -9.75, -4.96)","-10.07 (1.18, CI: -12.44, -7.82)","-13.03 (1.15, CI: -15.29, -10.77)","-15.98 (1.14, CI: -18.28, -13.82)","-18.79 (1.17, CI: -21.15, -16.57)","-21.23 (1.2, CI: -23.62, -18.9)","-23.21 (1.26, CI: -25.78, -20.85)","-24.78 (1.33, CI: -27.41, -22.19)","-26.02 (1.43, CI: -28.84, -23.22)","-26.98 (1.53, CI: -29.97, -23.97)","-27.76 (1.63, CI: -30.95, -24.58)","-28.36 (1.77, CI: -31.7, -24.76)","-231.55 (14.17, CI: -259.95, -204.42)","8.7",NA,"Yes"
"39","-3.38 (1.12, CI: -5.48, -1.11)","-6.41 (1.01, CI: -8.43, -4.45)","-9.42 (0.98, CI: -11.28, -7.45)","-12.39 (0.97, CI: -14.28, -10.48)","-15.28 (0.97, CI: -17.29, -13.51)","-17.94 (1, CI: -19.96, -16.04)","-20.24 (1.05, CI: -22.4, -18.3)","-22.14 (1.12, CI: -24.38, -20.01)","-23.68 (1.2, CI: -26.07, -21.37)","-24.88 (1.3, CI: -27.45, -22.36)","-25.8 (1.42, CI: -28.6, -23.05)","-26.47 (1.52, CI: -29.53, -23.57)","-27.04 (1.65, CI: -30.41, -23.92)","-219.75 (12.19, CI: -244.38, -196.58)","7.17",NA,"Yes"
"41","-4.36 (1.36, CI: -7.06, -1.72)","-7.19 (1.22, CI: -9.75, -4.96)","-10.07 (1.18, CI: -12.44, -7.82)","-13.03 (1.15, CI: -15.29, -10.77)","-15.98 (1.14, CI: -18.28, -13.82)","-18.79 (1.17, CI: -21.15, -16.57)","-21.23 (1.2, CI: -23.62, -18.9)","-23.21 (1.26, CI: -25.78, -20.85)","-24.78 (1.33, CI: -27.41, -22.19)","-26.02 (1.43, CI: -28.84, -23.22)","-26.98 (1.53, CI: -29.97, -23.97)","-27.76 (1.63, CI: -30.95, -24.58)","-28.36 (1.77, CI: -31.7, -24.76)","-231.55 (14.17, CI: -259.95, -204.42)","8.7",NA,"Yes"
"70","-1.13 (0.83, CI: -2.85, 0.4)","-2 (0.8, CI: -3.56, -0.41)","-2.75 (0.91, CI: -4.61, -1.03)","-3.26 (1.05, CI: -5.33, -1.23)","-3.7 (1.2, CI: -6.16, -1.45)","-4.2 (1.38, CI: -6.97, -1.55)","-4.88 (1.53, CI: -7.97, -1.98)","-5.58 (1.67, CI: -8.83, -2.26)","-6.11 (1.82, CI: -9.85, -2.71)","-6.27 (1.99, CI: -10.04, -2.24)","-6.06 (2.17, CI: -10.29, -1.79)","-5.59 (2.4, CI: -10.25, -0.85)","-4.91 (2.65, CI: -10.13, 0.27)","-53.32 (16.97, CI: -87.58, -21.06)","5.52",NA,"Yes"
"28","-0.7 (0.89, CI: -2.48, 1.03)","-1.63 (0.77, CI: -3.16, -0.15)","-2.4 (0.77, CI: -3.94, -0.93)","-2.96 (0.81, CI: -4.54, -1.36)","-3.39 (0.92, CI: -5.29, -1.7)","-3.91 (1.07, CI: -6.07, -1.89)","-4.58 (1.24, CI: -6.9, -2.06)","-5.25 (1.43, CI: -8.03, -2.44)","-5.76 (1.61, CI: -8.87, -2.57)","-5.97 (1.8, CI: -9.48, -2.41)","-5.87 (1.98, CI: -9.77, -2.02)","-5.52 (2.2, CI: -9.81, -1.2)","-5 (2.43, CI: -9.8, -0.27)","-50.02 (14.53, CI: -77.56, -20.6)","6.23",NA,"Yes"
"94","-1.15 (0.82, CI: -2.8, 0.43)","-2.03 (0.79, CI: -3.58, -0.48)","-2.79 (0.91, CI: -4.56, -0.99)","-3.32 (1.06, CI: -5.45, -1.28)","-3.76 (1.22, CI: -6.17, -1.38)","-4.29 (1.39, CI: -7.12, -1.68)","-4.98 (1.52, CI: -7.79, -1.83)","-5.71 (1.67, CI: -8.87, -2.32)","-6.26 (1.82, CI: -9.7, -2.57)","-6.46 (2.01, CI: -10.37, -2.5)","-6.27 (2.21, CI: -10.64, -1.96)","-5.78 (2.45, CI: -10.45, -0.83)","-5.11 (2.7, CI: -10.22, 0.38)","-54.76 (16.98, CI: -87.22, -20.64)","5.52",NA,"Yes"
"118","-1.13 (0.84, CI: -2.71, 0.57)","-2.02 (0.78, CI: -3.54, -0.49)","-2.76 (0.9, CI: -4.64, -1.1)","-3.3 (1.04, CI: -5.32, -1.26)","-3.74 (1.19, CI: -6.15, -1.49)","-4.24 (1.35, CI: -7.04, -1.76)","-4.92 (1.49, CI: -7.83, -2)","-5.63 (1.65, CI: -8.95, -2.5)","-6.17 (1.83, CI: -9.8, -2.62)","-6.34 (2.02, CI: -10.45, -2.53)","-6.13 (2.23, CI: -10.57, -1.82)","-5.68 (2.48, CI: -10.57, -0.85)","-4.99 (2.79, CI: -10.47, 0.45)","-53.98 (17.11, CI: -89.51, -22.43)","5.52",NA,"Yes"
"84","-1.7 (1.13, CI: -3.9, 0.54)","-2.44 (1.06, CI: -4.54, -0.37)","-3.16 (1.2, CI: -5.53, -0.82)","-3.85 (1.36, CI: -6.39, -1.05)","-4.55 (1.54, CI: -7.56, -1.51)","-5.34 (1.74, CI: -8.87, -2.06)","-6.19 (1.9, CI: -9.95, -2.49)","-6.98 (2.07, CI: -11.31, -3.19)","-7.55 (2.26, CI: -11.91, -3.06)","-7.8 (2.44, CI: -12.49, -2.93)","-7.7 (2.66, CI: -12.91, -2.49)","-7.32 (2.9, CI: -13.07, -1.69)","-6.73 (3.23, CI: -12.95, -0.31)","-67.23 (21.41, CI: -108.36, -24.45)","7.67",NA,"Yes"
"108","-1.68 (1.1, CI: -3.92, 0.4)","-2.45 (1.03, CI: -4.43, -0.38)","-3.17 (1.13, CI: -5.37, -0.95)","-3.9 (1.27, CI: -6.45, -1.48)","-4.58 (1.43, CI: -7.24, -1.65)","-5.36 (1.61, CI: -8.48, -2.17)","-6.19 (1.79, CI: -9.75, -2.72)","-7 (1.97, CI: -10.98, -3.25)","-7.56 (2.17, CI: -11.78, -3.28)","-7.77 (2.38, CI: -12.76, -3.42)","-7.66 (2.62, CI: -13.06, -2.8)","-7.3 (2.88, CI: -13.11, -1.84)","-6.78 (3.24, CI: -13.55, -0.84)","-67.49 (20.38, CI: -111.31, -31.44)","7.68",NA,"Yes"
"34","-0.98 (0.72, CI: -2.47, 0.34)","-1.76 (0.66, CI: -3.13, -0.56)","-2.43 (0.77, CI: -3.93, -0.91)","-2.88 (0.92, CI: -4.68, -1.08)","-3.3 (1.08, CI: -5.24, -1.01)","-3.84 (1.23, CI: -6.27, -1.44)","-4.59 (1.35, CI: -7.25, -1.95)","-5.33 (1.48, CI: -8.21, -2.43)","-5.88 (1.62, CI: -8.9, -2.57)","-6.05 (1.78, CI: -9.3, -2.33)","-5.81 (1.99, CI: -9.74, -1.95)","-5.31 (2.22, CI: -9.61, -0.92)","-4.59 (2.5, CI: -9.35, 0.46)","-49.83 (14.85, CI: -79.28, -21.07)","4.27",NA,"Yes"
"46","-1.14 (0.83, CI: -2.79, 0.49)","-2.04 (0.81, CI: -3.6, -0.41)","-2.77 (0.92, CI: -4.6, -0.98)","-3.3 (1.06, CI: -5.3, -1.14)","-3.72 (1.22, CI: -6.14, -1.36)","-4.25 (1.39, CI: -6.98, -1.52)","-4.95 (1.52, CI: -7.75, -1.81)","-5.66 (1.65, CI: -8.92, -2.44)","-6.21 (1.81, CI: -9.75, -2.65)","-6.41 (2.01, CI: -10.15, -2.26)","-6.23 (2.26, CI: -10.21, -1.36)","-5.74 (2.48, CI: -10.55, -0.82)","-5.08 (2.78, CI: -10.55, 0.35)","-54.51 (17.24, CI: -86.93, -19.35)","5.53",NA,"Yes"
"132","-1.69 (1.12, CI: -4.06, 0.34)","-2.47 (1.06, CI: -4.52, -0.38)","-3.2 (1.16, CI: -5.57, -1.02)","-3.9 (1.3, CI: -6.32, -1.23)","-4.58 (1.44, CI: -7.39, -1.76)","-5.36 (1.59, CI: -8.54, -2.3)","-6.23 (1.75, CI: -9.69, -2.83)","-7.04 (1.92, CI: -10.93, -3.41)","-7.63 (2.1, CI: -11.67, -3.45)","-7.82 (2.31, CI: -12.34, -3.3)","-7.71 (2.51, CI: -12.98, -3.12)","-7.34 (2.78, CI: -12.91, -2.02)","-6.8 (3.12, CI: -13.15, -0.92)","-67.37 (19.78, CI: -107.44, -29.9)","7.71",NA,"Yes"
"106","-0.99 (0.71, CI: -2.42, 0.38)","-1.79 (0.66, CI: -3.08, -0.48)","-2.43 (0.77, CI: -3.91, -0.89)","-2.9 (0.9, CI: -4.65, -1.12)","-3.32 (1.05, CI: -5.31, -1.2)","-3.87 (1.2, CI: -6.13, -1.42)","-4.6 (1.33, CI: -7.24, -2.01)","-5.33 (1.47, CI: -8.25, -2.49)","-5.9 (1.62, CI: -9.05, -2.69)","-6.06 (1.8, CI: -9.43, -2.37)","-5.82 (2, CI: -9.66, -1.83)","-5.29 (2.21, CI: -9.51, -0.86)","-4.55 (2.47, CI: -9.11, 0.57)","-50.07 (15.02, CI: -79.55, -20.65)","4.27",NA,"Yes"
"36","-1.74 (1.13, CI: -3.99, 0.43)","-2.49 (1.06, CI: -4.6, -0.45)","-3.26 (1.17, CI: -5.62, -1.04)","-3.97 (1.31, CI: -6.59, -1.46)","-4.71 (1.46, CI: -7.5, -1.77)","-5.51 (1.65, CI: -8.64, -2.19)","-6.39 (1.83, CI: -9.75, -2.58)","-7.18 (2, CI: -11.12, -3.29)","-7.79 (2.18, CI: -12.01, -3.46)","-8.02 (2.39, CI: -12.41, -3.02)","-7.92 (2.65, CI: -12.92, -2.52)","-7.54 (2.95, CI: -13.52, -1.94)","-7.02 (3.3, CI: -13.33, -0.4)","-69.08 (20.75, CI: -108.47, -27.15)","7.69",NA,"Yes"
"48","-1.74 (1.13, CI: -3.99, 0.43)","-2.49 (1.06, CI: -4.6, -0.45)","-3.26 (1.17, CI: -5.62, -1.04)","-3.97 (1.31, CI: -6.59, -1.46)","-4.71 (1.46, CI: -7.5, -1.77)","-5.51 (1.65, CI: -8.64, -2.19)","-6.39 (1.83, CI: -9.75, -2.58)","-7.18 (2, CI: -11.12, -3.29)","-7.79 (2.18, CI: -12.01, -3.46)","-8.02 (2.39, CI: -12.41, -3.02)","-7.92 (2.65, CI: -12.92, -2.52)","-7.54 (2.95, CI: -13.52, -1.94)","-7.02 (3.3, CI: -13.33, -0.4)","-69.08 (20.75, CI: -108.47, -27.15)","7.69",NA,"Yes"
"111","-3.38 (1.13, CI: -5.68, -1.24)","-6.42 (0.99, CI: -8.21, -4.34)","-9.43 (0.96, CI: -11.26, -7.49)","-12.41 (0.97, CI: -14.24, -10.44)","-15.28 (0.96, CI: -17.15, -13.38)","-17.93 (1.01, CI: -19.97, -16.03)","-20.24 (1.07, CI: -22.48, -18.29)","-22.14 (1.12, CI: -24.36, -19.96)","-23.69 (1.22, CI: -26.14, -21.36)","-24.88 (1.32, CI: -27.47, -22.28)","-25.81 (1.45, CI: -28.55, -22.87)","-26.5 (1.57, CI: -29.5, -23.33)","-27.03 (1.73, CI: -30.32, -23.54)","-219.73 (12.45, CI: -244.1, -195.28)","7.14",NA,"Yes"
"123","-3.11 (1.04, CI: -5.16, -1.08)","-6.12 (0.91, CI: -7.84, -4.27)","-9.16 (0.89, CI: -10.88, -7.37)","-12.15 (0.9, CI: -13.94, -10.44)","-15.03 (0.91, CI: -16.84, -13.29)","-17.72 (0.95, CI: -19.52, -15.81)","-20.04 (1.02, CI: -22.02, -18.03)","-21.95 (1.09, CI: -24.06, -19.8)","-23.49 (1.18, CI: -25.92, -21.28)","-24.7 (1.3, CI: -27.26, -22.17)","-25.61 (1.39, CI: -28.29, -22.84)","-26.28 (1.5, CI: -29.1, -23.22)","-26.79 (1.63, CI: -29.95, -23.57)","-217.2 (11.85, CI: -241.46, -195.02)","6.63",NA,"Yes"
"130","-0.99 (0.7, CI: -2.26, 0.49)","-1.78 (0.62, CI: -2.97, -0.56)","-2.46 (0.76, CI: -3.91, -0.93)","-2.94 (0.9, CI: -4.7, -1.16)","-3.35 (1.07, CI: -5.44, -1.26)","-3.92 (1.23, CI: -6.34, -1.5)","-4.66 (1.39, CI: -7.46, -2.02)","-5.41 (1.52, CI: -8.49, -2.53)","-5.97 (1.68, CI: -9.32, -2.75)","-6.15 (1.85, CI: -9.76, -2.51)","-5.93 (2.06, CI: -10.02, -1.96)","-5.4 (2.27, CI: -9.6, -0.71)","-4.66 (2.54, CI: -9.37, 0.6)","-50.73 (15.43, CI: -80.49, -20.02)","4.27",NA,"Yes"
"87","-3.3 (1.12, CI: -5.45, -1.08)","-6.36 (1, CI: -8.42, -4.48)","-9.41 (0.96, CI: -11.26, -7.5)","-12.42 (0.96, CI: -14.34, -10.58)","-15.3 (0.96, CI: -17.25, -13.49)","-17.97 (1.01, CI: -19.93, -15.99)","-20.29 (1.07, CI: -22.47, -18.27)","-22.21 (1.13, CI: -24.47, -20.05)","-23.76 (1.22, CI: -26.04, -21.26)","-24.98 (1.34, CI: -27.56, -22.29)","-25.91 (1.45, CI: -28.8, -23.1)","-26.6 (1.56, CI: -29.69, -23.56)","-27.17 (1.7, CI: -30.59, -23.92)","-220.55 (12.3, CI: -245.01, -196.78)","7.14",NA,"Yes"
"63","-3.34 (1.12, CI: -5.53, -1.15)","-6.38 (1, CI: -8.37, -4.43)","-9.4 (0.98, CI: -11.31, -7.49)","-12.39 (0.98, CI: -14.29, -10.45)","-15.27 (0.96, CI: -17.12, -13.34)","-17.94 (1, CI: -19.87, -15.97)","-20.25 (1.07, CI: -22.3, -18.11)","-22.15 (1.14, CI: -24.41, -19.93)","-23.7 (1.22, CI: -26.08, -21.29)","-24.9 (1.33, CI: -27.53, -22.3)","-25.81 (1.44, CI: -28.76, -23.11)","-26.5 (1.54, CI: -29.62, -23.57)","-27.03 (1.67, CI: -30.31, -23.76)","-220.06 (12.38, CI: -243.81, -195.27)","7.16",NA,"Yes"
"82","-0.96 (0.69, CI: -2.26, 0.45)","-1.75 (0.63, CI: -3.04, -0.55)","-2.42 (0.75, CI: -3.91, -0.97)","-2.9 (0.9, CI: -4.71, -1.2)","-3.31 (1.06, CI: -5.38, -1.21)","-3.86 (1.23, CI: -6.04, -1.21)","-4.6 (1.38, CI: -7.45, -2.05)","-5.35 (1.49, CI: -8.28, -2.44)","-5.88 (1.65, CI: -9.28, -2.82)","-6.04 (1.83, CI: -9.55, -2.37)","-5.83 (2.02, CI: -9.74, -1.82)","-5.34 (2.24, CI: -9.73, -0.95)","-4.59 (2.51, CI: -9.4, 0.43)","-49.91 (15.27, CI: -81.27, -21.4)","4.28",NA,"Yes"
"58","-0.99 (0.71, CI: -2.37, 0.43)","-1.79 (0.64, CI: -3.08, -0.57)","-2.43 (0.75, CI: -3.87, -0.95)","-2.87 (0.89, CI: -4.69, -1.21)","-3.28 (1.04, CI: -5.42, -1.32)","-3.83 (1.2, CI: -6.33, -1.6)","-4.58 (1.34, CI: -7.28, -2.03)","-5.32 (1.48, CI: -8.34, -2.54)","-5.86 (1.64, CI: -9.27, -2.84)","-6.02 (1.83, CI: -9.58, -2.41)","-5.77 (2.04, CI: -9.78, -1.77)","-5.23 (2.28, CI: -9.64, -0.72)","-4.48 (2.54, CI: -9.4, 0.55)","-49.72 (15.21, CI: -81.61, -21.99)","4.25",NA,"Yes"
"120","-1.68 (1.1, CI: -3.92, 0.4)","-2.45 (1.03, CI: -4.43, -0.38)","-3.17 (1.13, CI: -5.37, -0.95)","-3.9 (1.27, CI: -6.45, -1.48)","-4.58 (1.43, CI: -7.24, -1.65)","-5.36 (1.61, CI: -8.48, -2.17)","-6.19 (1.79, CI: -9.75, -2.72)","-7 (1.97, CI: -10.98, -3.25)","-7.56 (2.17, CI: -11.78, -3.28)","-7.77 (2.38, CI: -12.76, -3.42)","-7.66 (2.62, CI: -13.06, -2.8)","-7.3 (2.88, CI: -13.11, -1.84)","-6.78 (3.24, CI: -13.55, -0.84)","-67.49 (20.38, CI: -111.31, -31.44)","7.68",NA,"Yes"
"60","-1.74 (1.09, CI: -3.8, 0.49)","-2.51 (1.02, CI: -4.55, -0.54)","-3.26 (1.12, CI: -5.46, -1.06)","-3.97 (1.3, CI: -6.4, -1.32)","-4.69 (1.47, CI: -7.56, -1.8)","-5.5 (1.66, CI: -8.8, -2.28)","-6.38 (1.85, CI: -10.15, -2.91)","-7.19 (2.02, CI: -11, -3.09)","-7.76 (2.2, CI: -12.07, -3.45)","-7.99 (2.41, CI: -12.57, -3.12)","-7.89 (2.64, CI: -13.01, -2.65)","-7.51 (2.94, CI: -13.12, -1.6)","-6.99 (3.28, CI: -13.74, -0.89)","-69.12 (20.95, CI: -111.01, -28.87)","7.67",NA,"Yes"
"96","-1.7 (1.13, CI: -3.9, 0.54)","-2.44 (1.06, CI: -4.54, -0.37)","-3.16 (1.2, CI: -5.53, -0.82)","-3.85 (1.36, CI: -6.39, -1.05)","-4.55 (1.54, CI: -7.56, -1.51)","-5.34 (1.74, CI: -8.87, -2.06)","-6.19 (1.9, CI: -9.95, -2.49)","-6.98 (2.07, CI: -11.31, -3.19)","-7.55 (2.26, CI: -11.91, -3.06)","-7.8 (2.44, CI: -12.49, -2.93)","-7.7 (2.66, CI: -12.91, -2.49)","-7.32 (2.9, CI: -13.07, -1.69)","-6.73 (3.23, CI: -12.95, -0.31)","-67.23 (21.41, CI: -108.36, -24.45)","7.67",NA,"Yes"
"51","-3.16 (1.02, CI: -5.19, -1.18)","-6.17 (0.9, CI: -7.91, -4.39)","-9.16 (0.88, CI: -10.86, -7.4)","-12.16 (0.89, CI: -13.84, -10.35)","-15.05 (0.9, CI: -16.8, -13.25)","-17.71 (0.96, CI: -19.54, -15.77)","-20.01 (1.04, CI: -22.2, -18.13)","-21.92 (1.12, CI: -24.31, -19.92)","-23.45 (1.22, CI: -25.83, -21.07)","-24.66 (1.32, CI: -27.44, -22.26)","-25.55 (1.42, CI: -28.41, -22.83)","-26.21 (1.54, CI: -29.34, -23.32)","-26.73 (1.66, CI: -30.1, -23.58)","-216.94 (12.15, CI: -240.29, -192.65)","6.64",NA,"Yes"
"72","-1.74 (1.09, CI: -3.8, 0.49)","-2.51 (1.02, CI: -4.55, -0.54)","-3.26 (1.12, CI: -5.46, -1.06)","-3.97 (1.3, CI: -6.4, -1.32)","-4.69 (1.47, CI: -7.56, -1.8)","-5.5 (1.66, CI: -8.8, -2.28)","-6.38 (1.85, CI: -10.15, -2.91)","-7.19 (2.02, CI: -11, -3.09)","-7.76 (2.2, CI: -12.07, -3.45)","-7.99 (2.41, CI: -12.57, -3.12)","-7.89 (2.64, CI: -13.01, -2.65)","-7.51 (2.94, CI: -13.12, -1.6)","-6.99 (3.28, CI: -13.74, -0.89)","-69.12 (20.95, CI: -111.01, -28.87)","7.67",NA,"Yes"
"144","-1.69 (1.12, CI: -4.06, 0.34)","-2.47 (1.06, CI: -4.52, -0.38)","-3.2 (1.16, CI: -5.57, -1.02)","-3.9 (1.3, CI: -6.32, -1.23)","-4.58 (1.44, CI: -7.39, -1.76)","-5.36 (1.59, CI: -8.54, -2.3)","-6.23 (1.75, CI: -9.69, -2.83)","-7.04 (1.92, CI: -10.93, -3.41)","-7.63 (2.1, CI: -11.67, -3.45)","-7.82 (2.31, CI: -12.34, -3.3)","-7.71 (2.51, CI: -12.98, -3.12)","-7.34 (2.78, CI: -12.91, -2.02)","-6.8 (3.12, CI: -13.15, -0.92)","-67.37 (19.78, CI: -107.44, -29.9)","7.71",NA,"Yes"
"75","-3.11 (1.06, CI: -5.25, -1.1)","-6.13 (0.91, CI: -7.92, -4.35)","-9.13 (0.89, CI: -10.95, -7.45)","-12.12 (0.9, CI: -13.85, -10.33)","-15.02 (0.92, CI: -16.87, -13.28)","-17.69 (0.96, CI: -19.64, -15.88)","-20 (1.04, CI: -22.03, -17.97)","-21.9 (1.12, CI: -24.06, -19.68)","-23.44 (1.23, CI: -25.82, -21.01)","-24.65 (1.34, CI: -27.1, -21.84)","-25.56 (1.44, CI: -28.44, -22.78)","-26.24 (1.53, CI: -29.23, -23.23)","-26.77 (1.65, CI: -29.83, -23.35)","-216.65 (12.13, CI: -240.9, -193.34)","6.63",NA,"Yes"
"99","-3.11 (1.03, CI: -5.11, -1.06)","-6.13 (0.92, CI: -7.9, -4.29)","-9.13 (0.9, CI: -10.82, -7.28)","-12.14 (0.9, CI: -13.8, -10.29)","-15.04 (0.9, CI: -16.77, -13.24)","-17.73 (0.96, CI: -19.62, -15.85)","-20.03 (1.05, CI: -22, -17.89)","-21.95 (1.12, CI: -24.11, -19.72)","-23.48 (1.21, CI: -25.81, -21.07)","-24.69 (1.33, CI: -27.28, -22.07)","-25.59 (1.45, CI: -28.27, -22.6)","-26.28 (1.56, CI: -29.22, -23.12)","-26.82 (1.7, CI: -29.88, -23.22)","-217.24 (12.02, CI: -240.87, -193.77)","6.61",NA,"Yes"
"169","0.13 (0.68, CI: -1.21, 1.47)","-4.26 (0.59, CI: -5.46, -3.11)","-8.02 (0.6, CI: -9.23, -6.85)","-11.25 (0.67, CI: -12.59, -9.97)","-14.14 (0.77, CI: -15.69, -12.67)","-16.84 (0.88, CI: -18.6, -15.15)","-19.2 (1.01, CI: -21.24, -17.21)","-21.11 (1.15, CI: -23.43, -18.88)","-22.61 (1.28, CI: -25.16, -20.14)","-23.78 (1.42, CI: -26.62, -21.04)","-24.69 (1.57, CI: -27.79, -21.67)","-25.39 (1.73, CI: -28.8, -22.1)","-25.96 (1.89, CI: -29.68, -22.33)","-204.22 (12.05, CI: -227.98, -180.87)","3.46","1.1","Yes"
"27","-3.18 (1.02, CI: -5.12, -1.11)","-6.18 (0.88, CI: -7.87, -4.41)","-9.18 (0.87, CI: -10.87, -7.48)","-12.17 (0.89, CI: -13.86, -10.38)","-15.07 (0.89, CI: -16.76, -13.28)","-17.73 (0.94, CI: -19.59, -15.88)","-20.04 (1.02, CI: -21.99, -18)","-21.93 (1.09, CI: -24, -19.75)","-23.47 (1.18, CI: -25.84, -21.21)","-24.67 (1.29, CI: -27.13, -22.06)","-25.56 (1.4, CI: -28.3, -22.8)","-26.24 (1.54, CI: -29.17, -23.14)","-26.77 (1.69, CI: -29.9, -23.29)","-217 (11.75, CI: -240.29, -194.22)","6.64",NA,"Yes"
"141","-3.26 (1.18, CI: -5.65, -1.02)","-6.34 (1.11, CI: -8.6, -4.25)","-9.41 (1.15, CI: -11.53, -7.02)","-12.44 (1.22, CI: -14.73, -9.93)","-15.4 (1.29, CI: -17.77, -12.73)","-18.12 (1.38, CI: -20.64, -15.24)","-20.48 (1.47, CI: -23.36, -17.6)","-22.44 (1.54, CI: -25.34, -19.31)","-23.96 (1.61, CI: -27.27, -20.96)","-25.11 (1.68, CI: -28.27, -21.67)","-25.89 (1.75, CI: -29.27, -22.42)","-26.42 (1.81, CI: -29.88, -22.79)","-26.76 (1.92, CI: -30.49, -22.98)","-221.3 (16.62, CI: -253.5, -188.34)","7.56",NA,"Yes"
"143","-4.28 (1.37, CI: -6.95, -1.58)","-7.17 (1.28, CI: -9.76, -4.75)","-10.1 (1.31, CI: -12.78, -7.65)","-13.14 (1.35, CI: -15.86, -10.58)","-16.24 (1.43, CI: -19.21, -13.6)","-19.16 (1.52, CI: -22.31, -16.35)","-21.71 (1.59, CI: -24.85, -18.6)","-23.72 (1.65, CI: -26.89, -20.43)","-25.26 (1.72, CI: -28.56, -21.82)","-26.37 (1.78, CI: -29.95, -22.97)","-27.14 (1.83, CI: -30.94, -23.76)","-27.62 (1.9, CI: -31.53, -24.1)","-27.88 (1.98, CI: -31.92, -24.14)","-233.76 (18.02, CI: -271.29, -200.67)","8.9",NA,"Yes"
"47","-4.21 (1.39, CI: -6.97, -1.53)","-7.1 (1.28, CI: -9.6, -4.56)","-10.06 (1.31, CI: -12.52, -7.39)","-13.1 (1.36, CI: -15.71, -10.35)","-16.19 (1.44, CI: -19.03, -13.39)","-19.13 (1.53, CI: -22.06, -16.08)","-21.66 (1.62, CI: -24.83, -18.47)","-23.66 (1.69, CI: -27.06, -20.44)","-25.19 (1.78, CI: -28.68, -21.7)","-26.32 (1.87, CI: -30.02, -22.69)","-27.09 (1.93, CI: -30.97, -23.42)","-27.58 (1.96, CI: -31.63, -23.94)","-27.86 (2.03, CI: -31.73, -23.79)","-232.74 (18.23, CI: -270.46, -198.98)","8.88",NA,"Yes"
"35","-4.21 (1.39, CI: -6.97, -1.53)","-7.1 (1.28, CI: -9.6, -4.56)","-10.06 (1.31, CI: -12.52, -7.39)","-13.1 (1.36, CI: -15.71, -10.35)","-16.19 (1.44, CI: -19.03, -13.39)","-19.13 (1.53, CI: -22.06, -16.08)","-21.66 (1.62, CI: -24.83, -18.47)","-23.66 (1.69, CI: -27.06, -20.44)","-25.19 (1.78, CI: -28.68, -21.7)","-26.32 (1.87, CI: -30.02, -22.69)","-27.09 (1.93, CI: -30.97, -23.42)","-27.58 (1.96, CI: -31.63, -23.94)","-27.86 (2.03, CI: -31.73, -23.79)","-232.74 (18.23, CI: -270.46, -198.98)","8.88",NA,"Yes"
"69","-3.3 (1.18, CI: -5.52, -0.89)","-6.36 (1.11, CI: -8.44, -4.1)","-9.41 (1.14, CI: -11.66, -7.19)","-12.45 (1.21, CI: -14.78, -10.03)","-15.42 (1.29, CI: -17.83, -12.78)","-18.15 (1.39, CI: -20.92, -15.46)","-20.52 (1.48, CI: -23.32, -17.52)","-22.48 (1.55, CI: -25.41, -19.32)","-24.01 (1.64, CI: -27.35, -20.93)","-25.16 (1.72, CI: -28.46, -21.72)","-25.96 (1.8, CI: -29.63, -22.58)","-26.46 (1.85, CI: -30.14, -22.91)","-26.78 (1.93, CI: -30.49, -22.92)","-221.37 (16.49, CI: -253.73, -189.09)","7.54",NA,"Yes"
"181","0.11 (0.68, CI: -1.23, 1.44)","-4.28 (0.59, CI: -5.43, -3.1)","-8.03 (0.6, CI: -9.2, -6.81)","-11.26 (0.67, CI: -12.55, -9.9)","-14.16 (0.76, CI: -15.63, -12.62)","-16.86 (0.88, CI: -18.56, -15.12)","-19.22 (1.01, CI: -21.2, -17.17)","-21.13 (1.14, CI: -23.33, -18.83)","-22.63 (1.28, CI: -25.07, -20.05)","-23.8 (1.42, CI: -26.54, -20.91)","-24.71 (1.57, CI: -27.74, -21.51)","-25.42 (1.72, CI: -28.76, -21.96)","-25.99 (1.88, CI: -29.63, -22.23)","-204.45 (12.04, CI: -227.63, -180.2)","3.45","1.1","Yes"
"107","-4.3 (1.4, CI: -6.98, -1.51)","-7.22 (1.32, CI: -9.76, -4.58)","-10.17 (1.36, CI: -12.74, -7.41)","-13.21 (1.41, CI: -15.92, -10.38)","-16.3 (1.47, CI: -19.18, -13.42)","-19.2 (1.57, CI: -22.16, -16.01)","-21.75 (1.66, CI: -24.99, -18.49)","-23.77 (1.74, CI: -27.17, -20.35)","-25.32 (1.82, CI: -28.66, -21.55)","-26.44 (1.88, CI: -30.11, -22.72)","-27.22 (1.95, CI: -31.01, -23.38)","-27.68 (2.01, CI: -31.55, -23.66)","-27.94 (2.09, CI: -31.95, -23.76)","-234.42 (18.73, CI: -268.98, -195.56)","8.9",NA,"Yes"
"33","-3.09 (1.09, CI: -5.08, -0.82)","-6.1 (1, CI: -8.08, -4.15)","-9.1 (1.06, CI: -11.22, -7.08)","-12.12 (1.14, CI: -14.27, -9.82)","-15.09 (1.21, CI: -17.37, -12.61)","-17.84 (1.31, CI: -20.35, -15.2)","-20.23 (1.42, CI: -22.97, -17.42)","-22.17 (1.48, CI: -25.17, -19.35)","-23.71 (1.55, CI: -26.65, -20.58)","-24.84 (1.62, CI: -27.97, -21.63)","-25.62 (1.69, CI: -28.89, -22.25)","-26.15 (1.77, CI: -29.88, -22.94)","-26.47 (1.86, CI: -30.19, -22.88)","-217.71 (15.64, CI: -247.71, -186.4)","7.06",NA,"Yes"
"131","-4.28 (1.37, CI: -6.95, -1.58)","-7.17 (1.28, CI: -9.76, -4.75)","-10.1 (1.31, CI: -12.78, -7.65)","-13.14 (1.35, CI: -15.86, -10.58)","-16.24 (1.43, CI: -19.21, -13.6)","-19.16 (1.52, CI: -22.31, -16.35)","-21.71 (1.59, CI: -24.85, -18.6)","-23.72 (1.65, CI: -26.89, -20.43)","-25.26 (1.72, CI: -28.56, -21.82)","-26.37 (1.78, CI: -29.95, -22.97)","-27.14 (1.83, CI: -30.94, -23.76)","-27.62 (1.9, CI: -31.53, -24.1)","-27.88 (1.98, CI: -31.92, -24.14)","-233.76 (18.02, CI: -271.29, -200.67)","8.9",NA,"Yes"
"83","-4.27 (1.34, CI: -6.79, -1.51)","-7.15 (1.27, CI: -9.55, -4.59)","-10.08 (1.29, CI: -12.67, -7.62)","-13.14 (1.37, CI: -15.99, -10.61)","-16.23 (1.43, CI: -19.07, -13.46)","-19.15 (1.52, CI: -22.11, -16.14)","-21.68 (1.63, CI: -24.92, -18.53)","-23.71 (1.7, CI: -27.16, -20.49)","-25.26 (1.76, CI: -28.83, -21.93)","-26.4 (1.83, CI: -30.06, -22.89)","-27.16 (1.91, CI: -30.86, -23.38)","-27.64 (1.98, CI: -31.35, -23.6)","-27.92 (2.07, CI: -32.15, -24.02)","-233.59 (18.22, CI: -271.33, -199.9)","8.95",NA,"Yes"
"95","-4.27 (1.34, CI: -6.79, -1.51)","-7.15 (1.27, CI: -9.55, -4.59)","-10.08 (1.29, CI: -12.67, -7.62)","-13.14 (1.37, CI: -15.99, -10.61)","-16.23 (1.43, CI: -19.07, -13.46)","-19.15 (1.52, CI: -22.11, -16.14)","-21.68 (1.63, CI: -24.92, -18.53)","-23.71 (1.7, CI: -27.16, -20.49)","-25.26 (1.76, CI: -28.83, -21.93)","-26.4 (1.83, CI: -30.06, -22.89)","-27.16 (1.91, CI: -30.86, -23.38)","-27.64 (1.98, CI: -31.35, -23.6)","-27.92 (2.07, CI: -32.15, -24.02)","-233.59 (18.22, CI: -271.33, -199.9)","8.95",NA,"Yes"
"119","-4.3 (1.4, CI: -6.98, -1.51)","-7.22 (1.32, CI: -9.76, -4.58)","-10.17 (1.36, CI: -12.74, -7.41)","-13.21 (1.41, CI: -15.92, -10.38)","-16.3 (1.47, CI: -19.18, -13.42)","-19.2 (1.57, CI: -22.16, -16.01)","-21.75 (1.66, CI: -24.99, -18.49)","-23.77 (1.74, CI: -27.17, -20.35)","-25.32 (1.82, CI: -28.66, -21.55)","-26.44 (1.88, CI: -30.11, -22.72)","-27.22 (1.95, CI: -31.01, -23.38)","-27.68 (2.01, CI: -31.55, -23.66)","-27.94 (2.09, CI: -31.95, -23.76)","-234.42 (18.73, CI: -268.98, -195.56)","8.9",NA,"Yes"
"93","-3.27 (1.2, CI: -5.5, -0.8)","-6.33 (1.12, CI: -8.56, -4.17)","-9.39 (1.16, CI: -11.66, -7.1)","-12.41 (1.24, CI: -14.88, -10.02)","-15.35 (1.31, CI: -17.91, -12.78)","-18.08 (1.39, CI: -20.79, -15.36)","-20.45 (1.48, CI: -23.3, -17.5)","-22.39 (1.55, CI: -25.53, -19.47)","-23.91 (1.62, CI: -27.21, -20.86)","-25.06 (1.71, CI: -28.45, -21.76)","-25.86 (1.78, CI: -29.52, -22.53)","-26.35 (1.86, CI: -29.92, -22.63)","-26.66 (1.94, CI: -30.62, -22.99)","-220.52 (16.7, CI: -254.92, -189.45)","7.56",NA,"Yes"
"117","-3.27 (1.15, CI: -5.57, -1.06)","-6.35 (1.08, CI: -8.51, -4.28)","-9.41 (1.13, CI: -11.65, -7.23)","-12.45 (1.21, CI: -14.88, -10.16)","-15.4 (1.27, CI: -17.97, -13)","-18.15 (1.35, CI: -20.71, -15.43)","-20.54 (1.43, CI: -23.27, -17.68)","-22.49 (1.49, CI: -25.56, -19.72)","-24.03 (1.56, CI: -27.12, -21)","-25.21 (1.66, CI: -28.41, -21.92)","-25.99 (1.72, CI: -29.36, -22.63)","-26.5 (1.77, CI: -29.87, -22.94)","-26.82 (1.85, CI: -30.48, -23.21)","-221.5 (15.93, CI: -250.51, -188.06)","7.54",NA,"Yes"
"193","0.08 (0.68, CI: -1.26, 1.44)","-4.3 (0.59, CI: -5.43, -3.13)","-8.05 (0.6, CI: -9.23, -6.87)","-11.27 (0.67, CI: -12.59, -9.95)","-14.16 (0.78, CI: -15.68, -12.63)","-16.86 (0.89, CI: -18.65, -15.1)","-19.22 (1.03, CI: -21.23, -17.18)","-21.13 (1.16, CI: -23.4, -18.84)","-22.63 (1.3, CI: -25.18, -20.1)","-23.79 (1.44, CI: -26.67, -20.94)","-24.69 (1.6, CI: -27.87, -21.53)","-25.4 (1.75, CI: -28.89, -21.93)","-25.96 (1.92, CI: -29.81, -22.16)","-204.45 (12.24, CI: -228.8, -180.66)","3.46","1.1","Yes"
"59","-4.26 (1.43, CI: -7.24, -1.62)","-7.15 (1.33, CI: -9.7, -4.5)","-10.1 (1.33, CI: -12.69, -7.48)","-13.16 (1.39, CI: -15.82, -10.39)","-16.24 (1.45, CI: -19.01, -13.31)","-19.19 (1.54, CI: -22.13, -16.1)","-21.72 (1.62, CI: -24.81, -18.46)","-23.74 (1.69, CI: -27.13, -20.52)","-25.29 (1.74, CI: -28.62, -21.78)","-26.41 (1.82, CI: -30.11, -22.99)","-27.17 (1.87, CI: -30.94, -23.62)","-27.65 (1.94, CI: -31.55, -23.97)","-27.94 (2.05, CI: -31.97, -23.93)","-234.13 (18.32, CI: -270.45, -198.62)","8.9",NA,"Yes"
"71","-4.26 (1.43, CI: -7.24, -1.62)","-7.15 (1.33, CI: -9.7, -4.5)","-10.1 (1.33, CI: -12.69, -7.48)","-13.16 (1.39, CI: -15.82, -10.39)","-16.24 (1.45, CI: -19.01, -13.31)","-19.19 (1.54, CI: -22.13, -16.1)","-21.72 (1.62, CI: -24.81, -18.46)","-23.74 (1.69, CI: -27.13, -20.52)","-25.29 (1.74, CI: -28.62, -21.78)","-26.41 (1.82, CI: -30.11, -22.99)","-27.17 (1.87, CI: -30.94, -23.62)","-27.65 (1.94, CI: -31.55, -23.97)","-27.94 (2.05, CI: -31.97, -23.93)","-234.13 (18.32, CI: -270.45, -198.62)","8.9",NA,"Yes"
"57","-3.13 (1.1, CI: -5.35, -1.05)","-6.13 (1.02, CI: -8.18, -4.18)","-9.15 (1.06, CI: -11.19, -7.03)","-12.18 (1.14, CI: -14.41, -9.96)","-15.15 (1.2, CI: -17.55, -12.85)","-17.9 (1.32, CI: -20.52, -15.36)","-20.28 (1.41, CI: -22.99, -17.48)","-22.22 (1.48, CI: -25.16, -19.35)","-23.75 (1.55, CI: -26.66, -20.56)","-24.9 (1.64, CI: -28.21, -21.8)","-25.7 (1.7, CI: -29.04, -22.39)","-26.2 (1.76, CI: -29.57, -22.66)","-26.55 (1.85, CI: -30.33, -23.07)","-218.44 (15.64, CI: -248.83, -187.52)","7.04",NA,"Yes"
"157","0.12 (0.68, CI: -1.16, 1.46)","-4.26 (0.59, CI: -5.41, -3.09)","-8.02 (0.61, CI: -9.2, -6.82)","-11.24 (0.68, CI: -12.58, -9.93)","-14.13 (0.78, CI: -15.7, -12.64)","-16.83 (0.89, CI: -18.59, -15.14)","-19.18 (1.02, CI: -21.21, -17.23)","-21.08 (1.15, CI: -23.4, -18.87)","-22.58 (1.28, CI: -25.18, -20.16)","-23.74 (1.43, CI: -26.65, -21.07)","-24.64 (1.58, CI: -27.83, -21.7)","-25.35 (1.73, CI: -28.87, -22.1)","-25.91 (1.9, CI: -29.76, -22.25)","-203.94 (12.16, CI: -228.09, -181.08)","3.45","1.1","Yes"
"145","0.12 (0.68, CI: -1.19, 1.44)","-4.27 (0.59, CI: -5.45, -3.13)","-8.02 (0.61, CI: -9.21, -6.84)","-11.24 (0.67, CI: -12.57, -9.97)","-14.13 (0.78, CI: -15.66, -12.62)","-16.83 (0.9, CI: -18.58, -15.1)","-19.19 (1.05, CI: -21.21, -17.19)","-21.09 (1.18, CI: -23.41, -18.82)","-22.58 (1.32, CI: -25.21, -20.08)","-23.74 (1.46, CI: -26.71, -20.94)","-24.64 (1.62, CI: -27.92, -21.54)","-25.35 (1.77, CI: -28.89, -21.92)","-25.92 (1.95, CI: -29.82, -22.16)","-203.98 (12.39, CI: -228.61, -180.51)","3.46","1.1","Yes"
"105","-3.06 (1.11, CI: -5.23, -0.87)","-6.05 (1.04, CI: -8.14, -4.07)","-9.1 (1.09, CI: -11.21, -6.93)","-12.12 (1.16, CI: -14.53, -9.97)","-15.07 (1.22, CI: -17.49, -12.71)","-17.82 (1.33, CI: -20.43, -15.23)","-20.2 (1.42, CI: -23.12, -17.56)","-22.15 (1.5, CI: -25.09, -19.23)","-23.68 (1.56, CI: -26.8, -20.67)","-24.82 (1.65, CI: -28.31, -21.83)","-25.64 (1.72, CI: -28.89, -22.15)","-26.15 (1.79, CI: -29.65, -22.65)","-26.47 (1.89, CI: -30.01, -22.61)","-217.61 (15.88, CI: -249.34, -187.09)","7.04",NA,"Yes"
"81","-3.08 (1.09, CI: -5.13, -0.87)","-6.09 (1.02, CI: -8.12, -4.14)","-9.11 (1.06, CI: -11.21, -7.06)","-12.13 (1.12, CI: -14.34, -9.97)","-15.09 (1.19, CI: -17.46, -12.8)","-17.85 (1.27, CI: -20.34, -15.36)","-20.24 (1.37, CI: -22.91, -17.52)","-22.19 (1.45, CI: -24.99, -19.3)","-23.73 (1.54, CI: -26.9, -20.88)","-24.86 (1.61, CI: -28.19, -21.86)","-25.68 (1.68, CI: -28.91, -22.33)","-26.19 (1.76, CI: -29.58, -22.7)","-26.49 (1.86, CI: -29.92, -22.65)","-217.9 (15.41, CI: -247.29, -186.88)","7.05",NA,"Yes"
"129","-3.07 (1.12, CI: -5.15, -0.76)","-6.08 (1.06, CI: -8.15, -4)","-9.08 (1.09, CI: -11.21, -6.92)","-12.1 (1.16, CI: -14.52, -9.96)","-15.06 (1.23, CI: -17.31, -12.49)","-17.8 (1.32, CI: -20.23, -15.07)","-20.19 (1.4, CI: -22.91, -17.4)","-22.13 (1.49, CI: -24.97, -19.14)","-23.67 (1.55, CI: -26.78, -20.7)","-24.82 (1.65, CI: -28.23, -21.76)","-25.6 (1.71, CI: -28.94, -22.23)","-26.12 (1.77, CI: -29.59, -22.66)","-26.42 (1.86, CI: -29.98, -22.68)","-217.41 (15.92, CI: -246.27, -183.87)","7.07",NA,"Yes"
"180","-0.12 (0.25, CI: -0.62, 0.37)","-0.77 (0.22, CI: -1.2, -0.36)","-1.27 (0.26, CI: -1.79, -0.77)","-1.64 (0.32, CI: -2.29, -1.01)","-1.94 (0.39, CI: -2.72, -1.16)","-2.19 (0.47, CI: -3.13, -1.26)","-2.38 (0.55, CI: -3.48, -1.29)","-2.48 (0.64, CI: -3.76, -1.23)","-2.53 (0.72, CI: -3.97, -1.11)","-2.55 (0.81, CI: -4.18, -0.96)","-2.57 (0.91, CI: -4.38, -0.79)","-2.56 (1.01, CI: -4.61, -0.56)","-2.52 (1.13, CI: -4.79, -0.28)","-24.19 (6.6, CI: -37.73, -11.44)","0.5","0.8","Yes"
"168","-0.12 (0.25, CI: -0.61, 0.37)","-0.77 (0.22, CI: -1.2, -0.35)","-1.26 (0.26, CI: -1.77, -0.77)","-1.63 (0.32, CI: -2.27, -0.99)","-1.93 (0.4, CI: -2.71, -1.15)","-2.18 (0.48, CI: -3.12, -1.23)","-2.37 (0.56, CI: -3.48, -1.25)","-2.47 (0.65, CI: -3.76, -1.19)","-2.52 (0.74, CI: -3.97, -1.05)","-2.54 (0.83, CI: -4.14, -0.88)","-2.55 (0.92, CI: -4.34, -0.72)","-2.54 (1.02, CI: -4.55, -0.51)","-2.49 (1.14, CI: -4.71, -0.17)","-24.06 (6.68, CI: -37.2, -10.79)","0.51","0.8","Yes"
"156","-0.12 (0.25, CI: -0.61, 0.35)","-0.77 (0.22, CI: -1.19, -0.35)","-1.27 (0.26, CI: -1.78, -0.77)","-1.65 (0.32, CI: -2.26, -1.02)","-1.96 (0.39, CI: -2.74, -1.18)","-2.22 (0.47, CI: -3.16, -1.3)","-2.41 (0.56, CI: -3.52, -1.34)","-2.52 (0.64, CI: -3.81, -1.26)","-2.58 (0.73, CI: -4.04, -1.16)","-2.6 (0.82, CI: -4.24, -1.01)","-2.62 (0.91, CI: -4.45, -0.84)","-2.62 (1.01, CI: -4.64, -0.66)","-2.58 (1.12, CI: -4.81, -0.43)","-24.58 (6.61, CI: -37.78, -11.68)","0.51","0.8","Yes"
"204","-0.12 (0.25, CI: -0.61, 0.38)","-0.77 (0.22, CI: -1.19, -0.35)","-1.27 (0.25, CI: -1.76, -0.79)","-1.65 (0.31, CI: -2.25, -1.05)","-1.95 (0.38, CI: -2.7, -1.2)","-2.2 (0.45, CI: -3.09, -1.3)","-2.39 (0.53, CI: -3.45, -1.35)","-2.5 (0.62, CI: -3.72, -1.29)","-2.55 (0.7, CI: -3.92, -1.19)","-2.57 (0.79, CI: -4.13, -1.06)","-2.58 (0.87, CI: -4.31, -0.91)","-2.57 (0.97, CI: -4.5, -0.71)","-2.52 (1.08, CI: -4.69, -0.44)","-24.3 (6.34, CI: -36.88, -11.93)","0.5","0.8","Yes"
"234","-0.08 (0.26, CI: -0.61, 0.44)","-0.78 (0.22, CI: -1.21, -0.34)","-1.3 (0.27, CI: -1.83, -0.77)","-1.68 (0.34, CI: -2.35, -1.03)","-1.98 (0.41, CI: -2.8, -1.16)","-2.23 (0.49, CI: -3.21, -1.25)","-2.42 (0.58, CI: -3.54, -1.26)","-2.54 (0.67, CI: -3.86, -1.2)","-2.6 (0.77, CI: -4.13, -1.08)","-2.64 (0.86, CI: -4.37, -0.94)","-2.66 (0.97, CI: -4.6, -0.79)","-2.65 (1.07, CI: -4.77, -0.56)","-2.57 (1.2, CI: -4.98, -0.25)","-24.79 (6.94, CI: -38.65, -11.27)","0.46","0.93","Yes"
"192","-0.11 (0.25, CI: -0.6, 0.4)","-0.76 (0.22, CI: -1.2, -0.34)","-1.26 (0.25, CI: -1.77, -0.78)","-1.63 (0.31, CI: -2.26, -1.05)","-1.94 (0.38, CI: -2.71, -1.22)","-2.19 (0.46, CI: -3.13, -1.33)","-2.38 (0.54, CI: -3.47, -1.35)","-2.49 (0.63, CI: -3.75, -1.3)","-2.54 (0.71, CI: -3.97, -1.21)","-2.56 (0.8, CI: -4.17, -1.06)","-2.57 (0.89, CI: -4.35, -0.88)","-2.56 (0.99, CI: -4.53, -0.7)","-2.52 (1.1, CI: -4.69, -0.45)","-24.18 (6.45, CI: -37.3, -11.98)","0.49","0.8","Yes"
"242","-0.08 (0.26, CI: -0.59, 0.45)","-0.78 (0.23, CI: -1.22, -0.33)","-1.31 (0.27, CI: -1.85, -0.77)","-1.7 (0.34, CI: -2.36, -1.04)","-2 (0.41, CI: -2.83, -1.19)","-2.25 (0.49, CI: -3.23, -1.28)","-2.45 (0.59, CI: -3.59, -1.29)","-2.57 (0.68, CI: -3.89, -1.26)","-2.64 (0.77, CI: -4.15, -1.15)","-2.69 (0.87, CI: -4.37, -0.99)","-2.71 (0.96, CI: -4.59, -0.83)","-2.7 (1.07, CI: -4.81, -0.62)","-2.62 (1.19, CI: -4.99, -0.28)","-25.14 (6.98, CI: -38.62, -11.52)","0.45","0.94","Yes"
"226","-0.08 (0.26, CI: -0.61, 0.43)","-0.77 (0.22, CI: -1.19, -0.33)","-1.29 (0.27, CI: -1.82, -0.76)","-1.67 (0.34, CI: -2.31, -1.01)","-1.96 (0.42, CI: -2.75, -1.15)","-2.21 (0.5, CI: -3.14, -1.23)","-2.39 (0.59, CI: -3.49, -1.23)","-2.5 (0.68, CI: -3.79, -1.17)","-2.56 (0.78, CI: -4.02, -1.07)","-2.6 (0.88, CI: -4.27, -0.92)","-2.61 (0.99, CI: -4.56, -0.75)","-2.6 (1.12, CI: -4.84, -0.49)","-2.53 (1.26, CI: -5.15, -0.19)","-24.47 (7.11, CI: -38.1, -10.69)","0.48","0.91","Yes"
"210","-0.08 (0.26, CI: -0.59, 0.44)","-0.78 (0.23, CI: -1.24, -0.34)","-1.3 (0.28, CI: -1.87, -0.77)","-1.68 (0.34, CI: -2.39, -1.03)","-1.98 (0.42, CI: -2.82, -1.19)","-2.22 (0.49, CI: -3.23, -1.29)","-2.41 (0.58, CI: -3.57, -1.3)","-2.52 (0.67, CI: -3.86, -1.25)","-2.59 (0.76, CI: -4.09, -1.14)","-2.62 (0.86, CI: -4.32, -1.01)","-2.64 (0.96, CI: -4.51, -0.82)","-2.62 (1.07, CI: -4.69, -0.57)","-2.54 (1.19, CI: -4.83, -0.15)","-24.65 (6.95, CI: -38.42, -11.34)","0.47","0.93","Yes"
"198","-0.27 (0.31, CI: -0.88, 0.34)","-0.86 (0.26, CI: -1.38, -0.36)","-1.29 (0.28, CI: -1.86, -0.76)","-1.62 (0.33, CI: -2.29, -0.97)","-1.89 (0.39, CI: -2.68, -1.11)","-2.14 (0.47, CI: -3.07, -1.22)","-2.34 (0.55, CI: -3.43, -1.25)","-2.46 (0.63, CI: -3.71, -1.21)","-2.52 (0.71, CI: -3.94, -1.1)","-2.55 (0.79, CI: -4.15, -0.94)","-2.57 (0.89, CI: -4.32, -0.8)","-2.57 (0.99, CI: -4.51, -0.56)","-2.53 (1.12, CI: -4.73, -0.28)","-24.2 (6.56, CI: -37.31, -11.07)","1.92","0.78","Yes"
"162","-0.27 (0.31, CI: -0.89, 0.34)","-0.86 (0.26, CI: -1.39, -0.35)","-1.3 (0.28, CI: -1.85, -0.76)","-1.63 (0.33, CI: -2.26, -0.98)","-1.9 (0.39, CI: -2.66, -1.11)","-2.15 (0.46, CI: -3.03, -1.23)","-2.35 (0.54, CI: -3.38, -1.28)","-2.47 (0.62, CI: -3.65, -1.23)","-2.53 (0.7, CI: -3.88, -1.11)","-2.56 (0.79, CI: -4.08, -0.96)","-2.58 (0.88, CI: -4.27, -0.8)","-2.58 (0.98, CI: -4.49, -0.59)","-2.54 (1.1, CI: -4.67, -0.3)","-24.33 (6.5, CI: -36.84, -11.44)","1.92","0.78","Yes"
"186","-0.26 (0.31, CI: -0.87, 0.35)","-0.85 (0.26, CI: -1.38, -0.34)","-1.29 (0.28, CI: -1.83, -0.75)","-1.6 (0.32, CI: -2.24, -0.98)","-1.87 (0.39, CI: -2.63, -1.13)","-2.12 (0.46, CI: -3.01, -1.25)","-2.32 (0.53, CI: -3.35, -1.28)","-2.43 (0.61, CI: -3.62, -1.24)","-2.48 (0.69, CI: -3.81, -1.11)","-2.51 (0.77, CI: -3.98, -0.96)","-2.52 (0.86, CI: -4.17, -0.81)","-2.51 (0.97, CI: -4.42, -0.58)","-2.46 (1.09, CI: -4.65, -0.24)","-23.86 (6.38, CI: -35.99, -11.22)","1.93","0.78","Yes"
"174","-0.27 (0.31, CI: -0.89, 0.33)","-0.87 (0.26, CI: -1.38, -0.35)","-1.31 (0.28, CI: -1.85, -0.75)","-1.63 (0.33, CI: -2.28, -0.99)","-1.91 (0.4, CI: -2.69, -1.14)","-2.16 (0.47, CI: -3.08, -1.26)","-2.36 (0.55, CI: -3.44, -1.3)","-2.49 (0.63, CI: -3.72, -1.27)","-2.55 (0.71, CI: -3.95, -1.17)","-2.58 (0.8, CI: -4.15, -1.04)","-2.61 (0.89, CI: -4.36, -0.88)","-2.61 (1, CI: -4.61, -0.64)","-2.58 (1.13, CI: -4.84, -0.38)","-24.5 (6.59, CI: -37.43, -11.78)","1.93","0.78","Yes"
"167","0.19 (0.33, CI: -0.45, 0.84)","-4.4 (0.29, CI: -4.97, -3.85)","-8.33 (0.34, CI: -8.98, -7.68)","-11.7 (0.42, CI: -12.52, -10.91)","-14.62 (0.51, CI: -15.64, -13.64)","-17.15 (0.6, CI: -18.35, -16)","-19.36 (0.7, CI: -20.74, -18.01)","-21.27 (0.8, CI: -22.84, -19.7)","-22.9 (0.9, CI: -24.69, -21.14)","-24.25 (1.01, CI: -26.25, -22.3)","-25.3 (1.12, CI: -27.53, -23.16)","-26.04 (1.24, CI: -28.47, -23.66)","-26.37 (1.37, CI: -29.04, -23.7)","-208.4 (8.3, CI: -224.83, -192.41)","0.98","1.09","Yes"
"166","-0.53 (0.56, CI: -1.63, 0.57)","-1.05 (0.49, CI: -1.99, -0.11)","-1.42 (0.5, CI: -2.38, -0.46)","-1.68 (0.56, CI: -2.76, -0.6)","-1.88 (0.65, CI: -3.15, -0.61)","-2.05 (0.75, CI: -3.53, -0.59)","-2.17 (0.87, CI: -3.88, -0.51)","-2.2 (0.98, CI: -4.16, -0.31)","-2.17 (1.11, CI: -4.35, -0.03)","-2.09 (1.24, CI: -4.53, 0.33)","-1.98 (1.39, CI: -4.7, 0.73)","-1.82 (1.57, CI: -4.87, 1.2)","-1.6 (1.78, CI: -5.1, 1.8)","-21.57 (10.55, CI: -42.37, -1.15)","3.32","0.98","Yes"
"178","-0.52 (0.56, CI: -1.64, 0.59)","-1.05 (0.49, CI: -2.02, -0.08)","-1.42 (0.5, CI: -2.41, -0.45)","-1.68 (0.56, CI: -2.8, -0.57)","-1.88 (0.65, CI: -3.17, -0.6)","-2.06 (0.75, CI: -3.51, -0.59)","-2.18 (0.85, CI: -3.84, -0.48)","-2.22 (0.97, CI: -4.1, -0.3)","-2.18 (1.09, CI: -4.3, -0.02)","-2.11 (1.23, CI: -4.52, 0.32)","-2 (1.37, CI: -4.72, 0.72)","-1.85 (1.55, CI: -4.82, 1.17)","-1.63 (1.75, CI: -4.97, 1.77)","-21.69 (10.41, CI: -41.62, -1.32)","3.33","0.97","Yes"
"172","-0.51 (0.6, CI: -1.68, 0.65)","-0.99 (0.52, CI: -2.01, 0.04)","-1.33 (0.54, CI: -2.38, -0.24)","-1.57 (0.6, CI: -2.74, -0.35)","-1.78 (0.68, CI: -3.09, -0.41)","-1.98 (0.78, CI: -3.52, -0.43)","-2.14 (0.89, CI: -3.88, -0.32)","-2.19 (1.01, CI: -4.18, -0.14)","-2.16 (1.14, CI: -4.36, 0.18)","-2.07 (1.27, CI: -4.53, 0.56)","-1.93 (1.43, CI: -4.7, 0.98)","-1.74 (1.62, CI: -4.89, 1.51)","-1.47 (1.84, CI: -5.01, 2.32)","-20.87 (10.96, CI: -42.35, 1.19)","3.53","0.98","Yes"
"150","-0.27 (0.31, CI: -0.89, 0.35)","-0.86 (0.26, CI: -1.36, -0.34)","-1.3 (0.28, CI: -1.84, -0.75)","-1.62 (0.33, CI: -2.26, -0.99)","-1.9 (0.39, CI: -2.66, -1.14)","-2.15 (0.46, CI: -3.07, -1.26)","-2.35 (0.54, CI: -3.42, -1.3)","-2.47 (0.62, CI: -3.7, -1.27)","-2.53 (0.7, CI: -3.94, -1.17)","-2.56 (0.79, CI: -4.17, -1.03)","-2.59 (0.88, CI: -4.37, -0.87)","-2.59 (0.98, CI: -4.58, -0.69)","-2.56 (1.11, CI: -4.74, -0.45)","-24.33 (6.51, CI: -37.21, -11.76)","1.93","0.78","Yes"
"179","0.19 (0.34, CI: -0.48, 0.85)","-4.4 (0.29, CI: -4.98, -3.82)","-8.34 (0.34, CI: -9, -7.67)","-11.72 (0.43, CI: -12.55, -10.87)","-14.63 (0.52, CI: -15.66, -13.61)","-17.17 (0.62, CI: -18.39, -15.95)","-19.38 (0.72, CI: -20.81, -17.96)","-21.3 (0.83, CI: -22.94, -19.65)","-22.93 (0.93, CI: -24.77, -21.08)","-24.28 (1.04, CI: -26.33, -22.2)","-25.34 (1.15, CI: -27.64, -23.03)","-26.08 (1.27, CI: -28.64, -23.58)","-26.4 (1.41, CI: -29.21, -23.65)","-208.67 (8.54, CI: -225.55, -191.83)","0.97","1.1","Yes"
"154","-0.53 (0.57, CI: -1.69, 0.58)","-1.05 (0.49, CI: -2.04, -0.07)","-1.42 (0.51, CI: -2.42, -0.4)","-1.67 (0.57, CI: -2.77, -0.54)","-1.87 (0.66, CI: -3.15, -0.56)","-2.05 (0.76, CI: -3.54, -0.56)","-2.17 (0.88, CI: -3.89, -0.46)","-2.2 (1, CI: -4.15, -0.26)","-2.17 (1.12, CI: -4.35, 0.04)","-2.09 (1.26, CI: -4.54, 0.41)","-1.98 (1.41, CI: -4.73, 0.78)","-1.82 (1.59, CI: -4.96, 1.22)","-1.6 (1.8, CI: -5.18, 1.82)","-21.54 (10.73, CI: -42.29, -0.25)","3.33","0.98","Yes"
"190","-0.51 (0.55, CI: -1.59, 0.57)","-1.03 (0.48, CI: -1.98, -0.07)","-1.4 (0.5, CI: -2.39, -0.4)","-1.66 (0.56, CI: -2.76, -0.54)","-1.87 (0.65, CI: -3.13, -0.58)","-2.04 (0.75, CI: -3.5, -0.59)","-2.16 (0.86, CI: -3.83, -0.48)","-2.2 (0.98, CI: -4.07, -0.28)","-2.16 (1.1, CI: -4.26, 0.01)","-2.08 (1.23, CI: -4.41, 0.35)","-1.97 (1.38, CI: -4.6, 0.79)","-1.81 (1.54, CI: -4.8, 1.22)","-1.59 (1.75, CI: -5, 1.8)","-21.45 (10.47, CI: -41.5, -0.7)","3.31","0.98","Yes"
"202","-0.52 (0.55, CI: -1.62, 0.56)","-1.04 (0.48, CI: -1.97, -0.09)","-1.41 (0.49, CI: -2.39, -0.43)","-1.66 (0.56, CI: -2.75, -0.56)","-1.86 (0.65, CI: -3.1, -0.58)","-2.03 (0.75, CI: -3.46, -0.56)","-2.15 (0.86, CI: -3.8, -0.46)","-2.18 (0.97, CI: -4.04, -0.25)","-2.15 (1.1, CI: -4.27, 0.06)","-2.07 (1.23, CI: -4.43, 0.38)","-1.96 (1.38, CI: -4.64, 0.83)","-1.8 (1.55, CI: -4.79, 1.33)","-1.57 (1.76, CI: -5, 1.92)","-21.35 (10.46, CI: -41.46, -0.14)","3.32","0.98","Yes"
"160","-0.54 (0.59, CI: -1.69, 0.62)","-1.02 (0.52, CI: -2.02, 0.01)","-1.35 (0.53, CI: -2.36, -0.3)","-1.58 (0.58, CI: -2.71, -0.43)","-1.79 (0.67, CI: -3.08, -0.47)","-1.99 (0.76, CI: -3.42, -0.5)","-2.14 (0.87, CI: -3.77, -0.46)","-2.2 (0.98, CI: -4.05, -0.3)","-2.17 (1.1, CI: -4.27, -0.02)","-2.07 (1.22, CI: -4.39, 0.35)","-1.94 (1.37, CI: -4.55, 0.75)","-1.75 (1.54, CI: -4.66, 1.3)","-1.47 (1.76, CI: -4.89, 2.04)","-21.01 (10.58, CI: -41.11, -0.16)","3.54","0.98","Yes"
"184","-0.52 (0.58, CI: -1.69, 0.59)","-1 (0.51, CI: -2, -0.01)","-1.34 (0.52, CI: -2.35, -0.33)","-1.57 (0.58, CI: -2.7, -0.43)","-1.78 (0.67, CI: -3.08, -0.46)","-1.98 (0.77, CI: -3.46, -0.45)","-2.14 (0.88, CI: -3.8, -0.39)","-2.19 (0.99, CI: -4.08, -0.21)","-2.16 (1.12, CI: -4.29, 0.08)","-2.07 (1.25, CI: -4.44, 0.42)","-1.93 (1.41, CI: -4.59, 0.85)","-1.74 (1.59, CI: -4.75, 1.41)","-1.46 (1.81, CI: -4.91, 2.14)","-20.89 (10.72, CI: -41.84, 0.5)","3.54","0.98","Yes"
"196","-0.52 (0.58, CI: -1.67, 0.62)","-1 (0.51, CI: -2.02, 0)","-1.34 (0.52, CI: -2.37, -0.33)","-1.58 (0.58, CI: -2.75, -0.46)","-1.79 (0.67, CI: -3.16, -0.5)","-2 (0.77, CI: -3.57, -0.54)","-2.16 (0.88, CI: -3.91, -0.5)","-2.22 (0.99, CI: -4.21, -0.33)","-2.19 (1.12, CI: -4.48, -0.08)","-2.11 (1.26, CI: -4.63, 0.27)","-1.98 (1.41, CI: -4.78, 0.69)","-1.8 (1.6, CI: -4.94, 1.23)","-1.54 (1.82, CI: -5.11, 1.94)","-21.21 (10.75, CI: -43.16, -0.58)","3.54","0.98","Yes"
"148","-0.52 (0.58, CI: -1.65, 0.62)","-0.99 (0.51, CI: -1.98, 0.03)","-1.33 (0.52, CI: -2.34, -0.29)","-1.56 (0.58, CI: -2.69, -0.41)","-1.76 (0.67, CI: -3.07, -0.45)","-1.97 (0.77, CI: -3.49, -0.44)","-2.12 (0.87, CI: -3.85, -0.36)","-2.17 (0.99, CI: -4.12, -0.18)","-2.14 (1.11, CI: -4.31, 0.06)","-2.05 (1.24, CI: -4.47, 0.39)","-1.92 (1.39, CI: -4.62, 0.87)","-1.73 (1.56, CI: -4.81, 1.48)","-1.46 (1.78, CI: -4.92, 2.19)","-20.74 (10.63, CI: -41.71, 0.76)","3.53","0.98","Yes"
"155","0.19 (0.34, CI: -0.48, 0.84)","-4.4 (0.31, CI: -5.02, -3.8)","-8.33 (0.36, CI: -9.03, -7.63)","-11.71 (0.44, CI: -12.57, -10.85)","-14.62 (0.53, CI: -15.67, -13.59)","-17.15 (0.63, CI: -18.41, -15.91)","-19.36 (0.73, CI: -20.8, -17.91)","-21.27 (0.84, CI: -22.93, -19.62)","-22.9 (0.95, CI: -24.78, -21.05)","-24.25 (1.06, CI: -26.35, -22.16)","-25.31 (1.17, CI: -27.64, -22.98)","-26.04 (1.3, CI: -28.62, -23.49)","-26.37 (1.43, CI: -29.22, -23.53)","-208.42 (8.73, CI: -225.78, -191.21)","0.95","1.1","Yes"
"203","0.19 (0.34, CI: -0.47, 0.85)","-4.39 (0.3, CI: -4.97, -3.82)","-8.32 (0.34, CI: -8.99, -7.65)","-11.69 (0.42, CI: -12.53, -10.87)","-14.6 (0.52, CI: -15.63, -13.58)","-17.14 (0.62, CI: -18.37, -15.94)","-19.35 (0.72, CI: -20.77, -17.94)","-21.26 (0.82, CI: -22.88, -19.64)","-22.89 (0.93, CI: -24.72, -21.08)","-24.24 (1.04, CI: -26.27, -22.23)","-25.29 (1.15, CI: -27.52, -23.07)","-26.03 (1.27, CI: -28.52, -23.57)","-26.36 (1.4, CI: -29.12, -23.65)","-208.28 (8.52, CI: -225.01, -191.62)","0.99","1.1","Yes"
"147","-0.5 (1.01, CI: -2.47, 1.48)","-4.9 (0.89, CI: -6.62, -3.14)","-8.68 (0.87, CI: -10.33, -6.93)","-11.94 (0.92, CI: -13.67, -10.08)","-14.78 (1.02, CI: -16.74, -12.74)","-17.3 (1.15, CI: -19.47, -14.98)","-19.53 (1.28, CI: -21.97, -16.97)","-21.47 (1.43, CI: -24.24, -18.6)","-23.1 (1.58, CI: -26.17, -19.92)","-24.43 (1.75, CI: -27.81, -20.91)","-25.48 (1.92, CI: -29.17, -21.64)","-26.25 (2.12, CI: -30.36, -22)","-26.65 (2.36, CI: -31.27, -21.91)","-211.44 (15.55, CI: -241.2, -179.92)","5.47","1.26","Yes"
"216","-0.31 (0.57, CI: -1.41, 0.78)","-0.81 (0.49, CI: -1.73, 0.16)","-1.14 (0.5, CI: -2.08, -0.16)","-1.36 (0.56, CI: -2.42, -0.26)","-1.53 (0.64, CI: -2.77, -0.26)","-1.7 (0.73, CI: -3.09, -0.22)","-1.81 (0.83, CI: -3.39, -0.12)","-1.83 (0.94, CI: -3.61, 0.07)","-1.76 (1.06, CI: -3.77, 0.37)","-1.64 (1.18, CI: -3.89, 0.74)","-1.48 (1.32, CI: -4, 1.18)","-1.26 (1.49, CI: -4.16, 1.74)","-0.94 (1.69, CI: -4.26, 2.44)","-16.94 (10.12, CI: -36.01, 3.77)","3.36","0.93","Yes"
"191","0.19 (0.35, CI: -0.48, 0.87)","-4.4 (0.3, CI: -5, -3.81)","-8.33 (0.35, CI: -9.01, -7.66)","-11.71 (0.43, CI: -12.54, -10.9)","-14.62 (0.52, CI: -15.64, -13.64)","-17.16 (0.62, CI: -18.37, -15.99)","-19.37 (0.72, CI: -20.75, -18)","-21.29 (0.82, CI: -22.86, -19.69)","-22.92 (0.92, CI: -24.68, -21.11)","-24.28 (1.03, CI: -26.23, -22.24)","-25.34 (1.14, CI: -27.54, -23.07)","-26.08 (1.26, CI: -28.55, -23.56)","-26.41 (1.4, CI: -29.16, -23.61)","-208.61 (8.49, CI: -224.99, -191.95)","0.98","1.1","Yes"
"217","0.2 (0.35, CI: -0.5, 0.91)","-4.39 (0.3, CI: -4.99, -3.79)","-8.33 (0.36, CI: -9.04, -7.63)","-11.72 (0.44, CI: -12.58, -10.86)","-14.64 (0.54, CI: -15.68, -13.6)","-17.19 (0.64, CI: -18.43, -15.94)","-19.41 (0.74, CI: -20.87, -17.94)","-21.33 (0.86, CI: -22.99, -19.65)","-22.96 (0.97, CI: -24.82, -21.07)","-24.31 (1.08, CI: -26.39, -22.2)","-25.38 (1.2, CI: -27.67, -23.03)","-26.14 (1.32, CI: -28.67, -23.5)","-26.5 (1.46, CI: -29.29, -23.61)","-208.94 (8.83, CI: -226.06, -191.71)","0.94","1.16","Yes"
"244","-0.16 (0.54, CI: -1.2, 0.92)","-0.75 (0.46, CI: -1.64, 0.16)","-1.16 (0.48, CI: -2.09, -0.22)","-1.42 (0.54, CI: -2.51, -0.36)","-1.61 (0.62, CI: -2.86, -0.37)","-1.76 (0.72, CI: -3.17, -0.33)","-1.84 (0.82, CI: -3.44, -0.23)","-1.83 (0.93, CI: -3.65, -0.02)","-1.75 (1.05, CI: -3.81, 0.3)","-1.62 (1.18, CI: -3.94, 0.67)","-1.45 (1.32, CI: -4.04, 1.12)","-1.21 (1.48, CI: -4.09, 1.73)","-0.87 (1.68, CI: -4.13, 2.46)","-16.92 (9.94, CI: -36.81, 2.79)","3.05","0.93","Yes"
"171","-0.47 (1, CI: -2.41, 1.5)","-4.87 (0.88, CI: -6.54, -3.17)","-8.65 (0.86, CI: -10.3, -7.04)","-11.91 (0.91, CI: -13.64, -10.2)","-14.75 (1, CI: -16.66, -12.83)","-17.26 (1.12, CI: -19.44, -15.12)","-19.5 (1.25, CI: -21.91, -17.06)","-21.43 (1.39, CI: -24.15, -18.7)","-23.06 (1.54, CI: -26.1, -20.01)","-24.39 (1.7, CI: -27.81, -21)","-25.44 (1.87, CI: -29.23, -21.73)","-26.2 (2.06, CI: -30.39, -22.11)","-26.6 (2.28, CI: -31.21, -22.09)","-211 (15.13, CI: -240.96, -181.44)","5.48","1.27","Yes"
"236","-0.17 (0.55, CI: -1.24, 0.92)","-0.76 (0.48, CI: -1.69, 0.17)","-1.16 (0.48, CI: -2.1, -0.22)","-1.43 (0.54, CI: -2.49, -0.38)","-1.61 (0.62, CI: -2.82, -0.4)","-1.75 (0.72, CI: -3.16, -0.35)","-1.83 (0.83, CI: -3.44, -0.2)","-1.82 (0.94, CI: -3.65, 0.03)","-1.75 (1.05, CI: -3.8, 0.31)","-1.61 (1.18, CI: -3.89, 0.71)","-1.44 (1.32, CI: -4.01, 1.14)","-1.2 (1.48, CI: -4.07, 1.71)","-0.86 (1.68, CI: -4.15, 2.43)","-16.88 (9.99, CI: -36.21, 2.54)","3.06","0.93","Yes"
"177","-0.48 (1.01, CI: -2.49, 1.55)","-4.97 (0.87, CI: -6.76, -3.27)","-8.81 (0.85, CI: -10.51, -7.16)","-12.1 (0.89, CI: -13.91, -10.35)","-14.95 (0.98, CI: -16.9, -12.98)","-17.43 (1.09, CI: -19.64, -15.23)","-19.61 (1.22, CI: -22.02, -17.17)","-21.5 (1.36, CI: -24.18, -18.85)","-23.11 (1.5, CI: -26.08, -20.26)","-24.44 (1.66, CI: -27.76, -21.3)","-25.48 (1.82, CI: -29.13, -22.06)","-26.23 (2.01, CI: -30.25, -22.42)","-26.58 (2.23, CI: -31.02, -22.32)","-212.15 (14.79, CI: -241.96, -183.03)","5.3","1.25","Yes"
"212","-0.19 (0.54, CI: -1.23, 0.83)","-0.78 (0.47, CI: -1.66, 0.13)","-1.19 (0.48, CI: -2.11, -0.24)","-1.46 (0.54, CI: -2.46, -0.38)","-1.65 (0.62, CI: -2.82, -0.41)","-1.79 (0.71, CI: -3.16, -0.38)","-1.87 (0.82, CI: -3.47, -0.25)","-1.86 (0.92, CI: -3.69, -0.02)","-1.79 (1.04, CI: -3.83, 0.28)","-1.66 (1.16, CI: -3.94, 0.63)","-1.49 (1.3, CI: -4.02, 1.07)","-1.25 (1.46, CI: -4.08, 1.62)","-0.91 (1.66, CI: -4.17, 2.32)","-17.33 (9.91, CI: -36.64, 2.41)","3.02","0.93","Yes"
"195","-0.45 (1.01, CI: -2.38, 1.53)","-4.86 (0.88, CI: -6.53, -3.1)","-8.64 (0.86, CI: -10.29, -6.97)","-11.9 (0.91, CI: -13.66, -10.12)","-14.74 (1.01, CI: -16.74, -12.76)","-17.26 (1.13, CI: -19.53, -15.04)","-19.49 (1.27, CI: -22.03, -17)","-21.42 (1.42, CI: -24.25, -18.64)","-23.05 (1.57, CI: -26.17, -19.99)","-24.38 (1.74, CI: -27.86, -20.97)","-25.42 (1.92, CI: -29.24, -21.69)","-26.18 (2.12, CI: -30.33, -22.07)","-26.57 (2.36, CI: -31.24, -22)","-210.86 (15.42, CI: -240.93, -180.72)","5.45","1.26","Yes"
"165","-0.52 (0.99, CI: -2.41, 1.41)","-4.99 (0.86, CI: -6.68, -3.35)","-8.83 (0.84, CI: -10.49, -7.22)","-12.12 (0.89, CI: -13.93, -10.4)","-14.96 (0.99, CI: -17, -13.04)","-17.44 (1.11, CI: -19.69, -15.28)","-19.62 (1.24, CI: -22.12, -17.19)","-21.5 (1.39, CI: -24.28, -18.77)","-23.11 (1.54, CI: -26.15, -20.05)","-24.44 (1.7, CI: -27.8, -21.08)","-25.49 (1.88, CI: -29.14, -21.77)","-26.24 (2.08, CI: -30.24, -22.19)","-26.59 (2.31, CI: -31.07, -22.09)","-212.3 (15.09, CI: -242.76, -182.14)","5.31","1.24","Yes"
"185","-0.03 (0.53, CI: -1.08, 0.96)","-4.55 (0.46, CI: -5.49, -3.69)","-8.43 (0.47, CI: -9.39, -7.53)","-11.77 (0.52, CI: -12.81, -10.76)","-14.67 (0.59, CI: -15.87, -13.51)","-17.22 (0.68, CI: -18.58, -15.87)","-19.46 (0.78, CI: -21.01, -17.91)","-21.41 (0.88, CI: -23.13, -19.62)","-23.05 (0.99, CI: -24.96, -21.06)","-24.41 (1.09, CI: -26.55, -22.2)","-25.47 (1.21, CI: -27.86, -23.07)","-26.24 (1.33, CI: -28.89, -23.58)","-26.61 (1.47, CI: -29.52, -23.65)","-210.01 (9.37, CI: -228.56, -191.12)","3.27","1.11","Yes"
"206","-0.31 (0.39, CI: -1.1, 0.44)","-0.92 (0.31, CI: -1.54, -0.32)","-1.35 (0.32, CI: -1.99, -0.74)","-1.65 (0.36, CI: -2.37, -0.95)","-1.9 (0.42, CI: -2.74, -1.08)","-2.13 (0.49, CI: -3.09, -1.19)","-2.32 (0.57, CI: -3.44, -1.23)","-2.44 (0.65, CI: -3.72, -1.2)","-2.5 (0.73, CI: -3.95, -1.09)","-2.51 (0.83, CI: -4.14, -0.92)","-2.49 (0.93, CI: -4.34, -0.67)","-2.42 (1.05, CI: -4.56, -0.36)","-2.27 (1.21, CI: -4.75, 0.12)","-23.91 (6.89, CI: -37.61, -10.34)","2.57","0.86","Yes"
"173","-0.02 (0.51, CI: -1.05, 0.98)","-4.54 (0.45, CI: -5.42, -3.67)","-8.41 (0.46, CI: -9.31, -7.52)","-11.76 (0.51, CI: -12.74, -10.78)","-14.66 (0.59, CI: -15.81, -13.55)","-17.2 (0.67, CI: -18.54, -15.93)","-19.45 (0.77, CI: -20.97, -17.97)","-21.39 (0.87, CI: -23.11, -19.7)","-23.04 (0.97, CI: -24.97, -21.14)","-24.39 (1.08, CI: -26.5, -22.27)","-25.46 (1.19, CI: -27.79, -23.1)","-26.22 (1.31, CI: -28.75, -23.65)","-26.59 (1.45, CI: -29.45, -23.76)","-209.81 (9.25, CI: -228.03, -191.7)","3.26","1.11","Yes"
"153","-0.48 (1.01, CI: -2.47, 1.49)","-4.96 (0.87, CI: -6.68, -3.26)","-8.8 (0.85, CI: -10.41, -7.15)","-12.08 (0.89, CI: -13.81, -10.35)","-14.92 (0.98, CI: -16.83, -13.03)","-17.39 (1.1, CI: -19.53, -15.28)","-19.56 (1.24, CI: -21.94, -17.17)","-21.44 (1.38, CI: -24.13, -18.77)","-23.04 (1.53, CI: -26.01, -20.07)","-24.37 (1.69, CI: -27.65, -21.07)","-25.41 (1.87, CI: -29.05, -21.75)","-26.15 (2.07, CI: -30.15, -22.1)","-26.5 (2.3, CI: -30.97, -21.94)","-211.62 (15.04, CI: -240.63, -182.4)","5.3","1.25","Yes"
"218","-0.08 (0.26, CI: -0.6, 0.46)","-0.77 (0.23, CI: -1.21, -0.32)","-1.28 (0.27, CI: -1.82, -0.75)","-1.65 (0.34, CI: -2.32, -0.99)","-1.94 (0.4, CI: -2.73, -1.15)","-2.17 (0.48, CI: -3.12, -1.24)","-2.35 (0.56, CI: -3.45, -1.25)","-2.46 (0.65, CI: -3.74, -1.19)","-2.52 (0.74, CI: -3.94, -1.09)","-2.55 (0.83, CI: -4.14, -0.93)","-2.56 (0.92, CI: -4.37, -0.73)","-2.53 (1.03, CI: -4.53, -0.53)","-2.45 (1.15, CI: -4.67, -0.2)","-24.04 (6.7, CI: -37.06, -11.08)","0.47","0.9","Yes"
"228","-0.17 (0.54, CI: -1.24, 0.89)","-0.76 (0.48, CI: -1.68, 0.19)","-1.18 (0.49, CI: -2.11, -0.18)","-1.45 (0.55, CI: -2.51, -0.35)","-1.64 (0.63, CI: -2.87, -0.41)","-1.78 (0.72, CI: -3.23, -0.39)","-1.86 (0.82, CI: -3.52, -0.26)","-1.86 (0.93, CI: -3.72, -0.03)","-1.79 (1.05, CI: -3.88, 0.25)","-1.66 (1.17, CI: -3.99, 0.64)","-1.49 (1.31, CI: -4.08, 1.1)","-1.25 (1.47, CI: -4.12, 1.65)","-0.92 (1.66, CI: -4.14, 2.44)","-17.25 (10, CI: -37.15, 2.28)","3.05","0.93","Yes"
"189","-0.5 (0.98, CI: -2.45, 1.46)","-4.97 (0.85, CI: -6.64, -3.29)","-8.8 (0.83, CI: -10.47, -7.2)","-12.09 (0.88, CI: -13.87, -10.4)","-14.93 (0.98, CI: -16.89, -13.04)","-17.41 (1.1, CI: -19.61, -15.27)","-19.58 (1.22, CI: -22.03, -17.21)","-21.46 (1.36, CI: -24.19, -18.84)","-23.07 (1.51, CI: -26.08, -20.17)","-24.4 (1.67, CI: -27.73, -21.2)","-25.45 (1.84, CI: -29.14, -21.91)","-26.2 (2.03, CI: -30.27, -22.33)","-26.57 (2.26, CI: -31.09, -22.23)","-211.92 (14.84, CI: -241.51, -183.34)","5.3","1.25","Yes"
"201","-0.47 (1, CI: -2.45, 1.58)","-4.95 (0.89, CI: -6.73, -3.13)","-8.78 (0.87, CI: -10.53, -7.05)","-12.07 (0.91, CI: -13.91, -10.29)","-14.9 (1.01, CI: -16.92, -12.93)","-17.38 (1.12, CI: -19.64, -15.17)","-19.55 (1.25, CI: -22.07, -17.12)","-21.43 (1.39, CI: -24.22, -18.73)","-23.04 (1.54, CI: -26.11, -20.04)","-24.36 (1.69, CI: -27.79, -21.06)","-25.4 (1.86, CI: -29.15, -21.74)","-26.15 (2.05, CI: -30.28, -22.1)","-26.5 (2.26, CI: -31.08, -22.09)","-211.49 (15.18, CI: -242.03, -181.6)","5.3","1.25","Yes"
"183","-0.47 (1.02, CI: -2.44, 1.54)","-4.86 (0.89, CI: -6.59, -3.14)","-8.64 (0.87, CI: -10.27, -6.94)","-11.89 (0.92, CI: -13.64, -10.1)","-14.73 (1.01, CI: -16.7, -12.74)","-17.24 (1.13, CI: -19.45, -15.04)","-19.46 (1.26, CI: -21.94, -17.02)","-21.39 (1.4, CI: -24.16, -18.64)","-23.01 (1.55, CI: -26.06, -19.96)","-24.34 (1.7, CI: -27.66, -20.97)","-25.38 (1.87, CI: -28.96, -21.66)","-26.13 (2.06, CI: -30.09, -22.02)","-26.52 (2.28, CI: -30.96, -22.01)","-210.58 (15.23, CI: -240.07, -180.54)","5.45","1.27","Yes"
"159","-0.48 (1, CI: -2.44, 1.46)","-4.88 (0.87, CI: -6.61, -3.13)","-8.66 (0.85, CI: -10.36, -6.93)","-11.91 (0.91, CI: -13.68, -10.09)","-14.74 (1.01, CI: -16.73, -12.74)","-17.25 (1.13, CI: -19.46, -15.05)","-19.47 (1.27, CI: -21.94, -17)","-21.4 (1.41, CI: -24.14, -18.63)","-23.01 (1.56, CI: -26.07, -19.93)","-24.33 (1.73, CI: -27.67, -20.89)","-25.37 (1.9, CI: -29.03, -21.61)","-26.11 (2.1, CI: -30.17, -21.97)","-26.48 (2.33, CI: -31.01, -21.9)","-210.62 (15.33, CI: -240.67, -180.62)","5.46","1.27","Yes"
"220","-0.17 (0.53, CI: -1.21, 0.9)","-0.76 (0.46, CI: -1.65, 0.15)","-1.17 (0.48, CI: -2.11, -0.23)","-1.43 (0.54, CI: -2.47, -0.36)","-1.62 (0.63, CI: -2.82, -0.39)","-1.77 (0.72, CI: -3.16, -0.34)","-1.84 (0.83, CI: -3.46, -0.2)","-1.84 (0.94, CI: -3.67, 0.02)","-1.76 (1.06, CI: -3.82, 0.35)","-1.63 (1.2, CI: -3.96, 0.72)","-1.45 (1.34, CI: -4.05, 1.19)","-1.21 (1.5, CI: -4.1, 1.8)","-0.88 (1.7, CI: -4.19, 2.57)","-17.01 (10.05, CI: -36.33, 2.6)","3.07","0.93","Yes"
"149","-0.03 (0.53, CI: -1.08, 1.02)","-4.55 (0.46, CI: -5.46, -3.65)","-8.43 (0.46, CI: -9.35, -7.51)","-11.77 (0.51, CI: -12.78, -10.76)","-14.67 (0.59, CI: -15.83, -13.52)","-17.22 (0.68, CI: -18.56, -15.89)","-19.46 (0.77, CI: -20.98, -17.94)","-21.4 (0.88, CI: -23.13, -19.69)","-23.05 (0.98, CI: -25.01, -21.1)","-24.4 (1.09, CI: -26.55, -22.23)","-25.47 (1.21, CI: -27.85, -23.06)","-26.23 (1.33, CI: -28.88, -23.58)","-26.6 (1.48, CI: -29.48, -23.69)","-209.96 (9.35, CI: -228.6, -191.72)","3.26","1.11","Yes"
"222","-0.3 (0.39, CI: -1.06, 0.48)","-0.92 (0.32, CI: -1.55, -0.31)","-1.37 (0.32, CI: -2.01, -0.73)","-1.67 (0.37, CI: -2.4, -0.96)","-1.92 (0.43, CI: -2.79, -1.09)","-2.16 (0.5, CI: -3.16, -1.19)","-2.36 (0.58, CI: -3.5, -1.24)","-2.48 (0.66, CI: -3.78, -1.22)","-2.55 (0.74, CI: -4.01, -1.1)","-2.57 (0.84, CI: -4.22, -0.94)","-2.55 (0.94, CI: -4.38, -0.73)","-2.48 (1.07, CI: -4.56, -0.41)","-2.32 (1.22, CI: -4.71, 0.05)","-24.34 (6.99, CI: -38.1, -10.89)","2.57","0.87","Yes"
"197","0 (0.52, CI: -1, 1.01)","-4.52 (0.45, CI: -5.39, -3.63)","-8.4 (0.46, CI: -9.3, -7.47)","-11.74 (0.51, CI: -12.74, -10.73)","-14.64 (0.59, CI: -15.8, -13.47)","-17.19 (0.68, CI: -18.5, -15.84)","-19.43 (0.78, CI: -20.96, -17.89)","-21.37 (0.88, CI: -23.11, -19.67)","-23.02 (0.98, CI: -24.97, -21.12)","-24.37 (1.09, CI: -26.51, -22.27)","-25.43 (1.2, CI: -27.77, -23.11)","-26.19 (1.33, CI: -28.8, -23.63)","-26.56 (1.47, CI: -29.45, -23.68)","-209.6 (9.34, CI: -227.72, -191.22)","3.25","1.11","Yes"
"224","-0.32 (0.57, CI: -1.45, 0.79)","-0.81 (0.5, CI: -1.77, 0.17)","-1.13 (0.51, CI: -2.12, -0.13)","-1.35 (0.57, CI: -2.47, -0.23)","-1.51 (0.65, CI: -2.83, -0.25)","-1.67 (0.74, CI: -3.2, -0.22)","-1.77 (0.85, CI: -3.46, -0.1)","-1.78 (0.96, CI: -3.67, 0.1)","-1.71 (1.08, CI: -3.84, 0.4)","-1.58 (1.22, CI: -3.96, 0.79)","-1.41 (1.36, CI: -4.13, 1.25)","-1.17 (1.53, CI: -4.17, 1.82)","-0.85 (1.74, CI: -4.29, 2.56)","-16.48 (10.41, CI: -36.96, 3.92)","3.36","0.93","Yes"
"214","-0.3 (0.39, CI: -1.11, 0.44)","-0.92 (0.32, CI: -1.57, -0.31)","-1.35 (0.32, CI: -2, -0.71)","-1.65 (0.36, CI: -2.37, -0.94)","-1.89 (0.42, CI: -2.72, -1.07)","-2.12 (0.49, CI: -3.09, -1.17)","-2.31 (0.57, CI: -3.45, -1.22)","-2.43 (0.65, CI: -3.75, -1.18)","-2.48 (0.74, CI: -3.97, -1.06)","-2.5 (0.83, CI: -4.16, -0.89)","-2.48 (0.94, CI: -4.28, -0.64)","-2.4 (1.06, CI: -4.41, -0.28)","-2.24 (1.22, CI: -4.56, 0.18)","-23.79 (6.91, CI: -37.8, -10.2)","2.58","0.86","Yes"
"161","-0.02 (0.53, CI: -1.08, 1.04)","-4.53 (0.46, CI: -5.47, -3.61)","-8.41 (0.47, CI: -9.35, -7.5)","-11.74 (0.51, CI: -12.75, -10.72)","-14.63 (0.59, CI: -15.77, -13.47)","-17.18 (0.68, CI: -18.49, -15.82)","-19.41 (0.78, CI: -20.93, -17.89)","-21.35 (0.88, CI: -23.05, -19.6)","-22.99 (0.98, CI: -24.89, -21.02)","-24.34 (1.09, CI: -26.44, -22.17)","-25.39 (1.2, CI: -27.7, -23.04)","-26.15 (1.32, CI: -28.69, -23.56)","-26.51 (1.46, CI: -29.34, -23.64)","-209.39 (9.32, CI: -227.36, -190.65)","3.27","1.11","Yes"
"232","-0.3 (0.59, CI: -1.43, 0.85)","-0.8 (0.51, CI: -1.8, 0.2)","-1.13 (0.51, CI: -2.13, -0.13)","-1.35 (0.57, CI: -2.45, -0.22)","-1.52 (0.64, CI: -2.77, -0.24)","-1.67 (0.73, CI: -3.1, -0.24)","-1.78 (0.83, CI: -3.39, -0.15)","-1.79 (0.94, CI: -3.61, 0.05)","-1.71 (1.05, CI: -3.73, 0.34)","-1.58 (1.18, CI: -3.83, 0.68)","-1.41 (1.31, CI: -3.94, 1.16)","-1.17 (1.47, CI: -3.99, 1.77)","-0.85 (1.67, CI: -4.06, 2.54)","-16.49 (10.09, CI: -36.39, 3.19)","3.37","0.93","Yes"
"238","-0.3 (0.39, CI: -1.08, 0.46)","-0.92 (0.32, CI: -1.55, -0.31)","-1.35 (0.32, CI: -1.99, -0.72)","-1.65 (0.36, CI: -2.37, -0.92)","-1.89 (0.42, CI: -2.72, -1.04)","-2.12 (0.49, CI: -3.08, -1.15)","-2.31 (0.57, CI: -3.46, -1.2)","-2.44 (0.65, CI: -3.73, -1.14)","-2.49 (0.74, CI: -3.95, -1.01)","-2.51 (0.83, CI: -4.12, -0.85)","-2.49 (0.93, CI: -4.32, -0.64)","-2.41 (1.04, CI: -4.44, -0.36)","-2.26 (1.2, CI: -4.54, 0.11)","-23.88 (6.88, CI: -37.66, -10.24)","2.57","0.86","Yes"
"230","-0.31 (0.39, CI: -1.1, 0.44)","-0.93 (0.32, CI: -1.56, -0.33)","-1.36 (0.32, CI: -2.01, -0.74)","-1.66 (0.36, CI: -2.36, -0.96)","-1.91 (0.41, CI: -2.7, -1.1)","-2.14 (0.48, CI: -3.08, -1.18)","-2.34 (0.56, CI: -3.44, -1.21)","-2.46 (0.64, CI: -3.73, -1.18)","-2.52 (0.73, CI: -3.95, -1.08)","-2.53 (0.82, CI: -4.16, -0.93)","-2.51 (0.92, CI: -4.31, -0.72)","-2.44 (1.04, CI: -4.46, -0.45)","-2.28 (1.2, CI: -4.61, 0.01)","-24.1 (6.78, CI: -37.47, -10.91)","2.57","0.85","Yes"
"240","-0.31 (0.58, CI: -1.46, 0.82)","-0.81 (0.5, CI: -1.8, 0.17)","-1.14 (0.52, CI: -2.16, -0.12)","-1.36 (0.58, CI: -2.48, -0.22)","-1.53 (0.66, CI: -2.82, -0.25)","-1.69 (0.76, CI: -3.15, -0.21)","-1.8 (0.86, CI: -3.48, -0.14)","-1.81 (0.97, CI: -3.7, 0.07)","-1.75 (1.09, CI: -3.88, 0.35)","-1.62 (1.22, CI: -4.04, 0.72)","-1.45 (1.37, CI: -4.16, 1.16)","-1.22 (1.54, CI: -4.21, 1.69)","-0.91 (1.74, CI: -4.35, 2.44)","-16.79 (10.47, CI: -37.17, 3.41)","3.37","0.92","Yes"
"209","0.23 (0.38, CI: -0.51, 1.04)","-4.37 (0.31, CI: -4.99, -3.8)","-8.32 (0.36, CI: -9.03, -7.59)","-11.72 (0.45, CI: -12.56, -10.79)","-14.66 (0.56, CI: -15.67, -13.52)","-17.2 (0.66, CI: -18.39, -15.86)","-19.42 (0.75, CI: -20.83, -17.88)","-21.33 (0.86, CI: -22.96, -19.58)","-22.97 (0.97, CI: -24.8, -20.97)","-24.33 (1.09, CI: -26.37, -22.06)","-25.41 (1.22, CI: -27.63, -22.88)","-26.18 (1.36, CI: -28.6, -23.35)","-26.55 (1.51, CI: -29.22, -23.4)","-209.08 (8.95, CI: -225.63, -190.75)","0.93","1.16","Yes"
"215","-0.04 (1.01, CI: -1.99, 1.94)","-4.33 (0.88, CI: -6.06, -2.61)","-8.07 (0.86, CI: -9.75, -6.42)","-11.34 (0.91, CI: -13.13, -9.57)","-14.22 (1, CI: -16.18, -12.29)","-16.79 (1.12, CI: -18.98, -14.63)","-19.06 (1.25, CI: -21.47, -16.61)","-21.01 (1.4, CI: -23.71, -18.26)","-22.6 (1.54, CI: -25.6, -19.58)","-23.88 (1.7, CI: -27.2, -20.62)","-24.9 (1.87, CI: -28.52, -21.25)","-25.7 (2.06, CI: -29.69, -21.65)","-26.21 (2.28, CI: -30.63, -21.74)","-205.03 (15.15, CI: -234.59, -176.1)","5.29","1.22","Yes"
"208","-0.32 (0.58, CI: -1.44, 0.82)","-0.81 (0.5, CI: -1.78, 0.17)","-1.15 (0.51, CI: -2.14, -0.14)","-1.36 (0.56, CI: -2.46, -0.26)","-1.54 (0.64, CI: -2.77, -0.29)","-1.7 (0.74, CI: -3.13, -0.27)","-1.81 (0.84, CI: -3.46, -0.17)","-1.83 (0.95, CI: -3.66, 0.04)","-1.77 (1.06, CI: -3.8, 0.34)","-1.64 (1.19, CI: -3.95, 0.71)","-1.48 (1.33, CI: -4.09, 1.15)","-1.26 (1.49, CI: -4.19, 1.7)","-0.95 (1.69, CI: -4.31, 2.42)","-16.98 (10.16, CI: -36.76, 3.05)","3.35","0.92","Yes"
"223","0 (1.03, CI: -2.12, 2.04)","-4.29 (0.9, CI: -6.13, -2.48)","-8.02 (0.87, CI: -9.79, -6.32)","-11.29 (0.91, CI: -13.13, -9.5)","-14.17 (0.99, CI: -16.17, -12.23)","-16.74 (1.1, CI: -18.93, -14.63)","-19.01 (1.23, CI: -21.43, -16.67)","-20.96 (1.36, CI: -23.64, -18.34)","-22.55 (1.5, CI: -25.5, -19.62)","-23.83 (1.65, CI: -27.1, -20.61)","-24.86 (1.81, CI: -28.45, -21.25)","-25.66 (2, CI: -29.63, -21.66)","-26.19 (2.22, CI: -30.57, -21.75)","-204.49 (14.83, CI: -233.78, -175.7)","5.28","1.23","Yes"
"213","-0.15 (0.62, CI: -1.36, 1.07)","-4.61 (0.53, CI: -5.64, -3.56)","-8.47 (0.52, CI: -9.51, -7.43)","-11.82 (0.56, CI: -12.92, -10.72)","-14.75 (0.63, CI: -15.96, -13.53)","-17.34 (0.71, CI: -18.71, -15.93)","-19.63 (0.81, CI: -21.2, -18.06)","-21.6 (0.92, CI: -23.42, -19.83)","-23.24 (1.03, CI: -25.28, -21.25)","-24.58 (1.15, CI: -26.82, -22.35)","-25.64 (1.27, CI: -28.11, -23.15)","-26.44 (1.4, CI: -29.18, -23.68)","-26.88 (1.56, CI: -29.9, -23.83)","-211.66 (9.85, CI: -230.41, -192.44)","4.12","1.17","Yes"
"225","0.2 (0.35, CI: -0.49, 0.87)","-4.39 (0.3, CI: -5.01, -3.8)","-8.33 (0.37, CI: -9.1, -7.62)","-11.73 (0.45, CI: -12.67, -10.82)","-14.66 (0.55, CI: -15.74, -13.55)","-17.21 (0.65, CI: -18.48, -15.93)","-19.43 (0.76, CI: -20.91, -17.93)","-21.35 (0.87, CI: -23.08, -19.62)","-22.99 (0.99, CI: -24.97, -21.03)","-24.34 (1.11, CI: -26.55, -22.16)","-25.41 (1.24, CI: -27.85, -22.98)","-26.17 (1.36, CI: -28.84, -23.48)","-26.52 (1.49, CI: -29.4, -23.58)","-209.17 (9.04, CI: -227.03, -191.25)","0.92","1.17","Yes"
"243","0.1 (0.96, CI: -1.79, 1.99)","-4.34 (0.83, CI: -5.97, -2.7)","-8.19 (0.8, CI: -9.72, -6.61)","-11.53 (0.85, CI: -13.17, -9.9)","-14.44 (0.94, CI: -16.31, -12.61)","-16.98 (1.05, CI: -19.07, -14.93)","-19.18 (1.18, CI: -21.54, -16.9)","-21.07 (1.33, CI: -23.75, -18.48)","-22.66 (1.48, CI: -25.62, -19.75)","-23.97 (1.64, CI: -27.25, -20.74)","-25.03 (1.82, CI: -28.65, -21.48)","-25.81 (2.01, CI: -29.83, -21.84)","-26.26 (2.25, CI: -30.76, -21.8)","-206.28 (14.4, CI: -235.37, -178.28)","5","1.22","Yes"
"235","0.12 (0.96, CI: -1.72, 2.06)","-4.34 (0.85, CI: -5.99, -2.63)","-8.19 (0.83, CI: -9.81, -6.51)","-11.54 (0.89, CI: -13.25, -9.75)","-14.45 (0.98, CI: -16.36, -12.47)","-16.99 (1.09, CI: -19.12, -14.8)","-19.21 (1.22, CI: -21.57, -16.73)","-21.1 (1.36, CI: -23.76, -18.41)","-22.7 (1.5, CI: -25.64, -19.72)","-24.02 (1.66, CI: -27.25, -20.75)","-25.08 (1.83, CI: -28.63, -21.48)","-25.88 (2.01, CI: -29.77, -21.93)","-26.35 (2.23, CI: -30.72, -21.98)","-206.63 (14.72, CI: -235.48, -176.89)","5","1.21","Yes"
"207","-0.01 (0.97, CI: -1.9, 1.93)","-4.3 (0.84, CI: -5.97, -2.63)","-8.04 (0.82, CI: -9.68, -6.39)","-11.31 (0.88, CI: -13.01, -9.56)","-14.19 (0.98, CI: -16.08, -12.28)","-16.77 (1.1, CI: -18.9, -14.61)","-19.05 (1.23, CI: -21.47, -16.6)","-21 (1.38, CI: -23.69, -18.22)","-22.6 (1.53, CI: -25.57, -19.52)","-23.88 (1.68, CI: -27.2, -20.52)","-24.9 (1.86, CI: -28.6, -21.24)","-25.7 (2.05, CI: -29.76, -21.68)","-26.22 (2.27, CI: -30.75, -21.78)","-204.87 (14.88, CI: -234.58, -175.35)","5.25","1.22","Yes"
"205","0.13 (0.69, CI: -1.28, 0.96)","-4.42 (0.54, CI: -5.58, -3.67)","-8.36 (0.47, CI: -9.43, -7.52)","-11.78 (0.49, CI: -12.87, -10.79)","-14.77 (0.55, CI: -15.91, -13.56)","-17.38 (0.63, CI: -18.67, -15.98)","-19.66 (0.71, CI: -21.14, -18.09)","-21.63 (0.8, CI: -23.28, -19.86)","-23.28 (0.89, CI: -25.13, -21.29)","-24.64 (1, CI: -26.7, -22.42)","-25.73 (1.12, CI: -27.97, -23.24)","-26.54 (1.25, CI: -28.98, -23.77)","-27.02 (1.4, CI: -29.72, -23.92)","-211.63 (8.54, CI: -230.3, -193.16)","3.99","1.2","No"
"233","0.21 (0.35, CI: -0.5, 0.89)","-4.37 (0.3, CI: -4.97, -3.79)","-8.3 (0.36, CI: -9.01, -7.61)","-11.68 (0.44, CI: -12.58, -10.83)","-14.6 (0.54, CI: -15.69, -13.57)","-17.13 (0.63, CI: -18.4, -15.93)","-19.34 (0.74, CI: -20.8, -17.97)","-21.25 (0.85, CI: -22.91, -19.67)","-22.88 (0.96, CI: -24.77, -21.07)","-24.22 (1.07, CI: -26.36, -22.19)","-25.28 (1.19, CI: -27.63, -23.03)","-26.02 (1.31, CI: -28.64, -23.56)","-26.37 (1.45, CI: -29.28, -23.63)","-208.16 (8.79, CI: -225.42, -191.64)","0.92","1.17","Yes"
"241","0.19 (0.36, CI: -0.51, 0.9)","-4.39 (0.31, CI: -5.02, -3.78)","-8.32 (0.36, CI: -9.04, -7.59)","-11.7 (0.44, CI: -12.56, -10.83)","-14.63 (0.53, CI: -15.65, -13.58)","-17.19 (0.63, CI: -18.39, -15.95)","-19.42 (0.73, CI: -20.82, -17.96)","-21.34 (0.84, CI: -22.96, -19.7)","-22.97 (0.95, CI: -24.81, -21.13)","-24.3 (1.06, CI: -26.35, -22.24)","-25.35 (1.18, CI: -27.63, -23.07)","-26.1 (1.3, CI: -28.6, -23.54)","-26.47 (1.44, CI: -29.21, -23.62)","-208.84 (8.67, CI: -225.77, -191.75)","0.96","1.16","No"
"219","0.12 (0.94, CI: -1.76, 2)","-4.31 (0.82, CI: -5.91, -2.7)","-8.14 (0.81, CI: -9.71, -6.51)","-11.47 (0.86, CI: -13.12, -9.74)","-14.36 (0.95, CI: -16.2, -12.43)","-16.89 (1.06, CI: -18.96, -14.73)","-19.08 (1.19, CI: -21.41, -16.72)","-20.96 (1.33, CI: -23.57, -18.36)","-22.53 (1.48, CI: -25.41, -19.66)","-23.83 (1.63, CI: -27.02, -20.72)","-24.87 (1.8, CI: -28.31, -21.44)","-25.64 (1.99, CI: -29.45, -21.88)","-26.08 (2.21, CI: -30.33, -21.91)","-205.06 (14.42, CI: -233, -176.04)","4.97","1.22","Yes"
"227","0.13 (0.95, CI: -1.78, 2)","-4.32 (0.83, CI: -6.03, -2.66)","-8.18 (0.82, CI: -9.81, -6.61)","-11.53 (0.87, CI: -13.26, -9.83)","-14.45 (0.97, CI: -16.35, -12.56)","-17 (1.08, CI: -19.11, -14.88)","-19.21 (1.22, CI: -21.57, -16.84)","-21.11 (1.36, CI: -23.73, -18.48)","-22.71 (1.51, CI: -25.62, -19.76)","-24.02 (1.67, CI: -27.24, -20.75)","-25.08 (1.84, CI: -28.64, -21.49)","-25.88 (2.03, CI: -29.77, -21.84)","-26.35 (2.26, CI: -30.7, -21.76)","-206.61 (14.7, CI: -235.23, -177.94)","5.01","1.21","Yes"
"221","-0.15 (0.63, CI: -1.37, 1.08)","-4.6 (0.54, CI: -5.62, -3.54)","-8.45 (0.53, CI: -9.47, -7.39)","-11.79 (0.57, CI: -12.89, -10.63)","-14.7 (0.63, CI: -15.99, -13.43)","-17.28 (0.71, CI: -18.74, -15.92)","-19.56 (0.8, CI: -21.2, -18.08)","-21.52 (0.9, CI: -23.33, -19.84)","-23.15 (1.01, CI: -25.17, -21.28)","-24.48 (1.12, CI: -26.7, -22.4)","-25.54 (1.24, CI: -27.99, -23.21)","-26.33 (1.37, CI: -29.02, -23.72)","-26.77 (1.52, CI: -29.78, -23.82)","-210.86 (9.73, CI: -230.53, -192.11)","4.11","1.17","Yes"
