"setting.idx","method","Dose 1","Dose 2","Dose 3","Dose 4","Dose 5","early.stop"
1,"MTD.ours0",35.52,44.08,14.6,3.74,0.82,1.24
1,"OBD.ours0",72.8,20.2,4.48,0.68,0.1,
1,"MTD.bf",34.36,45.1,14.84,3.74,0.84,1.12
1,"OBD.bf",71.28,21.68,4.5,1.02,0.1,
1,"MTD.ours1",32.82,43.84,16.74,4.32,1,1.28
1,"OBD.ours1",70.12,22.56,4.62,0.78,0.14,
1,"MTD.ours2",32.98,45.16,15.48,4.38,0.94,1.06
1,"OBD.ours2",71.08,21.92,4.28,0.94,0.14,
1,"MTD.ours3",34.22,43.52,15.9,4.32,0.96,1.08
1,"OBD.ours3",74.22,18.92,4.24,0.96,0.1,
1,"MTD.titeet",36.8,45.3,13,3.1,0.5,1.6
1,"OBD.titeet",59.8,25.1,10,2.9,0.6,
1,"MTD.tite12",9.3,28,33.6,17.7,11,0.36
1,"OBD.tite12",54.4,27.8,11.8,4.3,1.2,
1,"MTD.bfet",,,,,,1.5
1,"OBD.bfet",68.6,22.5,6.1,1.2,0.1,
61,"MTD.ours0",35.48,44.42,14.96,3.38,0.6,1.16
61,"OBD.ours0",72.44,21.44,3.84,0.88,0.02,
61,"MTD.bf",35.36,45.04,13.96,3.74,0.8,1.1
61,"OBD.bf",71.38,21.14,4.82,1.12,0.12,
61,"MTD.ours1",34.64,43.44,15.92,4.3,0.66,1.04
61,"OBD.ours1",71.3,22.44,4,0.78,0.12,
61,"MTD.ours2",34.26,43.7,16.22,3.88,0.86,1.08
61,"OBD.ours2",71.24,21.82,4.56,0.82,0.12,
61,"MTD.ours3",34.3,43.98,15.72,3.9,1,1.1
61,"OBD.ours3",73.8,19.5,4.08,0.94,0.12,
61,"MTD.titeet",36.8,45.5,13.8,2.2,0.4,1.7
61,"OBD.titeet",60.8,26.1,8.8,2.5,0.2,
61,"MTD.tite12",8.9,27.8,34.5,16.4,11.7,0.76
61,"OBD.tite12",52.5,28.2,12.3,4.7,1.5,
61,"MTD.bfet",,,,,,1.9
61,"OBD.bfet",68.8,22.3,5.7,1.1,0.1,
41,"MTD.ours0",34.16,45.24,14.92,3.48,0.9,1.3
41,"OBD.ours0",71.66,21.04,4.48,0.84,0.1,
41,"MTD.bf",35.44,44.48,15.02,3.16,0.7,1.2
41,"OBD.bf",72.44,20.88,4.32,0.7,0.18,
41,"MTD.ours1",34.8,43.78,16.14,3.7,0.66,0.92
41,"OBD.ours1",71.08,22.28,4.4,0.9,0.1,
41,"MTD.ours2",34.68,44.12,15.4,3.62,1,1.18
41,"OBD.ours2",71.72,21.14,4.4,0.9,0.2,
41,"MTD.ours3",34.34,43.32,16.12,4.08,0.92,1.22
41,"OBD.ours3",71.06,21.38,4.64,1.04,0.08,
41,"MTD.titeet",36.2,45.3,13.5,3.2,0.6,1.3
41,"OBD.titeet",61.1,24.2,9.8,3,0.7,
41,"MTD.tite12",8.7,28.9,34.2,16.4,11.3,0.52
41,"OBD.tite12",53.9,27.7,10.8,5.1,2,
41,"MTD.bfet",,,,,,1.5
41,"OBD.bfet",69.3,21.7,5.9,1.4,0.2,
81,"MTD.ours0",36.16,43.9,14.88,2.96,0.62,1.48
81,"OBD.ours0",72.72,20.34,4.34,0.66,0.06,
81,"MTD.bf",35.3,45.82,14,3.06,0.52,1.3
81,"OBD.bf",71.32,21.96,4.14,0.9,0,
81,"MTD.ours1",35.34,44.06,15.32,3.34,0.72,1.22
81,"OBD.ours1",71.46,21.32,4.34,0.72,0.16,
81,"MTD.ours2",35.5,44.38,14.9,3.26,0.48,1.48
81,"OBD.ours2",71.96,21.64,3.46,0.68,0.08,
81,"MTD.ours3",34.5,43.8,15.26,4.32,0.84,1.28
81,"OBD.ours3",70.68,21.36,4.78,1.22,0.1,
81,"MTD.titeet",35.7,46,14.2,2.8,0.4,1.2
81,"OBD.titeet",60.7,24.7,9.6,3.2,0.5,
81,"MTD.tite12",8.7,27.5,33.8,17.3,12,0.64
81,"OBD.tite12",51.5,29.3,12.1,4.8,1.7,
81,"MTD.bfet",,,,,,1.6
81,"OBD.bfet",67.8,23.8,5.6,1.1,0.2,
31,"MTD.ours0",35.44,44.34,15.36,3.32,0.54,1
31,"OBD.ours0",72.32,21.9,3.88,0.54,0.06,
31,"MTD.bf",34.94,45.14,14.64,3.26,0.9,1.12
31,"OBD.bf",71.8,21.24,4.44,0.94,0.18,
31,"MTD.ours1",33.92,42.78,16.64,4.62,0.78,1.26
31,"OBD.ours1",70.3,22.66,4.38,1.04,0.02,
31,"MTD.ours2",33.22,44.4,16.6,3.8,0.86,1.12
31,"OBD.ours2",70.46,22.78,4.28,0.82,0.14,
31,"MTD.ours3",34.14,43.56,16.18,4.06,0.98,1.08
31,"OBD.ours3",73.5,19.62,4.28,0.96,0.1,
31,"MTD.titeet",36.7,46.1,12.9,2.9,0.4,1.5
31,"OBD.titeet",61.2,25.3,9,2.5,0.4,
31,"MTD.tite12",9.1,27.7,34,17.6,10.9,0.58
31,"OBD.tite12",53.1,27.9,11.6,5.4,1.5,
31,"MTD.bfet",,,,,,1.7
31,"OBD.bfet",68.6,22.5,5.8,1.3,0.1,
11,"MTD.ours0",34.36,46.14,14.26,3.4,0.94,0.9
11,"OBD.ours0",71.52,21.52,4.54,0.78,0.12,
11,"MTD.bf",35.34,44.58,15.04,3.2,0.64,1.2
11,"OBD.bf",72.18,21.08,4.36,0.74,0.16,
11,"MTD.ours1",34.1,43.42,16.14,4.08,1.02,1.24
11,"OBD.ours1",68.98,23.26,4.9,1.14,0.04,
11,"MTD.ours2",35.02,43.38,15.52,4.02,0.82,1.24
11,"OBD.ours2",70.96,21.44,5.04,0.7,0.12,
11,"MTD.ours3",34.32,43.42,16.06,4.08,0.9,1.22
11,"OBD.ours3",71.18,21.32,4.62,1.02,0.08,
11,"MTD.titeet",36.1,45.5,13.9,3,0.5,1.1
11,"OBD.titeet",60,25.3,10,3,0.6,
11,"MTD.tite12",9.4,28.4,33.7,16.8,11.3,0.46
11,"OBD.tite12",53.8,28.3,11.9,4.4,1.2,
11,"MTD.bfet",,,,,,1.4
11,"OBD.bfet",68.6,22.6,5.9,1.3,0.2,
71,"MTD.ours0",35.84,44.44,14.78,3.4,0.58,0.96
71,"OBD.ours0",71.82,21.68,4.3,0.68,0.06,
71,"MTD.bf",35.38,44.74,14.56,3.38,0.72,1.22
71,"OBD.bf",71.06,21.64,4.7,1.08,0,
71,"MTD.ours1",34.32,44.12,15.78,3.96,0.84,0.98
71,"OBD.ours1",70.32,22.24,4.82,0.84,0.12,
71,"MTD.ours2",35.02,43.86,15.86,3.3,0.9,1.06
71,"OBD.ours2",72.12,20.72,4.52,0.82,0.2,
71,"MTD.ours3",34.2,43.66,16.12,3.92,0.9,1.2
71,"OBD.ours3",71.74,20.98,4.52,0.96,0.08,
71,"MTD.titeet",37.2,45.7,12.7,2.8,0.4,1.4
71,"OBD.titeet",59.7,26.1,9.6,2.8,0.5,
71,"MTD.tite12",9.1,28,33.5,16.7,12.2,0.44
71,"OBD.tite12",52.9,27.9,12.3,4.8,1.7,
71,"MTD.bfet",,,,,,1.6
71,"OBD.bfet",69.5,21.4,5.7,1.4,0.3,
51,"MTD.ours0",36.38,44.76,14.22,2.8,0.4,1.44
51,"OBD.ours0",72.78,20.56,4.12,0.42,0.06,
51,"MTD.bf",35.22,45.62,14.28,3.02,0.56,1.3
51,"OBD.bf",71.16,22.02,4.26,0.9,0,
51,"MTD.ours1",36.22,42.94,15.68,3.18,0.76,1.22
51,"OBD.ours1",72.32,20.9,4.04,0.7,0.16,
51,"MTD.ours2",35.94,43.62,15.06,3.4,0.52,1.46
51,"OBD.ours2",72.08,21.36,3.6,0.84,0.08,
51,"MTD.ours3",34.5,43.88,15.18,4.3,0.86,1.28
51,"OBD.ours3",70.74,21.38,4.66,1.26,0.1,
51,"MTD.titeet",35.7,46,13.7,3.4,0.4,0.9
51,"OBD.titeet",60.5,25.6,9.4,3,0.5,
51,"MTD.tite12",8.3,28.8,32.8,17.6,11.7,0.76
51,"OBD.tite12",52.6,29.7,11,4.4,1.5,
51,"MTD.bfet",,,,,,1.3
51,"OBD.bfet",67.6,24,5.7,1.1,0.3,
45,"MTD.ours0",1.6,20.42,51.08,21.36,5.52,0.02
45,"OBD.ours0",15.12,20.6,51.58,7.9,1.3,
45,"MTD.bf",1.48,22.34,50.22,21.82,4.14,0
45,"OBD.bf",18.1,21.72,48.96,7.56,1.3,
45,"MTD.ours1",1.86,20.72,50.44,21.36,5.6,0.02
45,"OBD.ours1",15.72,22.02,49.48,7.94,1.28,
45,"MTD.ours2",2.06,21.6,50.94,20.38,4.98,0.04
45,"OBD.ours2",15.56,21.6,50.66,7.46,1.08,
45,"MTD.ours3",1.64,22,48.44,22.86,5.06,0
45,"OBD.ours3",19.12,22.48,45.74,8.3,1.1,
45,"MTD.titeet",1.1,19.8,56.1,19.5,3.4,1.5
45,"OBD.titeet",19.9,14.5,45.1,15.2,3.8,
45,"MTD.tite12",0.2,6.6,31.2,28.9,32.5,0.5
45,"OBD.tite12",17.9,16.6,44,15.1,5.9,
45,"MTD.bfet",,,,,,2.1
45,"OBD.bfet",16.9,18.6,50.1,10,2.2,
21,"MTD.ours0",36.4,44.1,14.4,3.1,0.48,1.52
21,"OBD.ours0",72.04,21.32,4.02,0.54,0.08,
21,"MTD.bf",35.2,45.68,14.26,3.02,0.54,1.3
21,"OBD.bf",71.12,22.06,4.26,0.9,0,
21,"MTD.ours1",34.46,44.52,15.3,3.58,0.68,1.46
21,"OBD.ours1",70.48,21.92,4.32,0.8,0.14,
21,"MTD.ours2",36.08,43.22,15.26,3.4,0.76,1.28
21,"OBD.ours2",71.46,21.92,3.94,0.72,0.06,
21,"MTD.ours3",34.6,43.88,15.2,4.22,0.84,1.26
21,"OBD.ours3",70.68,21.64,4.58,1.14,0.12,
21,"MTD.titeet",35.6,45.7,13.8,3.3,0.5,1.4
21,"OBD.titeet",59,26.1,9.6,3.2,0.7,
21,"MTD.tite12",9.4,28.7,33.3,16.7,11.4,0.54
21,"OBD.tite12",54.5,28.1,11.2,4.2,1.5,
21,"MTD.bfet",,,,,,1.2
21,"OBD.bfet",67,24.5,5.9,1.1,0.3,
42,"MTD.ours0",3.24,33,43.66,16.06,4.04,0
42,"OBD.ours0",16.8,56.68,21,3.88,0.64,
42,"MTD.bf",2.58,33.96,43.62,16.18,3.66,0
42,"OBD.bf",16.74,56.38,21.32,4.3,0.68,
42,"MTD.ours1",3.14,32.56,43.5,16.24,4.56,0
42,"OBD.ours1",17.02,55.54,21.04,4.48,0.7,
42,"MTD.ours2",3.12,33.54,41.76,17.12,4.44,0.02
42,"OBD.ours2",16.66,55.88,21.12,4.58,0.8,
42,"MTD.ours3",2.72,32.62,42.32,17.44,4.9,0
42,"OBD.ours3",20.08,53.02,19.74,5.4,0.78,
42,"MTD.titeet",2.4,41.3,41,13.2,2.1,1.3
42,"OBD.titeet",21.4,45.2,22,7.8,2.3,
42,"MTD.tite12",0.7,11.3,30.7,30.7,26.4,0.24
42,"OBD.tite12",18.9,43,24.2,10.4,3.3,
42,"MTD.bfet",,,,,,1.2
42,"OBD.bfet",17.7,52.2,22.1,5.8,1,
5,"MTD.ours0",1.86,21.76,50.14,21.12,5.12,0
5,"OBD.ours0",15.18,21.62,50.68,7.9,1.36,
5,"MTD.bf",1.44,21.82,50.5,21.18,5.06,0
5,"OBD.bf",19.88,22.56,47.08,6.96,1.3,
5,"MTD.ours1",1.94,21.6,49.68,21.14,5.62,0.02
5,"OBD.ours1",18.82,22,47.34,7.42,1.4,
5,"MTD.ours2",2.08,21.18,50.32,20.5,5.9,0.02
5,"OBD.ours2",18.06,22.82,47.74,7.1,1.22,
5,"MTD.ours3",1.68,21.94,48.8,21.9,5.68,0
5,"OBD.ours3",23.36,23.98,41,7.12,1.42,
5,"MTD.titeet",1,19.8,56.3,19.6,3.3,1.2
5,"OBD.titeet",19.9,15.6,45.4,14.1,3.9,
5,"MTD.tite12",0.3,6.1,31.9,27.3,33.7,0.6
5,"OBD.tite12",17.5,16.6,43.8,15.6,5.9,
5,"MTD.bfet",,,,,,2
5,"OBD.bfet",17,18.8,49.7,10.2,2.3,
15,"MTD.ours0",1.74,21.18,51.1,21.4,4.56,0.02
15,"OBD.ours0",14.98,21.38,51.2,8,0.98,
15,"MTD.bf",1.48,22.32,50.14,21.84,4.22,0
15,"OBD.bf",18.16,21.68,48.86,7.64,1.32,
15,"MTD.ours1",1.68,21.36,49.78,21.74,5.42,0.02
15,"OBD.ours1",16.88,20.54,50.44,7.72,1.4,
15,"MTD.ours2",2.1,21.26,48.46,22.04,6.14,0
15,"OBD.ours2",15.9,20.94,49.92,8.16,1.56,
15,"MTD.ours3",1.64,22.08,48.4,22.86,5.02,0
15,"OBD.ours3",19.16,22.58,45.7,8.16,1.1,
15,"MTD.titeet",1.4,19.4,56.9,18.5,3.7,1.8
15,"OBD.titeet",19.7,16,44.2,14.3,4,
15,"MTD.tite12",0.2,6.3,30.7,29.4,32.7,0.58
15,"OBD.tite12",18.3,16.9,43.8,15,5.4,
15,"MTD.bfet",,,,,,2
15,"OBD.bfet",16.5,18.5,50.7,10.2,2.1,
2,"MTD.ours0",2.8,33.8,42.74,16.3,4.36,0
2,"OBD.ours0",17.26,55.8,20.94,4.4,0.62,
2,"MTD.bf",2.56,33.98,42.98,16.36,4.12,0
2,"OBD.bf",19.5,54.98,19.9,4.3,0.82,
2,"MTD.ours1",3.02,31.94,44.22,16.1,4.7,0.02
2,"OBD.ours1",19.1,54.8,20.24,4.56,0.58,
2,"MTD.ours2",3.04,32.62,43.52,16.26,4.56,0
2,"OBD.ours2",18.42,55.52,20.16,4.46,0.58,
2,"MTD.ours3",2.66,32.64,42.7,17.12,4.88,0
2,"OBD.ours3",24.74,51.28,18.18,4.34,0.84,
2,"MTD.titeet",2.1,41.9,41.9,11.9,2.3,1.2
2,"OBD.titeet",21.4,45.1,22.3,8.2,1.9,
2,"MTD.tite12",0.4,11.9,30.4,30.7,26.3,0.32
2,"OBD.tite12",17.8,44.8,23.7,9.6,3.8,
2,"MTD.bfet",,,,,,1
2,"OBD.bfet",18.8,51.7,21.4,6.3,0.9,
75,"MTD.ours0",2.6,21.26,50.68,20.62,4.84,0
75,"OBD.ours0",15.86,20.78,50.88,7.68,1.12,
75,"MTD.bf",1.48,22.7,50.62,20.66,4.54,0
75,"OBD.bf",17.42,21.3,50.66,7.26,1.24,
75,"MTD.ours1",1.5,20.66,49.94,22.22,5.68,0
75,"OBD.ours1",16.02,21.36,50.32,7.64,1.4,
75,"MTD.ours2",2.12,21.96,50.04,20.7,5.16,0.02
75,"OBD.ours2",16.54,22.16,48.5,7.56,1.2,
75,"MTD.ours3",1.66,22.06,48.26,22.66,5.36,0
75,"OBD.ours3",19.3,22.16,46.04,8.06,1.08,
75,"MTD.titeet",1.4,19.1,57,19,3.5,1.4
75,"OBD.titeet",19.4,16.7,45.3,13.5,3.6,
75,"MTD.tite12",0.3,6.2,30.4,28.7,33.6,0.76
75,"OBD.tite12",16.9,15.9,43.7,16.4,6.3,
75,"MTD.bfet",,,,,,2.3
75,"OBD.bfet",17.1,18.9,49.8,10.1,1.9,
35,"MTD.ours0",1.86,21.96,48.88,21.68,5.6,0.02
35,"OBD.ours0",16.16,20.26,51.24,7.66,1.28,
35,"MTD.bf",1.54,21.68,50.48,21.48,4.82,0
35,"OBD.bf",18.4,21.32,49.58,7,1.5,
35,"MTD.ours1",1.72,21.52,50.1,20.86,5.8,0
35,"OBD.ours1",17.98,22.56,47.68,7.38,1.34,
35,"MTD.ours2",2.18,22.5,48.98,21.16,5.16,0.02
35,"OBD.ours2",17.74,22.64,48.52,7.06,0.74,
35,"MTD.ours3",1.66,22.06,48.4,22.2,5.68,0
35,"OBD.ours3",23.2,23.86,40.92,7.5,1.36,
35,"MTD.titeet",1.4,20.5,55.9,19.1,3,1.8
35,"OBD.titeet",19.7,16.1,45.2,13.7,3.5,
35,"MTD.tite12",0.1,6.7,31.2,28.1,33.2,0.64
35,"OBD.tite12",16.7,16.5,44.3,15.8,6.1,
35,"MTD.bfet",,,,,,2.1
35,"OBD.bfet",17.5,19.1,49,10.2,2,
65,"MTD.ours0",2.14,21.32,49.96,21.5,5.06,0.02
65,"OBD.ours0",16.24,22.16,49.22,8.26,1.08,
65,"MTD.bf",1.54,22.38,51.16,20.98,3.94,0
65,"OBD.bf",17.28,21.78,50.46,7.08,1.24,
65,"MTD.ours1",1.76,21.16,50.72,21.06,5.3,0
65,"OBD.ours1",17.12,22.06,49.1,7.42,1.28,
65,"MTD.ours2",1.84,20.72,50.66,21.66,5.1,0.02
65,"OBD.ours2",17.04,21.3,49.78,7.5,1.1,
65,"MTD.ours3",1.7,21.72,48.82,22.42,5.34,0
65,"OBD.ours3",21.78,23.32,42.68,7.92,1.22,
65,"MTD.titeet",1,19.9,56.5,18.9,3.7,1.4
65,"OBD.titeet",18.7,16.2,46.2,13.8,3.6,
65,"MTD.tite12",0.3,6.5,31.3,27.9,33.4,0.66
65,"OBD.tite12",15.9,16.3,44.5,16.4,6.2,
65,"MTD.bfet",,,,,,2.2
65,"OBD.bfet",17.7,19.2,48.7,10.3,2,
85,"MTD.ours0",1.94,22.3,50.18,21.02,4.56,0
85,"OBD.ours0",15.5,21.28,51.02,7.32,1.22,
85,"MTD.bf",1.5,22.46,50.86,20.7,4.48,0
85,"OBD.bf",16.9,21.28,51.02,7.3,1.24,
85,"MTD.ours1",1.6,22.56,48.98,22.02,4.82,0.02
85,"OBD.ours1",16.1,21.28,49.06,8.2,1.38,
85,"MTD.ours2",1.84,22.02,49.58,21.66,4.88,0.02
85,"OBD.ours2",15.78,21,50.18,8.24,1.16,
85,"MTD.ours3",1.76,22.22,48.64,22.06,5.32,0
85,"OBD.ours3",16.52,21.34,48.26,8.42,1.74,
85,"MTD.titeet",1.4,19.4,55.8,19.2,4.2,1.5
85,"OBD.titeet",18.6,15.9,45.6,14,4.4,
85,"MTD.tite12",0.4,6.4,30.1,28.2,34.5,0.48
85,"OBD.tite12",17.2,15.7,44.2,15.7,6.8,
85,"MTD.bfet",,,,,,2.1
85,"OBD.bfet",17.2,19,49.9,10,1.7,
52,"MTD.ours0",3.4,33.02,45,15.08,3.5,0
52,"OBD.ours0",16.68,57.86,20.32,3.72,0.4,
52,"MTD.bf",2.64,34.32,44.16,15.42,3.46,0
52,"OBD.bf",16.18,57,21.4,4.14,0.7,
52,"MTD.ours1",2.84,32.64,44.24,16.04,4.24,0
52,"OBD.ours1",17.04,56.56,20.76,3.92,0.84,
52,"MTD.ours2",3.3,33.3,42.5,16.56,4.3,0.04
52,"OBD.ours2",17.48,56.74,20.02,4.18,0.58,
52,"MTD.ours3",2.7,33.76,42.6,16.56,4.38,0
52,"OBD.ours3",18.4,53.38,21.38,5.08,0.88,
52,"MTD.titeet",1.9,41,42.1,12.2,2.9,1.1
52,"OBD.titeet",20.5,46.6,22.4,7.4,2,
52,"MTD.tite12",0.5,10.9,30.3,31.4,26.7,0.26
52,"OBD.tite12",17.8,43.1,24.3,10.6,3.9,
52,"MTD.bfet",,,,,,1.2
52,"OBD.bfet",17.1,53.2,22.2,5.4,0.9,
25,"MTD.ours0",2.1,23.04,49.74,20.86,4.22,0.04
25,"OBD.ours0",15.12,22.98,49.5,7.66,1.02,
25,"MTD.bf",1.5,22.46,50.64,20.94,4.46,0
25,"OBD.bf",17,21.22,51.02,7.24,1.26,
25,"MTD.ours1",1.7,22.3,49.06,21.86,5.08,0
25,"OBD.ours1",16.2,20.14,50.74,8.32,1.1,
25,"MTD.ours2",1.9,22.1,50.28,20.92,4.8,0
25,"OBD.ours2",15.7,21.32,50.46,7.64,1.18,
25,"MTD.ours3",1.78,22.16,48.6,22.3,5.16,0
25,"OBD.ours3",16.46,21.3,48.48,8.38,1.7,
25,"MTD.titeet",1.3,20.5,55.5,19.3,3.4,1.6
25,"OBD.titeet",19.6,16.9,43.6,14.1,4.3,
25,"MTD.tite12",0.2,6.8,30.1,28.5,33.4,0.96
25,"OBD.tite12",17.8,16.7,42.4,15.9,6.2,
25,"MTD.bfet",,,,,,1.9
25,"OBD.bfet",16.2,18.7,51,10,2.1,
55,"MTD.ours0",1.7,21.82,50.94,20.68,4.84,0.02
55,"OBD.ours0",15.14,22.1,50.92,7.14,1.32,
55,"MTD.bf",1.5,22.48,50.68,20.9,4.44,0
55,"OBD.bf",17.04,21.18,51.06,7.22,1.24,
55,"MTD.ours1",1.54,22.88,48.38,21.76,5.42,0.02
55,"OBD.ours1",16.04,21.06,49.62,8.44,1.34,
55,"MTD.ours2",1.76,21.92,50.3,20.76,5.26,0
55,"OBD.ours2",15.42,21.44,50.44,7.6,1.38,
55,"MTD.ours3",1.78,22.16,48.5,22.24,5.32,0
55,"OBD.ours3",16.44,21.2,48.32,8.56,1.76,
55,"MTD.titeet",1,20.1,55.6,20.1,3.2,1.5
55,"OBD.titeet",19.1,16.1,44.8,14.2,4.2,
55,"MTD.tite12",0.2,6.5,30.1,29.3,33.1,0.78
55,"OBD.tite12",18.3,15.6,42.7,16,6.5,
55,"MTD.bfet",,,,,,2
55,"OBD.bfet",16.9,18.7,50.4,10,2,
62,"MTD.ours0",3.42,32.9,44.02,15.52,4.14,0
62,"OBD.ours0",17.96,55.48,20.76,3.94,0.8,
62,"MTD.bf",2.54,34.38,44.22,15.36,3.5,0
62,"OBD.bf",16.48,56.68,21.08,4.42,0.8,
62,"MTD.ours1",2.9,32.1,43.6,16.86,4.54,0
62,"OBD.ours1",18.28,55.3,20.94,4.16,0.68,
62,"MTD.ours2",3.22,32.1,44.06,16.18,4.4,0.04
62,"OBD.ours2",16.58,57,20.92,4.02,0.6,
62,"MTD.ours3",2.8,32.72,42.14,17.7,4.64,0
62,"OBD.ours3",23.9,51.8,18.7,4.2,0.7,
62,"MTD.titeet",2.4,41.5,41.4,12.4,2.3,1.1
62,"OBD.titeet",19.2,47.4,22.3,8.2,1.8,
62,"MTD.tite12",0.6,11.9,30.7,31.1,25.6,0.16
62,"OBD.tite12",17.7,43.2,24.6,10.3,4.1,
62,"MTD.bfet",,,,,,1.2
62,"OBD.bfet",19.8,51.3,20.4,6.3,1,
4,"MTD.ours0",0,0.38,2.74,26.36,70.52,0
4,"OBD.ours0",2.2,5.86,11.46,57.06,23.18,
4,"MTD.bf",0,0.3,2.7,25.86,71.14,0
4,"OBD.bf",5.8,10.26,13.26,50.28,20.24,
4,"MTD.ours1",0.04,0.18,2.92,27.5,69.36,0
4,"OBD.ours1",4.76,9.34,13.78,53.66,18.22,
4,"MTD.ours2",0,0.3,2.86,26.5,70.34,0
4,"OBD.ours2",4.24,9.62,12.36,54.56,18.9,
4,"MTD.ours3",0,0.26,3.06,26.76,69.92,0
4,"OBD.ours3",6.66,13.84,17,46.06,16.14,
4,"MTD.titeet",0,0.2,3,39.8,57,0
4,"OBD.titeet",8.3,13.3,13.7,43.9,20.7,
4,"MTD.tite12",0,0.1,1.6,12.5,85.7,0.06
4,"OBD.tite12",6.8,10,12.5,48.6,22,
4,"MTD.bfet",,,,,,0.1
4,"OBD.bfet",4.3,8.2,13.6,54.1,19.7,
44,"MTD.ours0",0,0.3,2.64,26.4,70.66,0
44,"OBD.ours0",1.66,5.6,11.66,57.7,23.02,
44,"MTD.bf",0,0.3,2.92,26.9,69.88,0
44,"OBD.bf",4.62,8.76,12.26,53.3,20.9,
44,"MTD.ours1",0,0.32,2.88,27.48,69.32,0
44,"OBD.ours1",2.68,8.02,12.92,56.28,19.78,
44,"MTD.ours2",0.04,0.32,3.1,27.1,69.44,0
44,"OBD.ours2",2.34,7.54,12.24,57.76,19.78,
44,"MTD.ours3",0,0.28,3.2,26.4,70.12,0
44,"OBD.ours3",3.78,9.74,15.9,50.24,19.8,
44,"MTD.titeet",0,0.1,3.3,38.9,57.7,0
44,"OBD.titeet",8.3,13,14.2,43.2,21.4,
44,"MTD.tite12",0,0.1,1.3,12.5,86.1,0.08
44,"OBD.tite12",6.8,10.1,12.9,47.6,22.5,
44,"MTD.bfet",,,,,,0.1
44,"OBD.bfet",3.6,7.3,11.7,56.7,20.7,
32,"MTD.ours0",2.94,33.34,43.76,15.88,4.04,0.04
32,"OBD.ours0",16.6,55.84,21.5,4.74,0.68,
32,"MTD.bf",2.56,33.26,43.94,16.26,3.98,0
32,"OBD.bf",17.6,55.86,20.92,4.22,0.9,
32,"MTD.ours1",2.9,32.72,42.74,16.44,5.18,0.02
32,"OBD.ours1",18.28,55.96,19.82,4.34,0.94,
32,"MTD.ours2",3.04,31.32,44.5,15.8,5.32,0.02
32,"OBD.ours2",17.3,55.98,20.22,4.88,0.84,
32,"MTD.ours3",2.76,32.8,42.22,17.26,4.96,0
32,"OBD.ours3",24.7,51.16,18.22,4.5,0.8,
32,"MTD.titeet",2.1,42.3,41.1,12.2,2.2,1.3
32,"OBD.titeet",20.4,46.6,22,7.8,1.9,
32,"MTD.tite12",0.5,11.8,30.2,30.6,26.5,0.3
32,"OBD.tite12",17.9,43.9,23.7,10.3,3.9,
32,"MTD.bfet",,,,,,1.1
32,"OBD.bfet",19.3,51.5,20.7,6.4,1,
12,"MTD.ours0",2.94,33.28,43.6,16.32,3.82,0.04
12,"OBD.ours0",16.32,56.26,21.82,4.1,0.56,
12,"MTD.bf",2.62,33.9,43.76,15.98,3.74,0
12,"OBD.bf",16.7,56.42,21.26,4.34,0.7,
12,"MTD.ours1",2.76,32.92,43.46,16.56,4.3,0
12,"OBD.ours1",16.34,56.78,20.74,4.4,0.72,
12,"MTD.ours2",3.14,33.66,41.58,17.4,4.18,0.04
12,"OBD.ours2",17.36,55.6,20.6,4.74,0.78,
12,"MTD.ours3",2.72,32.6,42.42,17.4,4.86,0
12,"OBD.ours3",20.24,52.76,19.84,5.38,0.8,
12,"MTD.titeet",1.9,41.1,41.1,13,3,0.9
12,"OBD.titeet",20.6,45.7,22.1,8.5,2.3,
12,"MTD.tite12",0.5,10.7,30.7,30.5,27.3,0.24
12,"OBD.tite12",18,44.1,24.2,9.6,3.9,
12,"MTD.bfet",,,,,,1.1
12,"OBD.bfet",17.3,52.6,22.1,5.8,1.1,
72,"MTD.ours0",2.9,33.66,44.16,15.5,3.74,0.04
72,"OBD.ours0",16.16,57.66,20.94,3.74,0.58,
72,"MTD.bf",2.56,34.3,44.3,15.24,3.6,0
72,"OBD.bf",16.86,56.46,21.22,4.18,0.72,
72,"MTD.ours1",3.24,33.36,42.88,16.5,4,0.02
72,"OBD.ours1",18.02,56.92,19.36,4.12,0.74,
72,"MTD.ours2",2.82,33.04,42.88,16.72,4.52,0.02
72,"OBD.ours2",17.74,55.44,20.54,4.7,0.76,
72,"MTD.ours3",2.86,32.54,42.5,17.24,4.86,0
72,"OBD.ours3",20.08,53.14,19.78,5.28,0.68,
72,"MTD.titeet",2.1,41.1,41.5,12.9,2.3,1.3
72,"OBD.titeet",19.2,47.3,22.4,8,1.8,
72,"MTD.tite12",0.4,11.3,30.5,31.8,25.8,0.16
72,"OBD.tite12",17.3,43.1,24.6,11.1,3.9,
72,"MTD.bfet",,,,,,1.4
72,"OBD.bfet",18.3,52,21.8,5.5,1.1,
91,"MTD.ours0",34.16,45.24,14.92,3.48,0.9,1.3
91,"OBD.ours0",71.66,21.04,4.48,0.84,0.1,
91,"MTD.bf",35.44,44.48,15.02,3.16,0.7,1.2
91,"OBD.bf",72.44,20.88,4.32,0.7,0.18,
91,"MTD.ours1",34.8,43.78,16.14,3.7,0.66,0.92
91,"OBD.ours1",71.08,22.28,4.4,0.9,0.1,
91,"MTD.ours2",34.68,44.12,15.4,3.62,1,1.18
91,"OBD.ours2",71.72,21.14,4.4,0.9,0.2,
91,"MTD.ours3",34.34,43.32,16.12,4.08,0.92,1.22
91,"OBD.ours3",71.06,21.38,4.64,1.04,0.08,
91,"MTD.titeet",36.2,45.3,13.5,3.2,0.6,1.3
91,"OBD.titeet",61.1,24.2,9.8,3,0.7,
91,"MTD.tite12",8.8,28.8,34.2,16.4,11.3,0.46
91,"OBD.tite12",53.6,28,10.9,5.2,1.9,
91,"MTD.bfet",,,,,,1.5
91,"OBD.bfet",69,22,5.8,1.4,0.3,
161,"MTD.ours0",36.82,45.54,13.64,2.58,0.36,1.06
161,"OBD.ours0",72.82,21.48,3.46,0.48,0.06,
161,"MTD.bf",35.72,46.14,13.88,2.72,0.26,1.28
161,"OBD.bf",70.94,21.94,4.68,0.72,0.06,
161,"MTD.ours1",35.96,44.5,14.54,3.02,0.72,1.26
161,"OBD.ours1",72.28,21.08,3.96,0.74,0.06,
161,"MTD.ours2",35.7,44.68,14.9,3.36,0.54,0.82
161,"OBD.ours2",73.64,20.38,3.88,0.68,0.02,
161,"MTD.ours3",35.32,43.78,15.5,3.5,0.74,1.16
161,"OBD.ours3",71.48,21,4.72,0.88,0.12,
161,"MTD.titeet",34.4,46.7,14.4,3.1,0.5,1.3
161,"OBD.titeet",59.9,25.4,9.7,3,0.6,
161,"MTD.tite12",8.6,28,34.5,16.4,11.8,0.7
161,"OBD.tite12",51.6,27.8,13,5.3,1.6,
161,"MTD.bfet",,,,,,2.2
161,"OBD.bfet",69.4,22.7,4.7,1,0.1,
77,"MTD.ours0",3.18,33.78,44.78,14.68,3.54,0.04
77,"OBD.ours0",53.64,30.6,12.78,2.48,0.28,
77,"MTD.bf",2.48,34.64,44.38,15.08,3.42,0
77,"OBD.bf",51.24,31.56,13.52,3.16,0.5,
77,"MTD.ours1",3.2,32.14,43.92,16.62,4.12,0
77,"OBD.ours1",52.92,30.28,13.16,2.98,0.5,
77,"MTD.ours2",3.36,33.26,42.36,16.8,4.22,0
77,"OBD.ours2",53.28,29.88,13.24,3.24,0.3,
77,"MTD.ours3",2.7,33.04,42.44,16.96,4.86,0
77,"OBD.ours3",52.2,30.28,12.94,3.78,0.6,
77,"MTD.titeet",11.6,41,35.4,9.8,2.2,0.1
77,"OBD.titeet",52,27.8,13.7,4.9,1.4,
77,"MTD.tite12",0.7,11.6,39.3,26.9,21.3,0.1
77,"OBD.tite12",45.3,28.1,16.5,7.1,3,
77,"MTD.bfet",,,,,,0.3
77,"OBD.bfet",50.7,30.8,13.8,3.7,0.7,
7,"MTD.ours0",3.44,32.7,43,16.62,4.24,0
7,"OBD.ours0",52.92,31.12,12.3,2.98,0.6,
7,"MTD.bf",2.58,33.6,43.8,16.24,3.78,0
7,"OBD.bf",52,30.4,13.88,3.12,0.58,
7,"MTD.ours1",3.24,31.22,44.02,16.64,4.88,0
7,"OBD.ours1",53.18,30.06,13.28,2.9,0.5,
7,"MTD.ours2",2.68,33.36,41.58,17.14,5.24,0
7,"OBD.ours2",52.66,30.38,12.86,3.28,0.7,
7,"MTD.ours3",2.64,32.64,42.86,17.1,4.76,0
7,"OBD.ours3",55.1,28.8,12.06,3.34,0.64,
7,"MTD.titeet",11.8,39.9,36.7,10,1.5,0
7,"OBD.titeet",52,26.4,14.4,5.8,1.4,
7,"MTD.tite12",0.8,12.1,38.8,26.5,21.7,0.1
7,"OBD.tite12",45.1,28.7,16.3,7.2,2.6,
7,"MTD.bfet",,,,,,0.2
7,"OBD.bfet",52,29.3,13.6,4.3,0.6,
46,"MTD.ours0",0.08,2.26,18.86,53.06,25.74,0
46,"OBD.ours0",4.84,12.4,19.7,52.12,8.92,
46,"MTD.bf",0.14,2.52,17.7,55.98,23.66,0
46,"OBD.bf",9.96,13.86,20.1,46.6,8.46,
46,"MTD.ours1",0.02,1.96,18.78,54.82,24.42,0
46,"OBD.ours1",6.48,14.94,20.56,47.84,7.9,
46,"MTD.ours2",0.1,2.38,20.32,51.8,25.4,0
46,"OBD.ours2",5.78,13.92,20.88,48.3,8.26,
46,"MTD.ours3",0.12,2.58,18.16,53.52,25.62,0
46,"OBD.ours3",6.5,17.1,21.96,43.66,8.18,
46,"MTD.titeet",0,1.5,18.4,59.6,20.4,0.3
46,"OBD.titeet",11.1,14,15.5,44.3,14.8,
46,"MTD.tite12",0,0.7,7.5,31.5,60,0.32
46,"OBD.tite12",10.5,14.2,15.7,42.6,16.7,
46,"MTD.bfet",,,,,,0.6
46,"OBD.bfet",8,12.6,16.6,51.5,10.5,
47,"MTD.ours0",2.94,33.34,44.12,16.14,3.42,0.04
47,"OBD.ours0",52.76,31.46,12.86,2.52,0.34,
47,"MTD.bf",2.58,33.86,43.64,16.16,3.76,0
47,"OBD.bf",51.76,30.5,13.84,3.32,0.54,
47,"MTD.ours1",2.86,32.2,43.6,17.54,3.76,0.04
47,"OBD.ours1",53.48,30.96,12.12,2.82,0.52,
47,"MTD.ours2",3.26,32.28,44.26,15.86,4.32,0.02
47,"OBD.ours2",53.7,30.08,13.24,2.4,0.44,
47,"MTD.ours3",2.62,32.62,42.56,17.48,4.72,0
47,"OBD.ours3",52.18,30.12,12.78,4.08,0.68,
47,"MTD.titeet",12.8,40.4,34.5,10.4,1.8,0.1
47,"OBD.titeet",51.9,27.5,14.6,4.5,1.4,
47,"MTD.tite12",0.6,12.1,40,25.2,22.1,0.02
47,"OBD.tite12",45.9,27.5,16.4,7.1,3.1,
47,"MTD.bfet",,,,,,0.2
47,"OBD.bfet",50.4,30.6,14.1,3.9,0.8,
22,"MTD.ours0",3.4,33.06,45.3,14.52,3.72,0
22,"OBD.ours0",16.5,56.56,20.98,4.14,0.7,
22,"MTD.bf",2.64,34.3,44.2,15.4,3.46,0
22,"OBD.bf",16.14,57.04,21.38,4.16,0.7,
22,"MTD.ours1",2.9,32.56,44.06,16.18,4.28,0.02
22,"OBD.ours1",17.04,55.4,21.5,4.16,1,
22,"MTD.ours2",2.92,33.68,43.72,15.46,4.22,0
22,"OBD.ours2",16.54,56.92,20.88,4.34,0.48,
22,"MTD.ours3",2.72,33.76,42.58,16.46,4.48,0
22,"OBD.ours3",18.3,53.68,21.28,5,0.86,
22,"MTD.titeet",2,41.1,40.8,13.6,2.6,1.4
22,"OBD.titeet",22,45.7,21,8,2,
22,"MTD.tite12",0.3,11.8,30.5,29.6,27.6,0.22
22,"OBD.tite12",19.1,43.8,23.2,9.8,3.8,
22,"MTD.bfet",,,,,,1
22,"OBD.bfet",16.5,53.3,22.9,5.5,0.9,
56,"MTD.ours0",0.06,2.14,18.48,54.68,24.62,0.02
56,"OBD.ours0",4.64,12.32,20.52,52.04,8.24,
56,"MTD.bf",0.14,2.68,18.14,55.26,23.78,0
56,"OBD.bf",8.78,12.78,19.86,48.66,8.86,
56,"MTD.ours1",0.08,2.46,18.42,55.32,23.72,0
56,"OBD.ours1",4.9,13.08,20.2,51,8.16,
56,"MTD.ours2",0.18,2.14,20.12,53.18,24.38,0
56,"OBD.ours2",5.66,12.92,19.72,51.12,8.1,
56,"MTD.ours3",0.14,2.5,18.2,53.38,25.78,0
56,"OBD.ours3",4.9,14.2,21.36,47.74,9.1,
56,"MTD.titeet",0.1,1.7,19.1,59.3,19.7,0.4
56,"OBD.titeet",12.2,15.8,15.5,41.9,14.3,
56,"MTD.tite12",0,0.9,7.1,32.6,58.9,0.48
56,"OBD.tite12",11,13.7,15.9,43,16,
56,"MTD.bfet",,,,,,0.7
56,"OBD.bfet",8.3,11.6,16.6,52.1,10.8,
76,"MTD.ours0",0.12,2.56,17.34,55.28,24.7,0
76,"OBD.ours0",4.3,12.26,20.38,52.48,8.14,
76,"MTD.bf",0.14,2.62,18,55.3,23.94,0
76,"OBD.bf",8.98,12.8,19.7,49.14,8.36,
76,"MTD.ours1",0.22,2.5,19,52.42,25.86,0
76,"OBD.ours1",6.34,13.96,20.72,47.84,8.72,
76,"MTD.ours2",0.12,2.52,19.36,52.92,25.08,0
76,"OBD.ours2",6.12,13.58,20.24,49.16,8.36,
76,"MTD.ours3",0.16,2.44,17.98,54.32,25.1,0
76,"OBD.ours3",6.14,16.94,22.38,43.46,8.48,
76,"MTD.titeet",0.1,1.8,18.3,59.8,20,0.4
76,"OBD.titeet",11.5,15.1,15.8,42.7,14.5,
76,"MTD.tite12",0,0.8,7,33.3,58.5,0.36
76,"OBD.tite12",9.8,13.8,15.6,43.7,16.7,
76,"MTD.bfet",,,,,,0.7
76,"OBD.bfet",8.2,13,16.8,51.1,10.2,
16,"MTD.ours0",0.08,2.32,18.98,52.64,25.98,0
16,"OBD.ours0",4.64,12.52,20.38,51.38,8.74,
16,"MTD.bf",0.14,2.52,17.64,56.02,23.68,0
16,"OBD.bf",9.84,13.84,20.16,46.72,8.42,
16,"MTD.ours1",0.16,2.06,19.46,53.92,24.4,0
16,"OBD.ours1",6.12,14.76,21.24,48.02,7.4,
16,"MTD.ours2",0.04,2.62,19.48,52.48,25.38,0
16,"OBD.ours2",5.68,15.08,21.02,47.08,8.5,
16,"MTD.ours3",0.12,2.58,18.12,53.42,25.76,0
16,"OBD.ours3",6.54,16.9,21.98,43.68,8.32,
16,"MTD.titeet",0.1,1.6,18.2,60.1,20,0.2
16,"OBD.titeet",11.6,15.1,16,42,15.1,
16,"MTD.tite12",0,0.6,7.5,32.4,59.2,0.4
16,"OBD.tite12",11.2,14.6,15.3,42.8,15.7,
16,"MTD.bfet",,,,,,0.6
16,"OBD.bfet",8.2,12.4,16.6,51.4,10.8,
171,"MTD.ours0",37.02,45.32,13.52,2.54,0.62,0.98
171,"OBD.ours0",73.28,21.06,3.56,0.42,0.08,
171,"MTD.bf",35.74,46.6,13.3,2.68,0.36,1.32
171,"OBD.bf",71.36,22.12,4.16,0.68,0.02,
171,"MTD.ours1",35.6,45.28,14.28,3.14,0.44,1.26
171,"OBD.ours1",71.98,22.3,3.38,0.62,0.02,
171,"MTD.ours2",35.86,44.84,14.78,2.58,0.42,1.52
171,"OBD.ours2",72.72,20.92,3.84,0.5,0.04,
171,"MTD.ours3",35.64,45.22,14.02,3.3,0.54,1.28
171,"OBD.ours3",72.1,20.62,4.34,0.92,0.1,
171,"MTD.titeet",34.9,46.7,14.1,3,0.6,1.1
171,"OBD.titeet",59.8,26,9.3,3.3,0.5,
171,"MTD.tite12",8.8,28.4,32.8,17.3,12,0.72
171,"OBD.tite12",52.2,27.9,12.3,5.2,1.7,
171,"MTD.bfet",,,,,,1.6
171,"OBD.bfet",70.3,22.4,5,0.7,0.1,
101,"MTD.ours0",36,44.7,14.64,2.48,0.6,1.58
101,"OBD.ours0",72.26,21.5,3.5,0.48,0.1,
101,"MTD.bf",35.5,46.38,13.66,2.64,0.58,1.24
101,"OBD.bf",71.74,21.6,4.1,0.8,0.18,
101,"MTD.ours1",35.06,44.88,15.44,3.04,0.62,0.96
101,"OBD.ours1",72.72,21.4,3.78,0.66,0.08,
101,"MTD.ours2",35.68,43.84,15.3,3.38,0.58,1.22
101,"OBD.ours2",72.3,20.9,3.94,0.82,0.12,
101,"MTD.ours3",35.1,44,15.5,3.46,0.82,1.12
101,"OBD.ours3",71.38,20.86,4.84,1,0.12,
101,"MTD.titeet",35.5,45.8,14.5,3,0.5,0.9
101,"OBD.titeet",60.8,24.5,10.4,2.7,0.6,
101,"MTD.tite12",8.9,27,33.9,17.7,11.9,0.68
101,"OBD.tite12",52.6,28.5,11.4,5.1,1.7,
101,"MTD.bfet",,,,,,1.2
101,"OBD.bfet",68.8,23.8,5,1,0.2,
111,"MTD.ours0",36.9,45.58,13.68,2.34,0.52,0.98
111,"OBD.ours0",72.96,21.4,3.56,0.38,0.12,
111,"MTD.bf",35.78,46.48,13.36,2.7,0.36,1.32
111,"OBD.bf",71.36,22.14,4.14,0.68,0.02,
111,"MTD.ours1",35.2,46.24,14.28,2.68,0.44,1.16
111,"OBD.ours1",71.78,22.22,3.68,0.66,0.02,
111,"MTD.ours2",36.18,45.48,13.82,2.88,0.48,1.16
111,"OBD.ours2",73.4,21.08,3.36,0.48,0.02,
111,"MTD.ours3",35.62,45.54,13.72,3.36,0.5,1.26
111,"OBD.ours3",71.9,20.96,4.14,0.94,0.16,
111,"MTD.titeet",36.5,45.1,14,3.1,0.7,0.9
111,"OBD.titeet",59.8,26.4,9.3,3,0.6,
111,"MTD.tite12",8.7,29.5,32.6,17.1,11.8,0.3
111,"OBD.tite12",54.2,27.5,11.4,4.8,1.7,
111,"MTD.bfet",,,,,,0.9
111,"OBD.bfet",68.9,23.7,5.5,0.8,0.1,
6,"MTD.ours0",0.08,2.62,18.24,53.18,25.88,0
6,"OBD.ours0",5.4,12.8,20.62,50.18,8.76,
6,"MTD.bf",0.14,2.44,18.18,53.88,25.36,0
6,"OBD.bf",11,15.32,20.76,43.54,8.38,
6,"MTD.ours1",0.2,2,18.12,52.64,27.04,0
6,"OBD.ours1",8.46,16.9,19.66,44.7,8.6,
6,"MTD.ours2",0.12,2.12,19.62,52.2,25.94,0
6,"OBD.ours2",7.96,16.22,20.16,45.32,7.96,
6,"MTD.ours3",0.1,2.42,19.26,52.18,26.04,0
6,"OBD.ours3",11.02,20.84,21.3,37.26,7.28,
6,"MTD.titeet",0,1.5,19,59.2,20.3,0.2
6,"OBD.titeet",11.3,15.8,15,42.9,14.8,
6,"MTD.tite12",0,0.4,7.8,33.3,58.2,0.28
6,"OBD.tite12",11.2,14.2,15.5,42.5,16.3,
6,"MTD.bfet",,,,,,0.7
6,"OBD.bfet",8.2,11.5,17.2,51.1,11.4,
141,"MTD.ours0",37.28,45.36,13.52,2.4,0.48,0.96
141,"OBD.ours0",73.06,21.44,3.52,0.34,0.1,
141,"MTD.bf",35.78,46.46,13.38,2.7,0.36,1.32
141,"OBD.bf",71.32,22.18,4.14,0.68,0.02,
141,"MTD.ours1",35.52,45.14,14.66,2.96,0.36,1.36
141,"OBD.ours1",72.48,21.38,3.52,0.6,0.06,
141,"MTD.ours2",35.56,45.44,14.14,3.02,0.48,1.36
141,"OBD.ours2",72.6,21.54,3.42,0.6,0.06,
141,"MTD.ours3",35.62,45.68,13.72,3.24,0.48,1.26
141,"OBD.ours3",72.24,20.92,3.96,0.88,0.1,
141,"MTD.titeet",35.8,46.1,13.8,3.3,0.5,0.7
141,"OBD.titeet",59.2,25.9,10.5,3.2,0.5,
141,"MTD.tite12",8.6,28.3,33.4,16.5,12.7,0.56
141,"OBD.tite12",52.3,28.4,11.2,5.7,1.9,
141,"MTD.bfet",,,,,,1.2
141,"OBD.bfet",69.6,23.1,5.3,0.8,0.1,
121,"MTD.ours0",36.28,44.78,14.48,2.76,0.5,1.2
121,"OBD.ours0",72.54,21.22,3.88,0.54,0.14,
121,"MTD.bf",35.96,44.74,14.68,2.8,0.58,1.24
121,"OBD.bf",71.62,21.78,4.28,0.66,0.1,
121,"MTD.ours1",35.06,43.34,16.14,3.58,0.8,1.08
121,"OBD.ours1",71.98,21.68,3.86,0.78,0.08,
121,"MTD.ours2",34.26,43.28,16.76,4.1,0.64,0.96
121,"OBD.ours2",71.94,20.82,4.9,0.96,0.14,
121,"MTD.ours3",34.52,43.78,15.7,3.98,0.82,1.2
121,"OBD.ours3",72.04,20.84,4.28,0.96,0.12,
121,"MTD.titeet",35.3,46,14.1,3.1,0.4,1.4
121,"OBD.titeet",59.2,26.4,10,2.7,0.4,
121,"MTD.tite12",9.3,29,33.6,16.5,10.9,0.6
121,"OBD.tite12",54.2,27.9,11.5,4.2,1.5,
121,"MTD.bfet",,,,,,1.9
121,"OBD.bfet",69.5,21.4,5.7,1.3,0.3,
3,"MTD.ours0",0.12,2.08,22.84,54.02,20.94,0
3,"OBD.ours0",2.32,6.06,62.94,23.44,4.62,
3,"MTD.bf",0.14,2.48,22.74,53.74,20.9,0
3,"OBD.bf",5.2,9.1,57.98,22.3,4.66,
3,"MTD.ours1",0.16,2.06,22.86,52.7,22.22,0
3,"OBD.ours1",4.6,8.64,59.26,22.78,3.9,
3,"MTD.ours2",0.16,2.48,23.08,52.8,21.48,0
3,"OBD.ours2",4.24,8.38,60.06,21.7,4.78,
3,"MTD.ours3",0.1,2.4,22.68,53.14,21.68,0
3,"OBD.ours3",7.14,13.76,53.7,20.4,4.1,
3,"MTD.titeet",0.1,1.7,34.5,49.6,14.2,0.2
3,"OBD.titeet",7.5,11.3,49.5,23.4,8,
3,"MTD.tite12",0,0.7,9.6,30.6,59,0.14
3,"OBD.tite12",7.1,8.5,49.7,24.7,9.9,
3,"MTD.bfet",,,,,,0.7
3,"OBD.bfet",4.4,6.5,57.2,25.6,5.6,
14,"MTD.ours0",0,0.32,2.72,26.22,70.74,0
14,"OBD.ours0",1.52,5.56,10.7,58.52,23.32,
14,"MTD.bf",0,0.3,2.92,26.82,69.96,0
14,"OBD.bf",4.6,8.68,12.3,52.98,21.28,
14,"MTD.ours1",0.02,0.36,2.82,26.96,69.84,0
14,"OBD.ours1",2.66,8.04,12,56.2,20.84,
14,"MTD.ours2",0,0.2,2.96,27.3,69.54,0
14,"OBD.ours2",2.42,7.54,12.06,56.82,20.82,
14,"MTD.ours3",0,0.28,3.18,26.22,70.32,0
14,"OBD.ours3",3.72,9.5,15.82,50.54,19.88,
14,"MTD.titeet",0,0.3,2.7,39.1,58,0.1
14,"OBD.titeet",8.9,13.6,14.1,41.6,21.8,
14,"MTD.tite12",0,0.1,1.6,12.3,85.9,0.12
14,"OBD.tite12",7.2,10.5,12.3,48.2,21.6,
14,"MTD.bfet",,,,,,0.1
14,"OBD.bfet",3.6,7.2,11.3,56.1,21.6,
34,"MTD.ours0",0.02,0.28,3.42,27.6,68.68,0
34,"OBD.ours0",1.86,6.04,11.98,57.46,22.28,
34,"MTD.bf",0,0.34,2.94,26.04,70.68,0
34,"OBD.bf",4.62,8.98,12.54,53.04,20.66,
34,"MTD.ours1",0,0.38,2.94,27.94,68.74,0
34,"OBD.ours1",4.08,8.94,13.96,54.52,18.24,
34,"MTD.ours2",0,0.28,3.16,26.84,69.72,0
34,"OBD.ours2",3.9,9,13.04,54.56,19.2,
34,"MTD.ours3",0,0.3,3.2,26.86,69.64,0
34,"OBD.ours3",6.26,13.44,17.78,46.26,15.98,
34,"MTD.titeet",0,0.2,3.1,39.8,57,0
34,"OBD.titeet",8.1,12.7,13.8,43.7,21.6,
34,"MTD.tite12",0,0.1,1.6,12,86.3,0.06
34,"OBD.tite12",6.1,10.1,13.1,48.7,22,
34,"MTD.bfet",,,,,,0.1
34,"OBD.bfet",4.5,8.4,13.9,54.4,18.7,
82,"MTD.ours0",3.68,33.88,43.4,15.3,3.74,0
82,"OBD.ours0",16.88,57.2,20.54,3.78,0.64,
82,"MTD.bf",2.64,34.4,44.32,15.26,3.38,0
82,"OBD.bf",16.06,57.2,21.32,4.12,0.72,
82,"MTD.ours1",2.82,32.64,43.44,16.52,4.54,0.04
82,"OBD.ours1",17.06,55.5,21.62,4.22,0.72,
82,"MTD.ours2",3.26,32.96,43.7,16.4,3.6,0.08
82,"OBD.ours2",17.86,56.08,20.32,4.24,0.46,
82,"MTD.ours3",2.72,33.68,42.7,16.48,4.42,0
82,"OBD.ours3",18.16,54.08,21.16,4.9,0.8,
82,"MTD.titeet",2.8,39.8,41.7,13,2.7,1.5
82,"OBD.titeet",21.1,44.4,22.7,7.9,2.4,
82,"MTD.tite12",0.4,11.9,30.7,29.1,27.5,0.34
82,"OBD.tite12",17.9,43.2,23.9,10.5,4.1,
82,"MTD.bfet",,,,,,1.2
82,"OBD.bfet",17.4,52.9,22.2,5.5,0.8,
74,"MTD.ours0",0.02,0.3,3.12,27.56,69,0
74,"OBD.ours0",2.06,5.58,11.22,59.66,21.14,
74,"MTD.bf",0,0.28,2.9,27.52,69.3,0
74,"OBD.bf",3.66,7.08,11.7,55.78,21.62,
74,"MTD.ours1",0.04,0.36,2.9,26.7,70,0
74,"OBD.ours1",2.7,7.88,12.26,56.76,20.04,
74,"MTD.ours2",0.02,0.38,2.88,27.12,69.6,0
74,"OBD.ours2",2.72,7.56,11.58,57.42,20.32,
74,"MTD.ours3",0,0.24,3.08,26.44,70.24,0
74,"OBD.ours3",3.18,9.72,15.82,50.82,19.98,
74,"MTD.titeet",0,0.2,3,40.1,56.7,0.1
74,"OBD.titeet",8.4,12,14.2,44.7,20.6,
74,"MTD.tite12",0,0.2,1.6,11.3,86.8,0.02
74,"OBD.tite12",6.9,9.1,12.7,48.2,23.1,
74,"MTD.bfet",,,,,,0.1
74,"OBD.bfet",3.7,7.5,12.3,56.7,19.6,
57,"MTD.ours0",2.66,35.06,43.48,14.84,3.94,0.02
57,"OBD.ours0",54.24,30,12.48,2.76,0.44,
57,"MTD.bf",2.52,34.9,44.22,15.04,3.32,0
57,"OBD.bf",50.8,31.76,13.86,2.96,0.56,
57,"MTD.ours1",3.08,33.32,43.2,15.94,4.42,0.04
57,"OBD.ours1",53.32,30.32,12.68,3.06,0.48,
57,"MTD.ours2",2.86,34.42,42.06,16.06,4.6,0
57,"OBD.ours2",53.84,29.72,12.88,2.98,0.52,
57,"MTD.ours3",2.56,33.88,42.6,16.46,4.5,0
57,"OBD.ours3",52.2,29.82,13.42,3.64,0.74,
57,"MTD.titeet",11.4,40.3,34.4,11.9,2,0
57,"OBD.titeet",50.7,28,14.3,5.6,1.4,
57,"MTD.tite12",1,11.7,38.8,26.5,21.9,0.14
57,"OBD.tite12",45.7,28.2,15.8,7.4,2.8,
57,"MTD.bfet",,,,,,0.2
57,"OBD.bfet",50.3,31,14,3.8,0.7,
131,"MTD.ours0",36.48,45.1,13.7,2.6,0.5,1.62
131,"OBD.ours0",71.84,21.58,3.64,0.6,0.08,
131,"MTD.bf",35.58,46.42,13.6,2.6,0.56,1.24
131,"OBD.bf",71.8,21.62,4.02,0.78,0.18,
131,"MTD.ours1",34.82,44.34,15.26,3.74,0.74,1.1
131,"OBD.ours1",71.82,21.34,4.44,0.62,0.14,
131,"MTD.ours2",35.08,44.62,15.66,2.84,0.58,1.22
131,"OBD.ours2",71.36,21.94,4.28,0.4,0.2,
131,"MTD.ours3",35.06,44.18,15.32,3.58,0.74,1.12
131,"OBD.ours3",71.32,20.86,4.88,1.04,0.12,
131,"MTD.titeet",36.5,44.8,14.3,3.2,0.5,1.2
131,"OBD.titeet",60.5,25.2,9.7,2.7,0.6,
131,"MTD.tite12",8.3,29.1,32.7,17.1,12.3,0.54
131,"OBD.tite12",51.1,29.2,11.9,5.6,1.6,
131,"MTD.bfet",,,,,,1.5
131,"OBD.bfet",69.4,23.1,4.7,1.1,0.1,
67,"MTD.ours0",2.94,33.44,42.9,16.64,4.06,0.02
67,"OBD.ours0",54.38,29.5,12.78,2.74,0.44,
67,"MTD.bf",2.52,34.58,44.06,15.34,3.5,0
67,"OBD.bf",51.04,31.26,13.7,3.42,0.56,
67,"MTD.ours1",3.08,32.54,43.36,16.18,4.8,0.04
67,"OBD.ours1",53.6,30.4,12.74,2.58,0.56,
67,"MTD.ours2",2.9,31.02,43.9,17.04,5.12,0.02
67,"OBD.ours2",52.66,31.24,12.58,2.84,0.64,
67,"MTD.ours3",2.84,32.94,42.1,17.48,4.64,0
67,"OBD.ours3",54.86,29.02,12.2,3.34,0.48,
67,"MTD.titeet",11.1,41.4,36.2,9.6,1.7,0.1
67,"OBD.titeet",51.4,28,14.1,5.2,1.3,
67,"MTD.tite12",0.6,12.2,40.3,25.7,21.1,0.04
67,"OBD.tite12",45.1,29.1,16,7.3,2.4,
67,"MTD.bfet",,,,,,0.3
67,"OBD.bfet",52.7,29.5,12.6,4.3,0.6,
86,"MTD.ours0",0.08,2.56,17.66,55.2,24.5,0
86,"OBD.ours0",5,11.92,19.46,53.04,7.84,
86,"MTD.bf",0.14,2.68,18,55.5,23.68,0
86,"OBD.bf",8.68,12.78,19.96,48.76,8.76,
86,"MTD.ours1",0.12,2.12,18.56,53.82,25.38,0
86,"OBD.ours1",4.4,12.72,20.8,51.26,8.3,
86,"MTD.ours2",0.16,2.66,19.4,54.18,23.6,0
86,"OBD.ours2",5.4,12.28,20.54,50.42,8.32,
86,"MTD.ours3",0.14,2.48,18.3,53.16,25.92,0
86,"OBD.ours3",4.9,14.18,21.68,47.38,9.14,
86,"MTD.titeet",0.1,1.6,20,58.4,19.9,0.4
86,"OBD.titeet",11.4,15.5,15.6,42,15,
86,"MTD.tite12",0,0.9,8.3,31.5,58.8,0.46
86,"OBD.tite12",10.7,13.8,16.1,41.9,17,
86,"MTD.bfet",,,,,,0.7
86,"OBD.bfet",8.4,11.7,16.8,51.9,10.5,
36,"MTD.ours0",0.06,2.7,19.04,52.96,25.24,0
36,"OBD.ours0",5.32,12.6,20.02,50.7,9.08,
36,"MTD.bf",0.14,2.52,18.2,54.32,24.82,0
36,"OBD.bf",10.02,13.36,20.3,46.24,9.04,
36,"MTD.ours1",0.1,2.58,19.6,52.64,25.08,0
36,"OBD.ours1",8.88,17.52,20.34,43.26,8,
36,"MTD.ours2",0.12,2.56,19.06,52.32,25.94,0
36,"OBD.ours2",7.06,16.42,20.7,45.6,8.12,
36,"MTD.ours3",0.12,2.44,18.9,51.94,26.6,0
36,"OBD.ours3",10.06,20.42,21.26,38.1,7.74,
36,"MTD.titeet",0,1.7,19.8,60.3,18.1,0.2
36,"OBD.titeet",11.6,15,15.7,43.2,14.3,
36,"MTD.tite12",0,0.9,7.4,32.4,59,0.24
36,"OBD.tite12",10.2,13.2,15,44.1,17.2,
36,"MTD.bfet",,,,,,0.7
36,"OBD.bfet",8.3,11.5,17.4,51.3,10.8,
26,"MTD.ours0",0.08,2.02,19.32,54.5,24.08,0
26,"OBD.ours0",5.26,12.28,20.8,51.52,7.86,
26,"MTD.bf",0.14,2.68,18.12,55.28,23.78,0
26,"OBD.bf",8.78,12.78,19.86,48.64,8.88,
26,"MTD.ours1",0.14,2.52,19.06,53.44,24.84,0
26,"OBD.ours1",5.22,13.06,20.1,50.58,8.34,
26,"MTD.ours2",0.12,2.4,17.12,55.68,24.68,0
26,"OBD.ours2",5.48,12.44,19.84,51.16,9.16,
26,"MTD.ours3",0.14,2.52,18.4,53.38,25.56,0
26,"OBD.ours3",4.86,14.66,21.56,47.1,9.14,
26,"MTD.titeet",0.1,1.6,18.9,58.3,21.1,0.3
26,"OBD.titeet",12.4,15.5,14.1,42.6,15.2,
26,"MTD.tite12",0,0.9,7.8,31.3,59.6,0.28
26,"OBD.tite12",11.3,14.9,15,41.2,17.4,
26,"MTD.bfet",,,,,,0.7
26,"OBD.bfet",8,11.2,16.7,52,11.4,
151,"MTD.ours0",37,44.54,13.94,2.84,0.32,1.36
151,"OBD.ours0",73.12,20.74,3.68,0.54,0.02,
151,"MTD.bf",35.94,45.16,14.32,2.96,0.4,1.22
151,"OBD.bf",71.36,21.78,4.54,0.68,0.06,
151,"MTD.ours1",34.24,44.94,15.66,3.34,0.68,1.14
151,"OBD.ours1",71.58,21.74,4.3,0.7,0.16,
151,"MTD.ours2",34.68,45.16,14.64,3.6,0.68,1.24
151,"OBD.ours2",71.58,21.62,4.22,0.7,0.08,
151,"MTD.ours3",34.36,44.02,15.68,4.1,0.58,1.26
151,"OBD.ours3",71.52,20.92,4.54,1.08,0.08,
151,"MTD.titeet",36.7,45.1,13.4,3.2,0.5,1.5
151,"OBD.titeet",60.8,25.3,9.3,2.8,0.3,
151,"MTD.tite12",9.5,28.7,34.1,15.7,11.7,0.44
151,"OBD.tite12",53.8,27.3,12.2,4.8,1.4,
151,"MTD.bfet",,,,,,2.8
151,"OBD.bfet",69.3,20.8,5.6,1.3,0.2,
17,"MTD.ours0",2.82,33.66,44.14,15.48,3.88,0.02
17,"OBD.ours0",53.48,30.98,12.26,2.7,0.44,
17,"MTD.bf",2.62,33.82,43.64,16.04,3.88,0
17,"OBD.bf",51.8,30.54,13.66,3.4,0.56,
17,"MTD.ours1",3.18,31.52,42.72,17.58,4.98,0.02
17,"OBD.ours1",52.82,31.06,12.32,3.16,0.52,
17,"MTD.ours2",2.94,32.18,44.96,15.36,4.56,0
17,"OBD.ours2",53.14,30.14,13.52,2.5,0.54,
17,"MTD.ours3",2.66,32.62,42.5,17.5,4.72,0
17,"OBD.ours3",51.96,30.12,13,4.06,0.7,
17,"MTD.titeet",11.8,41.2,34.5,10.6,1.9,0
17,"OBD.titeet",51.9,27.6,13.4,5.9,1.2,
17,"MTD.tite12",0.7,12,38.6,26.8,21.8,0.08
17,"OBD.tite12",46.2,28.2,16.6,6.5,2.4,
17,"MTD.bfet",,,,,,0.2
17,"OBD.bfet",49.5,31.6,13.8,4,0.8,
64,"MTD.ours0",0.02,0.36,2.92,27.86,68.84,0
64,"OBD.ours0",2.24,5.46,11.14,60.16,20.6,
64,"MTD.bf",0,0.26,2.92,27.04,69.78,0
64,"OBD.bf",3.8,7.28,11.58,55.52,21.66,
64,"MTD.ours1",0,0.32,2.72,26.84,70.12,0
64,"OBD.ours1",3.4,7.92,13.92,54.78,19.64,
64,"MTD.ours2",0.04,0.36,2.84,26.14,70.62,0
64,"OBD.ours2",2.98,8.7,12.98,55.82,19.26,
64,"MTD.ours3",0,0.36,2.88,26.82,69.94,0
64,"OBD.ours3",5.02,12.92,17.32,47.72,16.64,
64,"MTD.titeet",0,0.2,3.1,39.8,56.9,0
64,"OBD.titeet",8.3,12.7,13.4,43.6,22,
64,"MTD.tite12",0,0.1,1.7,11.9,86.2,0.04
64,"OBD.tite12",6.2,9.7,12.6,49,22.5,
64,"MTD.bfet",,,,,,0.1
64,"OBD.bfet",4.7,8.6,14.3,54.5,17.8,
87,"MTD.ours0",2.86,35.06,42.6,15.82,3.64,0.02
87,"OBD.ours0",53.78,30.34,12.84,2.48,0.44,
87,"MTD.bf",2.52,35.04,44.16,15.12,3.16,0
87,"OBD.bf",50.92,31.68,13.84,2.92,0.58,
87,"MTD.ours1",3.48,33.7,42.14,16.5,4.16,0.02
87,"OBD.ours1",53.92,29.66,12.68,3.1,0.48,
87,"MTD.ours2",2.82,33.98,42.58,16.48,4.12,0.02
87,"OBD.ours2",51.62,31.7,12.94,3.2,0.4,
87,"MTD.ours3",2.58,33.72,42.78,16.46,4.46,0
87,"OBD.ours3",52.18,29.92,13.44,3.62,0.64,
87,"MTD.titeet",11.7,40.3,35.3,10.4,2.2,0.1
87,"OBD.titeet",50.1,28.1,14.4,5.6,1.8,
87,"MTD.tite12",0.8,11.7,39.8,25.3,22.2,0.1
87,"OBD.tite12",44.9,29.5,15.2,7.3,3,
87,"MTD.bfet",,,,,,0.2
87,"OBD.bfet",50.3,31.4,13.7,3.7,0.7,
27,"MTD.ours0",3.42,34.56,43.46,15.14,3.4,0.02
27,"OBD.ours0",54.1,29.98,12.88,2.54,0.4,
27,"MTD.bf",2.52,34.9,44.26,15,3.32,0
27,"OBD.bf",50.76,31.78,13.86,2.98,0.56,
27,"MTD.ours1",3.12,32.7,42.84,16.84,4.5,0
27,"OBD.ours1",53.04,30.96,12.78,2.74,0.38,
27,"MTD.ours2",3.3,33.58,43.02,15.7,4.4,0
27,"OBD.ours2",52.76,30.78,12.56,3.26,0.54,
27,"MTD.ours3",2.58,33.76,42.82,16.28,4.56,0
27,"OBD.ours3",52,30.06,13.48,3.56,0.72,
27,"MTD.titeet",10.9,42.3,34.6,10.6,1.6,0.1
27,"OBD.titeet",49.8,28.7,14.4,5.7,1.3,
27,"MTD.tite12",0.8,11.4,39.1,26,22.6,0.12
27,"OBD.tite12",44.8,28.7,16.1,7.1,3.2,
27,"MTD.bfet",,,,,,0.1
27,"OBD.bfet",49.6,31.3,14.5,3.8,0.6,
37,"MTD.ours0",3.08,34.44,42.42,15.54,4.48,0.04
37,"OBD.ours0",53.26,29.94,12.92,3.2,0.58,
37,"MTD.bf",2.6,33.98,43.84,15.7,3.88,0
37,"OBD.bf",52.08,30.1,13.78,3.38,0.64,
37,"MTD.ours1",3.48,32.38,42.26,17.2,4.64,0.04
37,"OBD.ours1",51.6,31.5,13.16,3.08,0.5,
37,"MTD.ours2",2.6,31.58,43.12,17.38,5.28,0.04
37,"OBD.ours2",52.94,30.92,12.24,3.2,0.56,
37,"MTD.ours3",2.68,32.76,42.58,17.1,4.88,0
37,"OBD.ours3",54.96,28.84,12.16,3.42,0.56,
37,"MTD.titeet",11.8,41.5,34,10.6,2,0.1
37,"OBD.titeet",51.5,27.5,13.9,6,1,
37,"MTD.tite12",0.9,12.3,41.2,26,19.6,0.06
37,"OBD.tite12",46.7,28.4,15.5,6.8,2.4,
37,"MTD.bfet",,,,,,0.2
37,"OBD.bfet",52.1,29.8,12.8,4.5,0.6,
66,"MTD.ours0",0.22,2.56,17.72,54.58,24.92,0
66,"OBD.ours0",4.96,12.28,19.54,51.74,8.8,
66,"MTD.bf",0.14,2.54,18.7,54.94,23.68,0
66,"OBD.bf",9.16,13.36,19.94,48.42,8.1,
66,"MTD.ours1",0.12,2.18,18.98,52.34,26.38,0
66,"OBD.ours1",7.32,15.44,20.28,46.7,8.3,
66,"MTD.ours2",0.32,2.12,19.62,53.2,24.74,0
66,"OBD.ours2",6.6,15.18,20.78,46.94,8.18,
66,"MTD.ours3",0.12,2.56,18.2,52.72,26.4,0
66,"OBD.ours3",8.48,19.6,21.6,40.38,7.58,
66,"MTD.titeet",0,1.7,19.8,59.3,19.1,0.2
66,"OBD.titeet",11.6,14.3,16,44.3,13.7,
66,"MTD.tite12",0,0.7,7.4,34.8,56.8,0.22
66,"OBD.tite12",9.8,13.7,16.3,44.2,15.8,
66,"MTD.bfet",,,,,,0.7
66,"OBD.bfet",8.4,11.8,17.6,51.1,10.4,
53,"MTD.ours0",0.16,2.6,23.48,53.78,19.98,0
53,"OBD.ours0",2.26,5.92,63.26,23.68,3.9,
53,"MTD.bf",0.14,2.62,22.32,56.34,18.58,0
53,"OBD.bf",3.3,6.28,61.56,23.02,5.06,
53,"MTD.ours1",0.22,2.18,24.24,51.86,21.5,0
53,"OBD.ours1",2.5,6.52,62.64,22.66,4.74,
53,"MTD.ours2",0.14,2.44,22.98,53.9,20.54,0
53,"OBD.ours2",2.62,6.58,63.24,22.16,4.5,
53,"MTD.ours3",0.14,2.56,22.06,53.24,22,0
53,"OBD.ours3",3.1,7.76,58.26,24.28,5.62,
53,"MTD.titeet",0.2,1.6,34,48.7,15.5,0.5
53,"OBD.titeet",8.2,10.5,49.9,22.1,8.8,
53,"MTD.tite12",0,0.7,9.8,31,58.5,0.1
53,"OBD.tite12",6.1,9,49.4,25.1,10.3,
53,"MTD.bfet",,,,,,0.6
53,"OBD.bfet",3.8,7.2,55.6,27.1,5.7,
43,"MTD.ours0",0.28,2.24,23.32,53.98,20.18,0
43,"OBD.ours0",2.26,5.5,61.98,24.54,4.58,
43,"MTD.bf",0.14,2.5,22.6,55.32,19.44,0
43,"OBD.bf",4.34,7.46,59.56,23.32,4.52,
43,"MTD.ours1",0.04,2.14,22.96,53.34,21.52,0
43,"OBD.ours1",3.44,6.98,62.06,22.46,4.32,
43,"MTD.ours2",0.12,2.46,22.74,52.94,21.74,0
43,"OBD.ours2",2.64,6.54,62.36,23.1,4.42,
43,"MTD.ours3",0.12,2.58,21.88,53.64,21.78,0
43,"OBD.ours3",4.16,10.48,56.72,22.92,4.66,
43,"MTD.titeet",0,1.5,34.2,49.5,14.8,0.2
43,"OBD.titeet",7.5,9.7,50.3,23.2,9.1,
43,"MTD.tite12",0,0.5,8.6,30.8,59.9,0.1
43,"OBD.tite12",6.3,9,49.3,24.5,10.8,
43,"MTD.bfet",,,,,,0.6
43,"OBD.bfet",3.4,7.4,57.2,25.9,5.5,
24,"MTD.ours0",0,0.22,3.06,28.26,68.46,0
24,"OBD.ours0",1.74,5.8,10.74,59.38,21.98,
24,"MTD.bf",0,0.26,2.92,26.34,70.48,0
24,"OBD.bf",3.9,6.62,10.9,56.68,21.72,
24,"MTD.ours1",0,0.24,2.88,27.02,69.86,0
24,"OBD.ours1",2.02,6.7,11.92,57.04,21.8,
24,"MTD.ours2",0,0.24,3.34,27,69.42,0
24,"OBD.ours2",2,6.62,11.1,58.78,21.02,
24,"MTD.ours3",0,0.26,2.54,25.72,71.48,0
24,"OBD.ours3",1.9,7.18,13.74,54.5,22.24,
24,"MTD.titeet",0,0.2,2.7,38,59.2,0.1
24,"OBD.titeet",9.2,14.5,14.2,40.6,21.4,
24,"MTD.tite12",0,0.1,1.4,12.1,86.4,0.04
24,"OBD.tite12",8.1,9.9,12,47.6,22.5,
24,"MTD.bfet",,,,,,0.1
24,"OBD.bfet",2.9,6.5,11.5,55.1,23.9,
54,"MTD.ours0",0.02,0.24,2.96,27.68,69.1,0
54,"OBD.ours0",1.86,5.12,10.82,59.42,22.3,
54,"MTD.bf",0,0.26,2.96,26.36,70.42,0
54,"OBD.bf",3.9,6.62,10.9,56.66,21.74,
54,"MTD.ours1",0,0.22,2.9,27.1,69.78,0
54,"OBD.ours1",1.94,6.26,11.92,58.1,21.34,
54,"MTD.ours2",0,0.28,2.64,26.22,70.86,0
54,"OBD.ours2",2.46,5.72,11.34,58.5,21.52,
54,"MTD.ours3",0,0.26,2.56,25.82,71.36,0
54,"OBD.ours3",2.06,6.98,14.02,54.38,22.12,
54,"MTD.titeet",0,0.3,2.8,39.3,57.6,0.1
54,"OBD.titeet",8.5,13.3,15,42.5,20.8,
54,"MTD.tite12",0,0.3,1.5,12.5,85.7,0.08
54,"OBD.tite12",7,10.9,10.6,49.3,22,
54,"MTD.bfet",,,,,,0.1
54,"OBD.bfet",3,6.7,11.6,55.8,22.7,
39,"MTD.ours0",0.1,6.38,39.24,38.08,16.2,0
39,"OBD.ours0",7.22,50.78,27.94,11.88,2.12,
39,"MTD.bf",0.14,5.86,38.88,38.46,16.66,0
39,"OBD.bf",9.12,48.92,27.86,11.34,2.72,
39,"MTD.ours1",0.14,6.38,40.54,34.96,17.98,0
39,"OBD.ours1",8.66,51.06,26.74,11.38,2.08,
39,"MTD.ours2",0.16,6.62,38.8,37.2,17.22,0
39,"OBD.ours2",8.52,51.9,26.64,10.4,2.4,
39,"MTD.ours3",0.14,6.3,38.58,36.62,18.36,0
39,"OBD.ours3",14.7,46.62,24.86,11.46,2.28,
39,"MTD.titeet",0.1,17.8,45.8,27.8,8.5,0.1
39,"OBD.titeet",16.3,43,24.4,12.2,4,
39,"MTD.tite12",0,2.1,17.8,36.8,43.2,0.04
39,"OBD.tite12",11.3,42.1,24.7,16.1,5.8,
39,"MTD.bfet",,,,,,0.1
39,"OBD.bfet",10.6,45.5,27.2,13.9,2.7,
28,"MTD.ours0",5.36,15.04,32.74,32.26,14.5,0.1
28,"OBD.ours0",44.1,28.32,17.94,8.04,1.44,
28,"MTD.bf",4.34,15.82,34.2,31.86,13.68,0.1
28,"OBD.bf",42.1,29.06,18.82,7.84,2.04,
28,"MTD.ours1",5.26,15.08,33.26,32.08,14.3,0.02
28,"OBD.ours1",43.18,28.86,18.5,8.08,1.32,
28,"MTD.ours2",4.98,16.24,31.82,32.8,14,0.16
28,"OBD.ours2",43.8,28.78,18.04,7.76,1.42,
28,"MTD.ours3",4.62,15.92,31.9,31.88,15.56,0.12
28,"OBD.ours3",41.12,28.48,19.1,9.1,2,
28,"MTD.titeet",15.7,29.9,31.9,17.4,5,0.1
28,"OBD.titeet",44.6,26.8,17.7,8.6,2.2,
28,"MTD.tite12",0.8,5.6,27,29.5,37,0.06
28,"OBD.tite12",35,26.2,19.8,13.4,5.6,
28,"MTD.bfet",,,,,,0.2
28,"OBD.bfet",43.1,27.1,18.6,9,2,
40,"MTD.ours0",1.24,6.18,22.94,30.24,39.36,0.04
40,"OBD.ours0",5.6,42.24,26.58,17.24,7.9,
40,"MTD.bf",0.92,6.56,22.52,31.14,38.86,0
40,"OBD.bf",7.14,43.4,26.62,15.74,6.96,
40,"MTD.ours1",1.28,6.14,22.52,30.16,39.9,0
40,"OBD.ours1",6.46,43.14,26.86,17.02,6.38,
40,"MTD.ours2",1.3,6.22,23.9,29.34,39.24,0
40,"OBD.ours2",6.44,43.62,26.86,16.42,6.48,
40,"MTD.ours3",1.04,6.46,22.54,30.3,39.66,0
40,"OBD.ours3",9.56,42.88,25.44,15.64,6.26,
40,"MTD.titeet",0.3,21.5,34.6,27.9,15.7,0.1
40,"OBD.titeet",12.1,42.3,23.8,14.9,6.8,
40,"MTD.tite12",0.1,2.1,9.9,27.6,60.2,0.08
40,"OBD.tite12",7.1,35.9,23.5,20.3,13.1,
40,"MTD.bfet",,,,,,0.7
40,"OBD.bfet",8.4,41,26.8,16.8,6.4,
33,"MTD.ours0",0.08,2.44,24.18,52.76,20.54,0
33,"OBD.ours0",2.48,5.98,62.4,23.06,5.1,
33,"MTD.bf",0.14,2.52,22.74,54.16,20.44,0
33,"OBD.bf",4.4,7.64,60,22.24,4.9,
33,"MTD.ours1",0.08,2.72,23.56,52.42,21.22,0
33,"OBD.ours1",4.44,8.82,60.32,21.2,4.3,
33,"MTD.ours2",0.14,2.24,22.4,52.42,22.8,0
33,"OBD.ours2",3.42,7.66,61.84,21.86,4.38,
33,"MTD.ours3",0.12,2.42,22.44,52.82,22.2,0
33,"OBD.ours3",7.02,13.8,53.52,20.38,4.32,
33,"MTD.titeet",0.1,1.5,35,49.3,14.1,0.2
33,"OBD.titeet",8,10,50,23.7,8,
33,"MTD.tite12",0,0.6,9.6,31.9,57.8,0.12
33,"OBD.tite12",6.5,8.6,49.9,24.9,9.9,
33,"MTD.bfet",,,,,,0.7
33,"OBD.bfet",4.5,6.8,57.2,25.6,5.2,
63,"MTD.ours0",0.1,2.54,22.82,53.26,21.28,0
63,"OBD.ours0",2.02,6.3,62.92,23.3,4.58,
63,"MTD.bf",0.14,2.48,23.02,54.82,19.54,0
63,"OBD.bf",3.74,6.58,60.38,23.64,4.88,
63,"MTD.ours1",0.08,2.24,23.4,53.32,20.96,0
63,"OBD.ours1",3.22,8.34,62.04,21.74,3.92,
63,"MTD.ours2",0.24,2.34,23.4,51.92,22.1,0
63,"OBD.ours2",3.66,7.36,60.72,22.98,4.38,
63,"MTD.ours3",0.12,2.54,21.92,52.78,22.64,0
63,"OBD.ours3",5.96,12.68,54.3,21.58,4.42,
63,"MTD.titeet",0,1.7,35.2,49.4,13.6,0.1
63,"OBD.titeet",7.1,10.5,51.2,22.7,8.4,
63,"MTD.tite12",0,0.6,9.1,31.9,58.2,0.18
63,"OBD.tite12",6.7,8.4,49.3,24.8,10.6,
63,"MTD.bfet",,,,,,0.7
63,"OBD.bfet",4.6,7.1,57.2,25.2,5.2,
29,"MTD.ours0",0.2,6.12,40.2,36.9,16.58,0
29,"OBD.ours0",7.8,50.52,28.46,11.3,1.86,
29,"MTD.bf",0.14,6.08,40.54,37.8,15.44,0
29,"OBD.bf",7.72,49.38,28.42,11.88,2.56,
29,"MTD.ours1",0.14,5.84,38.62,37.12,18.28,0
29,"OBD.ours1",7.5,49.04,28.4,12.18,2.76,
29,"MTD.ours2",0.12,6.08,41.22,35.9,16.68,0
29,"OBD.ours2",7.18,51.44,27.64,11.32,2.34,
29,"MTD.ours3",0.14,6.1,38.58,37.36,17.82,0
29,"OBD.ours3",8.7,47.86,27.68,12.64,2.98,
29,"MTD.titeet",0.1,17.7,43.2,29.2,9.8,0
29,"OBD.titeet",19.3,42.4,22.1,12,4.2,
29,"MTD.tite12",0,2,17.7,36.3,44,0.04
29,"OBD.tite12",12.8,40.6,23.9,16.5,6.2,
29,"MTD.bfet",,,,,,0.1
29,"OBD.bfet",7.5,47.1,29.2,13.3,2.9,
84,"MTD.ours0",0.02,0.4,2.88,27.14,69.56,0
84,"OBD.ours0",1.6,5.78,10.7,59.54,21.94,
84,"MTD.bf",0,0.26,2.98,26.36,70.4,0
84,"OBD.bf",3.86,6.64,10.98,56.44,21.9,
84,"MTD.ours1",0,0.28,2.66,27.44,69.62,0
84,"OBD.ours1",2.14,6.74,11.62,57.48,21.42,
84,"MTD.ours2",0.02,0.2,3.04,25.9,70.84,0
84,"OBD.ours2",2.5,6.68,11.38,57.82,21.28,
84,"MTD.ours3",0,0.26,2.56,25.82,71.36,0
84,"OBD.ours3",2.04,6.88,13.98,54.52,22.14,
84,"MTD.titeet",0,0.2,2.6,38.5,58.7,0.1
84,"OBD.titeet",8.8,13,14.6,42.4,21.1,
84,"MTD.tite12",0,0.1,1.5,12.4,85.9,0.08
84,"OBD.tite12",6.4,10.3,11.1,48.8,23.3,
84,"MTD.bfet",,,,,,0.2
84,"OBD.bfet",3.2,6.7,11.9,55.9,22.1,
49,"MTD.ours0",0.06,6.62,39.28,38.04,16,0
49,"OBD.ours0",7.32,50.66,27.4,12.12,2.48,
49,"MTD.bf",0.14,5.74,39.34,39.06,15.72,0
49,"OBD.bf",9,49.32,27.84,11.2,2.6,
49,"MTD.ours1",0.12,6.16,38.12,37.38,18.22,0
49,"OBD.ours1",8.36,49.7,27.56,11.58,2.68,
49,"MTD.ours2",0.14,6.16,40.02,36.24,17.44,0
49,"OBD.ours2",8.2,51.12,27.12,11.54,1.9,
49,"MTD.ours3",0.12,6.22,38.08,37.34,18.24,0
49,"OBD.ours3",11.22,47.28,26.46,12.06,2.82,
49,"MTD.titeet",0,18,44.5,28,9.5,0
49,"OBD.titeet",17.2,42.7,23.6,12.5,3.9,
49,"MTD.tite12",0,2.3,17.7,36.8,43.3,0
49,"OBD.tite12",12.2,41.4,24.4,15.8,6.3,
49,"MTD.bfet",,,,,,0.1
49,"OBD.bfet",9,46.5,27.9,13.8,2.8,
23,"MTD.ours0",0.26,2.34,23.32,54,20.08,0
23,"OBD.ours0",2.3,6.12,63.32,23.26,3.98,
23,"MTD.bf",0.14,2.62,22.36,56.28,18.6,0
23,"OBD.bf",3.3,6.3,61.6,22.96,5.06,
23,"MTD.ours1",0.18,1.98,23.06,53.46,21.32,0
23,"OBD.ours1",2.34,5.74,62.78,23.82,4.52,
23,"MTD.ours2",0.08,2.56,23.2,53.66,20.5,0
23,"OBD.ours2",2.62,6.26,62.66,23.08,4.36,
23,"MTD.ours3",0.14,2.56,22.18,53.5,21.62,0
23,"OBD.ours3",3.28,7.96,58.32,23.92,5.54,
23,"MTD.titeet",0.1,1.6,35.7,48.7,13.9,0.3
23,"OBD.titeet",9,11.3,49.3,21.9,8.2,
23,"MTD.tite12",0,0.6,9.4,31.9,57.8,0.26
23,"OBD.tite12",7.6,8.5,49.2,24.4,10,
23,"MTD.bfet",,,,,,0.6
23,"OBD.bfet",3.6,6.9,55.6,27.2,6.1,
48,"MTD.ours0",4.56,15.58,33.06,31.62,15.12,0.06
48,"OBD.ours0",42.86,29.12,18.3,7.98,1.64,
48,"MTD.bf",4.48,15.4,32.94,33.38,13.7,0.1
48,"OBD.bf",42.9,29.14,18,8.22,1.6,
48,"MTD.ours1",5.06,15.56,31.9,31.72,15.58,0.18
48,"OBD.ours1",43.42,28.24,17.92,8.48,1.64,
48,"MTD.ours2",5.14,17.06,31.6,30.82,15.26,0.12
48,"OBD.ours2",42.5,29.52,17.44,8.68,1.7,
48,"MTD.ours3",4.4,16.3,31.54,32.66,14.98,0.12
48,"OBD.ours3",41.58,28.7,19.06,8.74,1.68,
48,"MTD.titeet",17.3,30.2,30.4,17.1,4.8,0.2
48,"OBD.titeet",44.8,27.5,16.6,8.5,2.5,
48,"MTD.tite12",0.8,5.6,29.2,29.6,34.8,0.02
48,"OBD.tite12",35,28.2,18.8,12.7,5.3,
48,"MTD.bfet",,,,,,0.2
48,"OBD.bfet",43,28.5,17.8,8.5,2,
80,"MTD.ours0",1.46,6.9,22.98,31.18,37.44,0.04
80,"OBD.ours0",5.24,45.56,26.18,16.1,6.6,
80,"MTD.bf",0.92,6.78,23.94,31,37.36,0
80,"OBD.bf",6.06,45.3,26.16,15.92,6.44,
80,"MTD.ours1",1.52,6.4,22.62,29.84,39.62,0
80,"OBD.ours1",6.04,44.66,24.7,17.82,6.44,
80,"MTD.ours2",1.34,6.7,23.26,30.64,38.02,0.04
80,"OBD.ours2",5.88,43.8,26.38,17.22,6.54,
80,"MTD.ours3",1.04,6.56,22.2,30.52,39.68,0
80,"OBD.ours3",7.1,41.96,26.66,17.06,6.92,
80,"MTD.titeet",0.4,21.9,34.2,27.3,16.3,0.3
80,"OBD.titeet",12.2,42.4,23.8,14.8,6.4,
80,"MTD.tite12",0.1,2.5,10.1,28.6,58.7,0.06
80,"OBD.tite12",7.7,36.4,23.9,19.7,12.2,
80,"MTD.bfet",,,,,,1
80,"OBD.bfet",7.9,41.3,26,17.1,6.7,
13,"MTD.ours0",0.16,2.18,23.2,53.96,20.5,0
13,"OBD.ours0",2.22,6.34,62.42,24,4.06,
13,"MTD.bf",0.14,2.5,22.48,55.5,19.38,0
13,"OBD.bf",4.38,7.56,59.54,23.2,4.52,
13,"MTD.ours1",0.16,2.02,24.18,51.66,21.98,0
13,"OBD.ours1",3.18,7.34,62.32,22.14,4.24,
13,"MTD.ours2",0.1,2.6,22.66,52.78,21.86,0
13,"OBD.ours2",2.7,7.1,61.1,23.94,4.24,
13,"MTD.ours3",0.12,2.58,21.8,53.74,21.76,0
13,"OBD.ours3",4.08,10.34,56.74,23.12,4.66,
13,"MTD.titeet",0,1.5,34.8,50.5,13.3,0.2
13,"OBD.titeet",8.1,11.6,48.9,22.8,8.3,
13,"MTD.tite12",0,0.7,9.2,31.9,58,0.18
13,"OBD.tite12",7.2,9.3,49,24.5,10,
13,"MTD.bfet",,,,,,0.6
13,"OBD.bfet",3.3,7.3,57.2,25.9,5.8,
50,"MTD.ours0",1.28,6.78,22.42,30.62,38.9,0
50,"OBD.ours0",5.34,43.42,25.74,17.26,7.88,
50,"MTD.bf",0.94,6.34,23.34,31.82,37.56,0
50,"OBD.bf",6.86,44.28,26.58,15.42,6.74,
50,"MTD.ours1",1.3,6.98,22.8,30.78,38.1,0.04
50,"OBD.ours1",5.6,44.18,25.64,16.96,7.38,
50,"MTD.ours2",1.08,6.24,23.76,30.7,38.22,0
50,"OBD.ours2",5.72,43.06,26.76,16.72,7.52,
50,"MTD.ours3",1.06,6.28,22.7,30.68,39.28,0
50,"OBD.ours3",7.08,41.54,26.98,17.12,6.94,
50,"MTD.titeet",0.4,21.9,33.3,28,16.4,0.3
50,"OBD.titeet",12.9,41.4,23.6,15.3,6.5,
50,"MTD.tite12",0.2,2.2,10.4,28.4,58.9,0.02
50,"OBD.tite12",8.5,36.5,23.6,19,12.3,
50,"MTD.bfet",,,,,,0.9
50,"OBD.bfet",7.6,41.6,25.8,17.2,7,
8,"MTD.ours0",4.86,15.62,32.38,32.58,14.48,0.08
8,"OBD.ours0",42.2,28.9,19.16,7.9,1.74,
8,"MTD.bf",4.34,15.3,32.74,33.42,14.1,0.1
8,"OBD.bf",42.7,29.44,18.5,7.66,1.56,
8,"MTD.ours1",5.08,15.74,32.68,30.4,15.94,0.16
8,"OBD.ours1",42.02,30.54,17.86,7.98,1.42,
8,"MTD.ours2",4.76,14.7,33.04,32.2,15.18,0.12
8,"OBD.ours2",43.18,29.8,17.98,7.22,1.68,
8,"MTD.ours3",4.4,14.9,32.86,32.2,15.54,0.1
8,"OBD.ours3",43.38,29.18,17.44,8,1.86,
8,"MTD.titeet",17.1,31.4,30.4,16.4,4.6,0.1
8,"OBD.titeet",45.8,27.6,16.3,7.5,2.7,
8,"MTD.tite12",0.7,6,28.4,29.3,35.5,0.02
8,"OBD.tite12",35.5,27.6,19.6,12.6,4.6,
8,"MTD.bfet",,,,,,0.2
8,"OBD.bfet",44.3,26.7,17.7,9,2.1,
10,"MTD.ours0",1.42,6.38,23.48,29.98,38.72,0.02
10,"OBD.ours0",5.56,43.66,25.94,17.3,7.32,
10,"MTD.bf",0.9,6.76,22.44,30.9,39,0
10,"OBD.bf",8.48,43.64,26.9,14.82,6.02,
10,"MTD.ours1",1.28,6.3,22.7,29.96,39.76,0
10,"OBD.ours1",6.94,43.72,26,16.3,6.66,
10,"MTD.ours2",1.32,6.52,22.44,30.06,39.66,0
10,"OBD.ours2",6.22,43.74,26.9,16.72,6.2,
10,"MTD.ours3",1.04,6.54,22.66,29.86,39.9,0
10,"OBD.ours3",10.1,42.44,25.2,15.76,6.28,
10,"MTD.titeet",0.3,22.8,35.8,26.2,14.9,0.3
10,"OBD.titeet",12.2,41.9,24.9,14.4,6.3,
10,"MTD.tite12",0.1,2,10,29.6,58.2,0.06
10,"OBD.tite12",8.1,35.6,24.9,20.2,11.2,
10,"MTD.bfet",,,,,,0.6
10,"OBD.bfet",8,41.2,26.6,16.6,7.1,
9,"MTD.ours0",0.18,6.02,39.72,36.26,17.82,0
9,"OBD.ours0",8,49.92,27.66,11.62,2.7,
9,"MTD.bf",0.14,6.26,39.06,37.34,17.2,0
9,"OBD.bf",11.72,48.24,26.78,10.86,2.36,
9,"MTD.ours1",0.2,6.36,38.74,36.8,17.9,0
9,"OBD.ours1",8.6,50,27.58,11.74,1.98,
9,"MTD.ours2",0.14,6.76,38.36,36.46,18.28,0
9,"OBD.ours2",8.22,51.52,26.42,11.58,2.16,
9,"MTD.ours3",0.12,6.4,38.34,36.64,18.5,0
9,"OBD.ours3",14.76,46.36,25.26,11.32,2.22,
9,"MTD.titeet",0,18.2,44.8,28.2,8.8,0
9,"OBD.titeet",17.1,42.8,23.2,13,3.9,
9,"MTD.tite12",0,1.7,18.3,36.1,43.9,0
9,"OBD.tite12",11.2,42.7,24.7,15.5,5.8,
9,"MTD.bfet",,,,,,0.1
9,"OBD.bfet",10.1,45.8,27.6,13.7,2.7,
70,"MTD.ours0",1.28,6.9,22.66,31.5,37.64,0.02
70,"OBD.ours0",5.72,44.52,26.14,15.86,7.3,
70,"MTD.bf",0.94,6.82,23.96,31.34,36.94,0
70,"OBD.bf",5.92,44.84,26.58,16.2,6.32,
70,"MTD.ours1",1.32,6.68,22.64,29.8,39.56,0
70,"OBD.ours1",5.78,44.04,26.82,16.32,6.8,
70,"MTD.ours2",1.3,6.88,22.5,30.78,38.54,0
70,"OBD.ours2",5.96,43.48,27.36,16.24,6.68,
70,"MTD.ours3",1,6.36,22.64,30.04,39.96,0
70,"OBD.ours3",9.32,42.4,26.14,15.72,6.18,
70,"MTD.titeet",0.4,23,34.7,26,15.7,0.3
70,"OBD.titeet",11.7,43,25.1,13.2,6.7,
70,"MTD.tite12",0.2,2.2,10.4,28.2,58.9,0.06
70,"OBD.tite12",7.5,36.3,23.6,20.1,12.5,
70,"MTD.bfet",,,,,,0.8
70,"OBD.bfet",8.8,41.9,26.2,16.2,6.1,
73,"MTD.ours0",0.08,2.42,23.36,53.4,20.74,0
73,"OBD.ours0",2.48,5.9,63.16,23.18,4.3,
73,"MTD.bf",0.14,2.56,22.44,55.32,19.54,0
73,"OBD.bf",3.66,6.38,61.06,23.26,4.88,
73,"MTD.ours1",0.06,2.74,23.62,52.16,21.42,0
73,"OBD.ours1",2.82,7,62.18,22.3,4.64,
73,"MTD.ours2",0.06,2.52,24,51.82,21.6,0
73,"OBD.ours2",2.98,6.42,62.64,22.24,4.66,
73,"MTD.ours3",0.16,2.44,21.94,54.22,21.24,0
73,"OBD.ours3",4.28,10.54,56.64,22.76,4.6,
73,"MTD.titeet",0.1,1.6,34.2,49.9,14.3,0.3
73,"OBD.titeet",7.6,9.7,51.7,22.6,8.2,
73,"MTD.tite12",0,0.6,9.5,32.1,57.6,0.14
73,"OBD.tite12",6.2,8.8,48.7,26.1,10.1,
73,"MTD.bfet",,,,,,0.6
73,"OBD.bfet",3.5,7.7,56.9,26.1,5.2,
59,"MTD.ours0",0.14,5.88,40.1,37.68,16.2,0
59,"OBD.ours0",7.74,51.92,26.86,11.44,1.94,
59,"MTD.bf",0.14,6.08,40.58,37.82,15.38,0
59,"OBD.bf",7.68,49.36,28.46,11.92,2.54,
59,"MTD.ours1",0.12,5.94,39.84,36.18,17.92,0
59,"OBD.ours1",7.36,50.5,27.84,12.04,2.2,
59,"MTD.ours2",0.18,5.96,40.9,35.78,17.18,0
59,"OBD.ours2",7.88,51.44,27.3,10.7,2.58,
59,"MTD.ours3",0.14,5.9,38.56,37.6,17.8,0
59,"OBD.ours3",8.72,47.72,27.62,12.76,3.06,
59,"MTD.titeet",0.2,17.4,45.3,27.9,9.2,0.1
59,"OBD.titeet",17,42.3,23.5,12.8,4.3,
59,"MTD.tite12",0,1.9,17.5,35.1,45.4,0.06
59,"OBD.tite12",12.4,39.3,25.6,16.3,6.3,
59,"MTD.bfet",,,,,,0.1
59,"OBD.bfet",7.6,47.3,28.9,13.5,2.7,
221,"MTD.ours0",37.02,45.32,13.52,2.54,0.62,0.98
221,"OBD.ours0",73.28,21.06,3.56,0.42,0.08,
221,"MTD.bf",35.74,46.6,13.3,2.68,0.36,1.32
221,"OBD.bf",71.36,22.12,4.16,0.68,0.02,
221,"MTD.ours1",35.6,45.28,14.28,3.14,0.44,1.26
221,"OBD.ours1",71.98,22.3,3.38,0.62,0.02,
221,"MTD.ours2",35.86,44.84,14.78,2.58,0.42,1.52
221,"OBD.ours2",72.72,20.92,3.84,0.5,0.04,
221,"MTD.ours3",35.64,45.22,14.02,3.3,0.54,1.28
221,"OBD.ours3",72.1,20.62,4.34,0.92,0.1,
221,"MTD.titeet",34.9,46.7,14.1,3,0.6,1.1
221,"OBD.titeet",59.8,26,9.3,3.3,0.5,
221,"MTD.tite12",8.7,29.1,32.4,17.2,11.9,0.72
221,"OBD.tite12",52.7,27.8,12,5.1,1.6,
221,"MTD.bfet",,,,,,1.6
221,"OBD.bfet",70.4,22.2,5.1,0.7,0.1,
191,"MTD.ours0",36.86,45.64,13.64,2.38,0.5,0.98
191,"OBD.ours0",73.12,21.36,3.48,0.32,0.12,
191,"MTD.bf",35.78,46.48,13.36,2.7,0.36,1.32
191,"OBD.bf",71.32,22.18,4.14,0.68,0.02,
191,"MTD.ours1",35.44,45.58,14.32,2.96,0.42,1.28
191,"OBD.ours1",70.92,22.8,3.68,0.66,0.06,
191,"MTD.ours2",35.22,45.48,14.58,2.82,0.5,1.4
191,"OBD.ours2",72.6,21.38,3.48,0.54,0.08,
191,"MTD.ours3",35.58,45.6,13.76,3.26,0.54,1.26
191,"OBD.ours3",72.22,20.7,4.12,0.92,0.14,
191,"MTD.titeet",36.2,46.5,13.8,2.5,0.4,0.8
191,"OBD.titeet",61.5,25,9.7,2.5,0.5,
191,"MTD.tite12",9,29.1,33.2,16.5,11.6,0.56
191,"OBD.tite12",52.9,29.1,11.2,4.9,1.4,
191,"MTD.bfet",,,,,,1.1
191,"OBD.bfet",69.5,23.2,5.2,0.9,0.1,
69,"MTD.ours0",0.14,5.88,41.1,36.6,16.26,0.02
69,"OBD.ours0",7.38,50.4,28.04,11.84,2.26,
69,"MTD.bf",0.14,6.08,40.74,37.54,15.5,0
69,"OBD.bf",8.4,48.98,27.94,11.8,2.84,
69,"MTD.ours1",0.12,6.56,39.04,36.5,17.78,0
69,"OBD.ours1",9.1,50.46,26.88,11.32,2.18,
69,"MTD.ours2",0.2,5.9,40.02,36.1,17.78,0
69,"OBD.ours2",8.52,50.64,27.22,11.28,2.24,
69,"MTD.ours3",0.16,6.56,37.54,36.94,18.8,0
69,"OBD.ours3",14.32,46.86,24.68,11.56,2.48,
69,"MTD.titeet",0.1,17,45.6,29.1,8.2,0.1
69,"OBD.titeet",16.6,42.6,24.3,12.4,4,
69,"MTD.tite12",0,2,18.5,37.1,42.3,0.04
69,"OBD.tite12",10.5,42.5,25.3,15.2,6.5,
69,"MTD.bfet",,,,,,0.2
69,"OBD.bfet",11.2,45.8,27.1,13.2,2.5,
19,"MTD.ours0",0.08,6.92,40.26,36.78,15.96,0
19,"OBD.ours0",7.64,50.96,27.36,11.76,2.16,
19,"MTD.bf",0.14,5.74,39.42,39.14,15.56,0
19,"OBD.bf",9,49.4,27.78,11.26,2.52,
19,"MTD.ours1",0.1,6.08,39.26,36.66,17.9,0
19,"OBD.ours1",8.02,50.92,26.68,12.02,2.28,
19,"MTD.ours2",0.1,6.92,39.24,36.22,17.5,0.02
19,"OBD.ours2",8.26,49.72,28.1,11.68,2.18,
19,"MTD.ours3",0.12,6.2,38.12,37.36,18.2,0
19,"OBD.ours3",11.16,46.84,26.7,12.2,2.94,
19,"MTD.titeet",0.1,17.4,44.8,28.3,9.5,0
19,"OBD.titeet",18,41.8,23.6,12.5,4.2,
19,"MTD.tite12",0,2.2,18,36.4,43.3,0.06
19,"OBD.tite12",12.8,42.6,24.5,14.6,5.4,
19,"MTD.bfet",,,,,,0.1
19,"OBD.bfet",8.8,46.4,28.2,13.6,2.9,
83,"MTD.ours0",0.16,2.72,23.26,54.14,19.72,0
83,"OBD.ours0",2.2,6.34,63.1,22.84,4.42,
83,"MTD.bf",0.14,2.62,22.32,56.44,18.48,0
83,"OBD.bf",3.22,6.36,61.58,23.02,5.04,
83,"MTD.ours1",0.12,2.42,24.24,51.66,21.56,0
83,"OBD.ours1",2.6,7.04,62.6,22.6,4.28,
83,"MTD.ours2",0.22,2.56,23.22,52.96,21.04,0
83,"OBD.ours2",2.34,6.84,62.06,23.34,4.28,
83,"MTD.ours3",0.14,2.54,22.08,53.28,21.96,0
83,"OBD.ours3",3.2,7.84,58.16,24.34,5.48,
83,"MTD.titeet",0.1,1.6,36.2,47.7,14.4,0.4
83,"OBD.titeet",8,11.2,50,21.6,8.9,
83,"MTD.tite12",0,0.7,8.9,31.2,59,0.16
83,"OBD.tite12",6.7,8.4,49.3,25.4,10,
83,"MTD.bfet",,,,,,0.6
83,"OBD.bfet",3.9,7.3,55.9,26.8,5.4,
60,"MTD.ours0",1.24,6.18,22.14,30.06,40.36,0.02
60,"OBD.ours0",5.12,44.12,26.72,16.72,7.1,
60,"MTD.bf",0.94,6.9,23.18,31.94,37.04,0
60,"OBD.bf",5.8,44.3,26.94,16.22,6.62,
60,"MTD.ours1",1.44,6.86,22.78,30.1,38.76,0.06
60,"OBD.ours1",5.6,44.38,26,16.48,7.12,
60,"MTD.ours2",1.52,5.88,22.88,31.08,38.64,0
60,"OBD.ours2",5.6,43.7,25.54,17.4,7.48,
60,"MTD.ours3",1,6.76,23.52,30.62,38.1,0
60,"OBD.ours3",6.52,41.96,26.78,17.42,7.14,
60,"MTD.titeet",0.3,22.4,33.1,27.8,16.4,0.3
60,"OBD.titeet",12.6,41.8,23.4,15,6.8,
60,"MTD.tite12",0.1,2.1,9.9,28.7,59.1,0.18
60,"OBD.tite12",8,35.7,24.6,19.9,11.6,
60,"MTD.bfet",,,,,,0.8
60,"OBD.bfet",6.2,42.1,27.3,16.6,7,
18,"MTD.ours0",5.84,15.86,31.88,32.04,14.22,0.16
18,"OBD.ours0",43.76,28.66,17.52,8.34,1.44,
18,"MTD.bf",4.46,15.46,32.88,33.4,13.7,0.1
18,"OBD.bf",42.84,29.22,18.1,8.08,1.62,
18,"MTD.ours1",5.08,15.62,30.72,32.86,15.68,0.04
18,"OBD.ours1",42.58,28.3,18.58,8.64,1.78,
18,"MTD.ours2",5,15.38,32.6,31.74,15.2,0.08
18,"OBD.ours2",41.12,30.48,18.72,7.94,1.6,
18,"MTD.ours3",4.4,16.22,31.6,32.6,15.06,0.12
18,"OBD.ours3",41.64,28.6,19.1,8.68,1.74,
18,"MTD.titeet",16.9,30.6,30.3,17.2,5,0.1
18,"OBD.titeet",45.4,26.2,16.9,8.8,2.7,
18,"MTD.tite12",0.7,5.5,28.8,29.1,35.8,0.04
18,"OBD.tite12",35.2,27.1,19.5,13,5.1,
18,"MTD.bfet",,,,,,0.2
18,"OBD.bfet",42.6,29.3,17.3,8.7,2,
201,"MTD.ours0",36.48,46.26,13.7,1.94,0.36,1.26
201,"OBD.ours0",72.04,22.6,3.16,0.34,0,
201,"MTD.bf",35.86,46.32,14.08,2.08,0.34,1.32
201,"OBD.bf",71.9,21.32,4.48,0.5,0.16,
201,"MTD.ours1",35.4,46.06,14.16,2.68,0.4,1.3
201,"OBD.ours1",72.66,21.7,3.3,0.44,0.12,
201,"MTD.ours2",35.94,45.96,14.12,2.3,0.3,1.38
201,"OBD.ours2",72.44,21.14,3.76,0.6,0.02,
201,"MTD.ours3",35.38,47.16,12.76,3.04,0.42,1.24
201,"OBD.ours3",72.26,20.4,4.26,1.02,0.16,
201,"MTD.titeet",36,46.3,13.8,2.9,0.6,0.7
201,"OBD.titeet",60.8,25.6,9.4,2.9,0.6,
201,"MTD.tite12",8.9,28.7,33.7,16.7,11.6,0.44
201,"OBD.tite12",53.3,27.7,12.1,4.7,1.8,
201,"MTD.bfet",,,,,,1.1
201,"OBD.bfet",71.4,22,4.7,0.7,0.1,
58,"MTD.ours0",4.76,16.08,33.22,31.92,14,0.02
58,"OBD.ours0",44.28,28.62,18.14,7.76,1.14,
58,"MTD.bf",4.34,15.82,34.22,31.88,13.64,0.1
58,"OBD.bf",42.14,29.02,18.82,7.9,1.98,
58,"MTD.ours1",5.2,16.52,31.84,31.54,14.76,0.14
58,"OBD.ours1",42.72,28.7,18.66,8.14,1.56,
58,"MTD.ours2",5.56,16.64,33.16,30.1,14.48,0.06
58,"OBD.ours2",43.66,28.88,17.88,8.04,1.4,
58,"MTD.ours3",4.64,15.96,31.74,32.02,15.52,0.12
58,"OBD.ours3",41.26,28.32,19.1,9.22,1.9,
58,"MTD.titeet",16.5,29.4,31.7,17.4,4.9,0.1
58,"OBD.titeet",45.2,26.4,17.4,8.4,2.5,
58,"MTD.tite12",1.3,5.6,27.5,28.1,37.4,0.1
58,"OBD.tite12",35.5,26.6,19.7,12.7,5.4,
58,"MTD.bfet",,,,,,0.2
58,"OBD.bfet",43,27.8,18.3,8.8,1.9,
79,"MTD.ours0",0.1,5.82,40.18,37.62,16.28,0
79,"OBD.ours0",6.98,50.52,28.82,11.48,2.1,
79,"MTD.bf",0.14,6.2,40.16,38.04,15.46,0
79,"OBD.bf",8.26,49.32,27.66,11.8,2.92,
79,"MTD.ours1",0.16,6.34,39.54,36.44,17.52,0
79,"OBD.ours1",8.74,50.52,27.08,11.22,2.36,
79,"MTD.ours2",0.14,6,40.6,35.88,17.38,0
79,"OBD.ours2",7.58,51.78,27.08,11.22,2.26,
79,"MTD.ours3",0.16,6.14,37.92,37.62,18.16,0
79,"OBD.ours3",10.82,47.36,26.7,12.14,2.8,
79,"MTD.titeet",0.1,18,45.3,27.9,8.7,0.1
79,"OBD.titeet",16.1,43.8,23.2,12.8,4,
79,"MTD.tite12",0,2.1,17.6,37,43.4,0.02
79,"OBD.tite12",11.3,40.9,25.6,15.5,6.7,
79,"MTD.bfet",,,,,,0.1
79,"OBD.bfet",9,46.4,28,13.7,2.7,
68,"MTD.ours0",5.02,16.28,33.3,31.28,14,0.12
68,"OBD.ours0",44.62,28.16,17.6,7.5,1.94,
68,"MTD.bf",4.38,15.76,33.3,33.06,13.4,0.1
68,"OBD.bf",42.12,29.24,18.78,8.16,1.56,
68,"MTD.ours1",4.88,15.4,32.66,31.3,15.68,0.08
68,"OBD.ours1",43.28,29.34,17.28,8.3,1.7,
68,"MTD.ours2",4.96,15.4,31.96,31.82,15.76,0.1
68,"OBD.ours2",41.64,29.18,18.92,8.54,1.58,
68,"MTD.ours3",4.54,15.44,31.72,32.5,15.7,0.1
68,"OBD.ours3",42.94,29.3,17.46,8.42,1.74,
68,"MTD.titeet",16.8,29.8,31.8,16.9,4.4,0.2
68,"OBD.titeet",45.5,28,16.8,7.3,2.2,
68,"MTD.tite12",0.9,5.5,30.1,27.7,35.8,0.02
68,"OBD.tite12",35.5,26.9,19.7,12.4,5.5,
68,"MTD.bfet",,,,,,0.3
68,"OBD.bfet",43.8,27.5,17.5,8.9,2.1,
251,"MTD.ours0",36.18,46,13.4,2.74,0.3,1.38
251,"OBD.ours0",71.66,22.28,3.62,0.48,0.04,
251,"MTD.bf",35.92,46.82,13.2,2.26,0.44,1.36
251,"OBD.bf",71.38,21.64,4.56,0.62,0.14,
251,"MTD.ours1",35.5,45.68,14.64,2.44,0.5,1.24
251,"OBD.ours1",72.52,21.6,3.62,0.44,0.12,
251,"MTD.ours2",35.44,47.02,13.74,2.26,0.48,1.06
251,"OBD.ours2",73.46,21.2,3.22,0.38,0.12,
251,"MTD.ours3",35.86,45.68,13.24,3.32,0.62,1.28
251,"OBD.ours3",71.48,21.3,4,0.98,0.22,
251,"MTD.titeet",34.3,47,14.2,3,0.4,1.7
251,"OBD.titeet",60.3,25.8,9.1,2.6,0.5,
251,"MTD.tite12",9.2,28.5,33.3,17.2,11.3,0.54
251,"OBD.tite12",52.9,28.3,11.6,5,1.6,
251,"MTD.bfet",,,,,,2.4
251,"OBD.bfet",70.1,22.1,4.5,0.8,0.1,
88,"MTD.ours0",4.66,15.36,32.88,32.24,14.68,0.18
88,"OBD.ours0",43.84,28.68,17.5,8.26,1.52,
88,"MTD.bf",4.36,15.8,34.28,31.96,13.5,0.1
88,"OBD.bf",42.1,29.12,18.66,7.88,2.1,
88,"MTD.ours1",4.94,15.76,32.4,31.84,14.9,0.16
88,"OBD.ours1",42.48,28.82,18.28,8.58,1.64,
88,"MTD.ours2",5,16.44,32.52,32,13.76,0.28
88,"OBD.ours2",43.46,30.24,16.44,8.12,1.44,
88,"MTD.ours3",4.62,16,31.72,31.9,15.64,0.12
88,"OBD.ours3",41.24,28.46,18.9,9.2,2,
88,"MTD.titeet",16.9,29.6,32,16.7,4.7,0.1
88,"OBD.titeet",45.5,27.3,16,8.3,2.8,
88,"MTD.tite12",0.8,5.5,29.2,27.6,36.9,0
88,"OBD.tite12",35,26.3,20.3,13,5.4,
88,"MTD.bfet",,,,,,0.2
88,"OBD.bfet",43.8,27.1,18.4,8.7,1.8,
78,"MTD.ours0",5.04,14.62,33.58,32.38,14.2,0.18
78,"OBD.ours0",41.22,29.98,18.92,7.9,1.8,
78,"MTD.bf",4.54,15.36,33.58,32.6,13.82,0.1
78,"OBD.bf",42.18,28.46,19.38,8.02,1.82,
78,"MTD.ours1",5.22,15.42,33.38,31.24,14.42,0.32
78,"OBD.ours1",44.3,28.48,17.78,7.7,1.4,
78,"MTD.ours2",5.32,15.94,34.04,30.42,14.16,0.12
78,"OBD.ours2",45.2,28.72,17.24,7.1,1.54,
78,"MTD.ours3",4.4,16.52,31.08,32.58,15.3,0.12
78,"OBD.ours3",41.52,28.56,19.1,8.76,1.82,
78,"MTD.titeet",17.4,29.9,31.6,16.2,4.8,0.2
78,"OBD.titeet",45.9,27.6,16.6,7.7,2,
78,"MTD.tite12",1,5.4,29.6,28.8,35.1,0.02
78,"OBD.tite12",35.3,27.3,18.9,12.8,5.7,
78,"MTD.bfet",,,,,,0.3
78,"OBD.bfet",43.2,28.1,17.6,8.8,2,
89,"MTD.ours0",0.2,6.32,39.68,37.2,16.6,0
89,"OBD.ours0",7.24,50.84,28.06,11.66,2.08,
89,"MTD.bf",0.14,6.06,40.88,37.6,15.32,0
89,"OBD.bf",7.7,49.38,28.46,11.82,2.6,
89,"MTD.ours1",0.14,5.66,39.26,37.44,17.5,0
89,"OBD.ours1",7.5,51.14,27.08,11.56,2.58,
89,"MTD.ours2",0.08,5.74,40.04,37.24,16.9,0
89,"OBD.ours2",8.82,50.3,26.84,11.08,2.82,
89,"MTD.ours3",0.14,5.9,38.44,37.52,18,0
89,"OBD.ours3",8.66,47.62,27.78,12.86,2.94,
89,"MTD.titeet",0,16.7,45.3,28.1,9.9,0.1
89,"OBD.titeet",16.6,43.1,24,12.2,4,
89,"MTD.tite12",0,2,17.6,35.8,44.5,0.06
89,"OBD.tite12",11.8,40.5,24.8,16.4,6.4,
89,"MTD.bfet",,,,,,0.1
89,"OBD.bfet",7.6,47.9,28.4,13.6,2.5,
38,"MTD.ours0",4.82,15.8,32.44,32.38,14.48,0.08
38,"OBD.ours0",43.36,28.42,18.72,7.58,1.78,
38,"MTD.bf",4.44,15.22,32.92,33.16,14.16,0.1
38,"OBD.bf",41.92,28.92,19.08,8.32,1.62,
38,"MTD.ours1",5.2,15.72,32.08,31.3,15.58,0.12
38,"OBD.ours1",43.12,30.04,16.78,8.14,1.76,
38,"MTD.ours2",4.74,15.72,32.56,31.2,15.7,0.08
38,"OBD.ours2",42.84,29.1,17.88,8.14,1.94,
38,"MTD.ours3",4.38,15.08,32.68,32.16,15.58,0.12
38,"OBD.ours3",43.04,29.16,17.46,8.36,1.82,
38,"MTD.titeet",15.7,31.1,32.3,16.8,4,0.1
38,"OBD.titeet",44.6,28.9,16.6,7.6,2.1,
38,"MTD.tite12",1,5.9,30,28.7,34.4,0.02
38,"OBD.tite12",36.5,27.7,17.6,13.1,5.1,
38,"MTD.bfet",,,,,,0.3
38,"OBD.bfet",43.6,27.4,17.5,9.1,2.1,
95,"MTD.ours0",1.6,20.42,51.08,21.36,5.52,0.02
95,"OBD.ours0",15.12,20.6,51.58,7.9,1.3,
95,"MTD.bf",1.48,22.34,50.22,21.82,4.14,0
95,"OBD.bf",18.1,21.72,48.96,7.56,1.3,
95,"MTD.ours1",1.86,20.72,50.44,21.36,5.6,0.02
95,"OBD.ours1",15.72,22.02,49.48,7.94,1.28,
95,"MTD.ours2",2.06,21.6,50.94,20.38,4.98,0.04
95,"OBD.ours2",15.56,21.6,50.66,7.46,1.08,
95,"MTD.ours3",1.64,22,48.44,22.86,5.06,0
95,"OBD.ours3",19.12,22.48,45.74,8.3,1.1,
95,"MTD.titeet",1.1,19.8,56.1,19.5,3.4,1.5
95,"OBD.titeet",19.9,14.5,45.1,15.2,3.8,
95,"MTD.tite12",0.2,6.6,31.2,29.1,32.4,0.5
95,"OBD.tite12",18,16.8,43.9,15.1,5.8,
95,"MTD.bfet",,,,,,2.1
95,"OBD.bfet",16.8,18.3,50.5,10,2.3,
261,"MTD.ours0",37.12,45.94,13.48,1.84,0.36,1.26
261,"OBD.ours0",72.62,21.94,3.26,0.38,0.02,
261,"MTD.bf",35.82,46.38,14.04,2.12,0.32,1.32
261,"OBD.bf",71.84,21.34,4.52,0.5,0.16,
261,"MTD.ours1",36.04,45.78,13.78,2.78,0.34,1.28
261,"OBD.ours1",72.52,21.38,3.62,0.66,0,
261,"MTD.ours2",35.72,45.7,14.48,2.74,0.28,1.08
261,"OBD.ours2",72.82,21.64,3.26,0.6,0.06,
261,"MTD.ours3",35.1,47.38,12.92,2.96,0.4,1.24
261,"OBD.ours3",72.1,20.72,3.94,1.16,0.16,
261,"MTD.titeet",35.7,45.8,14.4,3,0.4,1.3
261,"OBD.titeet",61.2,25.3,9.2,2.4,0.5,
261,"MTD.tite12",9.4,29.2,32.8,16.3,11.8,0.52
261,"OBD.tite12",53.2,27.3,12.2,5.2,1.6,
261,"MTD.bfet",,,,,,1.7
261,"OBD.bfet",72,21.3,4.2,0.6,0,
90,"MTD.ours0",1,6.4,23.88,30.66,38.06,0
90,"OBD.ours0",5.16,44.66,26.4,16.8,6.76,
90,"MTD.bf",0.94,6.94,23.04,32,37.08,0
90,"OBD.bf",5.72,44.4,26.76,16.24,6.76,
90,"MTD.ours1",1.24,6.84,22.44,29.54,39.92,0.02
90,"OBD.ours1",5.48,43.34,26.06,17.3,7.4,
90,"MTD.ours2",1.28,6.86,22.38,31.68,37.76,0.04
90,"OBD.ours2",5.58,44.34,25,16.74,8,
90,"MTD.ours3",1,6.72,23.5,30.62,38.16,0
90,"OBD.ours3",6.36,42.24,26.66,17.32,7.24,
90,"MTD.titeet",0.3,21.6,35.3,26.2,16.6,0.3
90,"OBD.titeet",11.7,42.3,24.8,14.4,6.5,
90,"MTD.tite12",0.1,2.2,9.7,28,60.1,0
90,"OBD.tite12",7.8,35.3,24,20.6,12.2,
90,"MTD.bfet",,,,,,0.8
90,"OBD.bfet",6.3,42.1,27.3,16.9,6.6,
181,"MTD.ours0",36.16,43.9,14.88,2.96,0.62,1.48
181,"OBD.ours0",72.72,20.34,4.34,0.66,0.06,
181,"MTD.bf",35.3,45.82,14,3.06,0.52,1.3
181,"OBD.bf",71.32,21.96,4.14,0.9,0,
181,"MTD.ours1",35.34,44.06,15.32,3.34,0.72,1.22
181,"OBD.ours1",71.46,21.32,4.34,0.72,0.16,
181,"MTD.ours2",35.5,44.38,14.9,3.26,0.48,1.48
181,"OBD.ours2",71.96,21.64,3.46,0.68,0.08,
181,"MTD.ours3",34.5,43.8,15.26,4.32,0.84,1.28
181,"OBD.ours3",70.68,21.36,4.78,1.22,0.1,
181,"MTD.titeet",35.7,46,14.2,2.8,0.4,1.2
181,"OBD.titeet",60.7,24.7,9.6,3.2,0.5,
181,"MTD.tite12",8.9,27.3,33.3,17.6,12.3,0.6
181,"OBD.tite12",51.8,28.9,11.8,5.2,1.7,
181,"MTD.bfet",,,,,,1.6
181,"OBD.bfet",68.1,23.5,5.6,0.9,0.2,
231,"MTD.ours0",37.1,45.7,13.7,1.94,0.36,1.2
231,"OBD.ours0",72.18,22.4,3.28,0.34,0.02,
231,"MTD.bf",35.86,46.3,14.08,2.1,0.34,1.32
231,"OBD.bf",71.9,21.3,4.5,0.5,0.16,
231,"MTD.ours1",35.84,45.24,14.6,2.76,0.38,1.18
231,"OBD.ours1",71.92,22.12,3.68,0.46,0.06,
231,"MTD.ours2",35.36,46.28,14.42,2.34,0.28,1.32
231,"OBD.ours2",71.92,21.82,3.68,0.68,0.02,
231,"MTD.ours3",35.28,47.08,13.08,2.94,0.38,1.24
231,"OBD.ours3",72.1,20.76,4.08,1,0.16,
231,"MTD.titeet",36,44.8,14.7,3.4,0.4,1.1
231,"OBD.titeet",60.2,25.9,9.6,2.6,0.5,
231,"MTD.tite12",9.1,28.3,32.1,17.3,12.6,0.66
231,"OBD.tite12",52.5,27.6,12.1,5.4,1.7,
231,"MTD.bfet",,,,,,1.3
231,"OBD.bfet",72.3,21.2,4.4,0.7,0.1,
30,"MTD.ours0",1.2,6.36,23.82,31.44,37.16,0.02
30,"OBD.ours0",5.36,45.12,26.5,16.16,6.56,
30,"MTD.bf",0.94,6.9,23.16,31.94,37.06,0
30,"OBD.bf",5.8,44.3,26.88,16.16,6.74,
30,"MTD.ours1",1.38,6.46,22.96,30.6,38.6,0
30,"OBD.ours1",5.48,44.76,25.88,16.68,6.8,
30,"MTD.ours2",1.38,6.34,23.46,32,36.8,0.02
30,"OBD.ours2",5.96,43.6,26.34,16.9,6.84,
30,"MTD.ours3",1,6.72,23.36,30.72,38.2,0
30,"OBD.ours3",6.24,41.74,27.04,17.52,7.28,
30,"MTD.titeet",0.3,22.1,32.6,27.4,17.5,0.2
30,"OBD.titeet",13.3,42,22,14.8,7.7,
30,"MTD.tite12",0.1,2.3,9.8,26.9,60.9,0.06
30,"OBD.tite12",8.3,34.3,23.4,21.3,12.7,
30,"MTD.bfet",,,,,,0.7
30,"OBD.bfet",6.2,41.5,27.9,16.4,7.3,
135,"MTD.ours0",1.74,22.5,51.02,20.98,3.74,0.02
135,"OBD.ours0",14.54,22.26,51.42,7.06,1,
135,"MTD.bf",1.44,21.82,52.06,20.62,4.06,0
135,"OBD.bf",15.86,21.3,52.2,7.28,1.14,
135,"MTD.ours1",1.92,22.18,50.02,21.12,4.76,0
135,"OBD.ours1",15.48,21.1,49.9,8.26,1.28,
135,"MTD.ours2",1.34,21.58,51.08,21.18,4.8,0.02
135,"OBD.ours2",15.36,20.62,51.24,7.82,1.22,
135,"MTD.ours3",1.72,21.8,49.9,21.48,5.1,0
135,"OBD.ours3",15.02,20.52,50.18,9.08,1.52,
135,"MTD.titeet",1.2,19.2,57,19,3.7,1.8
135,"OBD.titeet",18.9,15.8,45,14.3,4.2,
135,"MTD.tite12",0.2,5.9,30.1,29,34.1,0.74
135,"OBD.tite12",16.4,16.3,43.3,16.3,6.8,
135,"MTD.bfet",,,,,,2.5
135,"OBD.bfet",16.7,19,49.5,10.3,2,
20,"MTD.ours0",1.36,6.58,22.16,31.92,37.98,0
20,"OBD.ours0",5.5,43.5,26.72,16.58,7.32,
20,"MTD.bf",0.94,6.38,23.44,31.68,37.56,0
20,"OBD.bf",6.8,44.28,26.8,15.2,6.8,
20,"MTD.ours1",1.28,6.86,23.82,30.4,37.64,0
20,"OBD.ours1",6.14,44.34,26.54,16.24,6.5,
20,"MTD.ours2",1.08,6.22,23.24,30.98,38.48,0
20,"OBD.ours2",6.16,43.3,26.38,17.18,6.76,
20,"MTD.ours3",1.04,6.28,22.72,30.78,39.18,0
20,"OBD.ours3",7.02,41.46,27.02,17.24,6.92,
20,"MTD.titeet",0.3,21.5,33.9,27.7,16.5,0.2
20,"OBD.titeet",12.7,42.1,22.8,15.3,7,
20,"MTD.tite12",0.1,2.4,9.3,27.6,60.5,0.02
20,"OBD.tite12",8,35.9,23.6,19.7,12.7,
20,"MTD.bfet",,,,,,0.8
20,"OBD.bfet",7.1,41.7,26.2,16.6,7.6,
175,"MTD.ours0",1.86,22.02,52.12,20.36,3.58,0.06
175,"OBD.ours0",14.92,21.42,51.78,7.02,1.12,
175,"MTD.bf",1.5,22.14,52.28,20.08,4,0
175,"OBD.bf",15.28,21.9,51.46,7.88,1.24,
175,"MTD.ours1",1.94,21.2,51.98,20.42,4.4,0.06
175,"OBD.ours1",15.14,20.18,51.02,8.1,1.14,
175,"MTD.ours2",2.3,21.8,52.94,18.84,4.08,0.04
175,"OBD.ours2",15.6,20.22,51.2,7.64,1.08,
175,"MTD.ours3",1.44,22.24,50.9,21.56,3.86,0
175,"OBD.ours3",15.28,20.4,50.32,9.06,1.16,
175,"MTD.titeet",1.1,20,55.6,19.8,3.5,1.9
175,"OBD.titeet",19.2,16.4,44.2,14.7,3.5,
175,"MTD.tite12",0.2,7.5,30.4,29,32.5,0.46
175,"OBD.tite12",17.6,17,42.6,15.9,6.5,
175,"MTD.bfet",,,,,,2.4
175,"OBD.bfet",18.1,19.3,49.8,9.1,1.3,
211,"MTD.ours0",36.4,44.32,14.94,2.46,0.5,1.38
211,"OBD.ours0",73.02,20.66,3.7,0.68,0.06,
211,"MTD.bf",35.7,45.88,13.68,3.06,0.4,1.28
211,"OBD.bf",71.18,21.98,4.48,0.54,0.16,
211,"MTD.ours1",34.8,44.7,15.36,3.28,0.6,1.26
211,"OBD.ours1",71.3,22.66,3.7,0.48,0.12,
211,"MTD.ours2",36.16,43.96,14.72,3.24,0.66,1.26
211,"OBD.ours2",72.68,20.86,3.62,0.8,0.08,
211,"MTD.ours3",35,44.46,15.12,3.5,0.62,1.3
211,"OBD.ours3",71.48,21.3,4.24,0.88,0.1,
211,"MTD.titeet",34.8,46.2,14.4,3.1,0.4,1.6
211,"OBD.titeet",59,26.6,9.3,3,0.6,
211,"MTD.tite12",9.6,28.9,33.2,15.7,12,0.58
211,"OBD.tite12",53.1,27.6,12,5.1,1.6,
211,"MTD.bfet",,,,,,2.6
211,"OBD.bfet",68.4,22.8,5.3,0.8,0.2,
145,"MTD.ours0",1.82,22.24,51.76,20.56,3.56,0.06
145,"OBD.ours0",14.96,20.94,51.62,7.26,1.06,
145,"MTD.bf",1.5,22.12,52.34,20.06,3.98,0
145,"OBD.bf",15.24,21.94,51.56,7.78,1.24,
145,"MTD.ours1",1.68,22.64,51,20.2,4.46,0.02
145,"OBD.ours1",15.94,20.8,50.44,7.8,1.04,
145,"MTD.ours2",2.18,21.38,52.28,20.12,4.02,0.02
145,"OBD.ours2",15.26,21.2,50.6,8.16,0.96,
145,"MTD.ours3",1.48,22.24,50.84,21.6,3.84,0
145,"OBD.ours3",15.2,20.62,50.26,9,1.12,
145,"MTD.titeet",1.2,19.2,57.1,19,3.5,2.2
145,"OBD.titeet",20.5,15,45.2,13.5,3.7,
145,"MTD.tite12",0.2,6.8,29.5,29.2,33.5,0.74
145,"OBD.tite12",17.8,17,42.5,15.5,6.4,
145,"MTD.bfet",,,,,,2.2
145,"OBD.bfet",17.3,19.1,50.7,9.3,1.4,
105,"MTD.ours0",1.78,21.98,52.2,20,4.02,0.02
105,"OBD.ours0",14.78,21.8,51.66,6.88,1.1,
105,"MTD.bf",1.46,21.8,52.02,20.7,4.02,0
105,"OBD.bf",15.88,21.2,52.4,7.16,1.16,
105,"MTD.ours1",1.92,22,49.22,21.54,5.3,0.02
105,"OBD.ours1",15.76,20.66,49.92,8.44,1.38,
105,"MTD.ours2",1.94,21.8,50.32,21.48,4.44,0.02
105,"OBD.ours2",15.7,21.14,50.14,8.28,1.08,
105,"MTD.ours3",1.7,21.82,50.02,21.62,4.84,0
105,"OBD.ours3",15.08,20.36,50.38,8.92,1.46,
105,"MTD.titeet",1.3,19.4,55.3,20.2,3.8,1.6
105,"OBD.titeet",19.8,15.5,45.1,14.1,3.9,
105,"MTD.tite12",0.2,5.9,30.9,29.6,32.8,0.6
105,"OBD.tite12",17.2,16.9,43.5,15.6,6.2,
105,"MTD.bfet",,,,,,2.3
105,"OBD.bfet",16.5,18.8,50,10.5,1.9,
112,"MTD.ours0",2.68,33.22,46.58,14.38,3.14,0
112,"OBD.ours0",16.32,58.54,20.74,3.2,0.46,
112,"MTD.bf",2.7,34.56,45.16,14.56,3.02,0
112,"OBD.bf",15.58,57.4,21.58,4.14,0.76,
112,"MTD.ours1",2.72,33.96,44.76,15.18,3.38,0
112,"OBD.ours1",16.72,57.74,20.64,3.34,0.52,
112,"MTD.ours2",2.64,33.34,45.64,15.52,2.84,0.02
112,"OBD.ours2",17.08,57.42,20.38,3.62,0.6,
112,"MTD.ours3",2.58,33.96,44.38,15.86,3.22,0
112,"OBD.ours3",16.3,55.38,21.52,5.24,0.68,
112,"MTD.titeet",1.9,41.2,41.5,12.5,2.8,1.3
112,"OBD.titeet",20.7,46.2,21.5,8.2,2.2,
112,"MTD.tite12",0.5,11,30.9,31,26.3,0.38
112,"OBD.tite12",18.5,42.7,23.8,10.5,4.1,
112,"MTD.bfet",,,,,,0.9
112,"OBD.bfet",16.7,55.2,21.5,4.9,0.8,
115,"MTD.ours0",1.7,21.94,52.88,19.52,3.92,0.04
115,"OBD.ours0",15.02,20.76,52.34,7.08,0.92,
115,"MTD.bf",1.5,22.12,52.34,20.06,3.98,0
115,"OBD.bf",15.24,21.96,51.54,7.78,1.24,
115,"MTD.ours1",1.7,21.42,51.6,20.52,4.74,0.02
115,"OBD.ours1",14.96,20.56,51.16,8.48,1.14,
115,"MTD.ours2",1.8,22.94,51.42,19.82,4,0.02
115,"OBD.ours2",16.08,20.98,50.48,7.38,1.06,
115,"MTD.ours3",1.44,22.38,50.54,21.64,4,0
115,"OBD.ours3",15.22,20.44,49.88,9.28,1.3,
115,"MTD.titeet",1.1,20.3,55.9,19,3.8,1.9
115,"OBD.titeet",20,16.4,44.4,13.6,3.7,
115,"MTD.tite12",0.3,6.5,30.2,28.6,33.6,0.86
115,"OBD.tite12",17.2,16.8,42.4,16.4,6.4,
115,"MTD.bfet",,,,,,2
115,"OBD.bfet",16.7,18.8,51.8,9.3,1.4,
241,"MTD.ours0",36.98,44.62,14.12,2.8,0.38,1.1
241,"OBD.ours0",72.1,21.82,3.76,0.48,0.04,
241,"MTD.bf",35.8,46.12,13.76,2.64,0.36,1.32
241,"OBD.bf",70.98,22.28,4.3,0.76,0.06,
241,"MTD.ours1",34.88,45.38,14.62,3.34,0.64,1.14
241,"OBD.ours1",73.34,20.76,3.68,0.68,0.1,
241,"MTD.ours2",36.2,43.88,14.46,3.58,0.8,1.08
241,"OBD.ours2",70.44,23.18,3.94,0.6,0.18,
241,"MTD.ours3",34.76,45.22,14.4,3.54,0.76,1.32
241,"OBD.ours3",71.04,21.38,4.54,1.04,0.12,
241,"MTD.titeet",35.8,44.7,14.4,3.4,0.5,1.7
241,"OBD.titeet",59.4,25.8,9.5,3.2,0.6,
241,"MTD.tite12",8.8,28.8,33.8,16.5,11.4,0.7
241,"OBD.tite12",52.9,28.2,11.7,5.2,1.4,
241,"MTD.bfet",,,,,,3.6
241,"OBD.bfet",67.5,22.8,5,1,0.1,
172,"MTD.ours0",3.06,34.3,44.58,14.46,3.6,0
172,"OBD.ours0",17.04,58.8,19.3,3.44,0.44,
172,"MTD.bf",2.7,34.6,45.16,14.54,3,0
172,"OBD.bf",15.6,57.24,21.7,4.16,0.76,
172,"MTD.ours1",2.7,34.24,43.96,15.34,3.76,0
172,"OBD.ours1",16.58,57.16,20.38,4,0.9,
172,"MTD.ours2",3,34.14,45.14,14.66,3.06,0
172,"OBD.ours2",17.44,56.56,20.42,4.04,0.54,
172,"MTD.ours3",2.62,33.9,44.28,15.88,3.32,0
172,"OBD.ours3",16.36,55.14,21.66,5.08,0.86,
172,"MTD.titeet",2.1,40.4,41.1,13.7,2.6,1.3
172,"OBD.titeet",20.6,46.6,21.3,8.4,1.8,
172,"MTD.tite12",0.3,11.6,31.2,30.4,26.3,0.2
172,"OBD.tite12",18.5,42.3,24.5,10.8,3.7,
172,"MTD.bfet",,,,,,1.1
172,"OBD.bfet",18.2,55.1,20.3,4.5,0.8,
125,"MTD.ours0",2.1,21.86,51.06,20.96,4.02,0
125,"OBD.ours0",15.76,22,50.52,7.2,0.78,
125,"MTD.bf",1.52,22.24,50.74,21.7,3.8,0
125,"OBD.bf",17,21.08,51.12,7.46,1.2,
125,"MTD.ours1",2.3,20.98,50.18,21.64,4.9,0
125,"OBD.ours1",16.3,21.1,50.44,7.54,1.2,
125,"MTD.ours2",1.96,21.96,49.8,21.22,5.06,0
125,"OBD.ours2",16.18,21.96,49.44,7.5,1.14,
125,"MTD.ours3",1.52,22.52,48.62,21.84,5.5,0
125,"OBD.ours3",18.58,22.26,46.28,8.3,1.38,
125,"MTD.titeet",1.2,19.4,56.9,19.2,3.3,1.3
125,"OBD.titeet",19.9,15.4,45.6,14.3,3.5,
125,"MTD.tite12",0.3,6.7,30.6,27.8,33.9,0.7
125,"OBD.tite12",16.6,16.2,44.5,15.3,6.7,
125,"MTD.bfet",,,,,,2.4
125,"OBD.bfet",17.5,18.3,49.8,10,2,
155,"MTD.ours0",1.84,22.04,52.12,19.78,4.22,0
155,"OBD.ours0",15,21.8,52.08,6.8,1,
155,"MTD.bf",1.52,22.94,50.94,20.56,4.04,0
155,"OBD.bf",16.98,21.18,50.3,7.94,1.48,
155,"MTD.ours1",2.06,21.02,50.52,21.08,5.32,0
155,"OBD.ours1",16.06,21.48,50.16,8.1,1.1,
155,"MTD.ours2",2.22,21.1,50.56,21.36,4.74,0.02
155,"OBD.ours2",16.06,21.2,50.44,7.46,1.36,
155,"MTD.ours3",1.66,21.62,50.06,21.64,5.02,0
155,"OBD.ours3",17.14,21.32,47.84,8.62,1.58,
155,"MTD.titeet",1.4,19,55.7,20,3.8,1.7
155,"OBD.titeet",19.1,16,45,14.5,3.7,
155,"MTD.tite12",0.2,6,33,27.3,32.9,0.58
155,"OBD.tite12",17.2,16.6,43.8,15.3,6.5,
155,"MTD.bfet",,,,,,2.6
155,"OBD.bfet",18.1,18.4,48.9,9.8,2.1,
132,"MTD.ours0",3.28,35,43.14,15.38,3.18,0.02
132,"OBD.ours0",17.38,57.2,20.32,3.76,0.38,
132,"MTD.bf",2.42,34.58,44.52,15.4,3.08,0
132,"OBD.bf",15.84,58.22,20.5,4.28,0.66,
132,"MTD.ours1",3.22,33.1,43.7,15.98,3.98,0.02
132,"OBD.ours1",16.32,56.46,21.14,4.16,0.74,
132,"MTD.ours2",3.2,33.66,42.98,16.36,3.78,0.02
132,"OBD.ours2",16.78,56.4,20.82,4.24,0.68,
132,"MTD.ours3",2.84,33.44,42.76,16.56,4.4,0
132,"OBD.ours3",16.46,54.3,21.88,5.46,0.8,
132,"MTD.titeet",2.2,40.4,41.6,13.3,2.6,1.2
132,"OBD.titeet",19.6,47.4,21.8,8.1,1.9,
132,"MTD.tite12",0.6,11.6,29,31.2,27.3,0.3
132,"OBD.tite12",17.9,42.5,24.2,10.8,4.3,
132,"MTD.bfet",,,,,,1.2
132,"OBD.bfet",17.4,55.1,20.6,5,0.7,
92,"MTD.ours0",3.24,33,43.66,16.06,4.04,0
92,"OBD.ours0",16.8,56.68,21,3.88,0.64,
92,"MTD.bf",2.58,33.96,43.62,16.18,3.66,0
92,"OBD.bf",16.74,56.38,21.32,4.3,0.68,
92,"MTD.ours1",3.14,32.56,43.5,16.24,4.56,0
92,"OBD.ours1",17.02,55.54,21.04,4.48,0.7,
92,"MTD.ours2",3.12,33.54,41.76,17.12,4.44,0.02
92,"OBD.ours2",16.66,55.88,21.12,4.58,0.8,
92,"MTD.ours3",2.72,32.62,42.32,17.44,4.9,0
92,"OBD.ours3",20.08,53.02,19.74,5.4,0.78,
92,"MTD.titeet",2.4,41.3,41,13.2,2.1,1.3
92,"OBD.titeet",21.4,45.2,22,7.8,2.3,
92,"MTD.tite12",0.6,11.2,31,30.6,26.3,0.24
92,"OBD.tite12",18.9,42.8,24.5,10.4,3.2,
92,"MTD.bfet",,,,,,1.2
92,"OBD.bfet",17.7,52.3,21.9,5.8,1.2,
142,"MTD.ours0",3.1,34.24,45.06,14.5,3.1,0
142,"OBD.ours0",16.68,58.9,19.8,3.2,0.5,
142,"MTD.bf",2.7,34.54,45.16,14.58,3.02,0
142,"OBD.bf",15.62,57.34,21.6,4.14,0.76,
142,"MTD.ours1",2.72,34.36,45.18,14.64,3.1,0
142,"OBD.ours1",17.54,56.88,20.14,3.64,0.74,
142,"MTD.ours2",2.8,34.2,45,15.1,2.9,0
142,"OBD.ours2",17.38,57.44,20.08,3.76,0.34,
142,"MTD.ours3",2.62,34.02,44.32,15.76,3.28,0
142,"OBD.ours3",16.56,55.04,21.66,5.06,0.82,
142,"MTD.titeet",2.2,42.3,40,12.9,2.6,1.6
142,"OBD.titeet",20.2,46.4,21.4,8.2,2.2,
142,"MTD.tite12",0.4,11,29.8,31.7,26.9,0.3
142,"OBD.tite12",18.3,41.8,24.5,10.8,4.3,
142,"MTD.bfet",,,,,,1
142,"OBD.bfet",17.3,55.3,20.9,4.7,0.7,
162,"MTD.ours0",3.66,35.5,43.34,13.86,3.58,0.06
162,"OBD.ours0",16.38,57.82,20.78,3.4,0.56,
162,"MTD.bf",2.48,35.1,44.34,15,3.08,0
162,"OBD.bf",15.7,57.26,21.44,4.18,0.92,
162,"MTD.ours1",3.02,33.34,43.36,15.82,4.46,0
162,"OBD.ours1",17.24,55.12,21.54,4.3,0.92,
162,"MTD.ours2",3.12,35.18,42.4,15.54,3.76,0
162,"OBD.ours2",17.46,56.82,20.18,4.32,0.52,
162,"MTD.ours3",2.88,33.4,43.68,16.22,3.82,0
162,"OBD.ours3",16.48,54.76,21.36,5.3,0.9,
162,"MTD.titeet",2.2,40.4,41.8,12.9,2.6,1.2
162,"OBD.titeet",20.4,45.5,22.8,8,2,
162,"MTD.tite12",0.4,11.7,31.4,29.6,26.6,0.28
162,"OBD.tite12",19,41.5,23.9,11,4.3,
162,"MTD.bfet",,,,,,1.4
162,"OBD.bfet",18.3,54.6,20,5,0.7,
165,"MTD.ours0",2.06,23.08,50.52,20.5,3.84,0
165,"OBD.ours0",15.42,21.86,50.74,6.8,1.06,
165,"MTD.bf",1.48,22.6,51.46,20.46,4,0
165,"OBD.bf",16.62,21.02,51.16,7.76,1.16,
165,"MTD.ours1",2.08,21.56,50.54,21.4,4.36,0.06
165,"OBD.ours1",14.86,21.08,51.1,8.18,0.94,
165,"MTD.ours2",1.74,21.18,51.66,20.82,4.56,0.04
165,"OBD.ours2",15.3,20.54,52.04,7.42,0.92,
165,"MTD.ours3",1.74,21.52,50.36,21.64,4.74,0
165,"OBD.ours3",15.28,19.88,50.66,8.98,1.5,
165,"MTD.titeet",0.9,20,56,19.4,3.6,1.3
165,"OBD.titeet",19.4,16,44.9,14.4,4,
165,"MTD.tite12",0.3,6.8,31,28.7,32.6,0.58
165,"OBD.tite12",17.6,17,42.9,15.7,6.1,
165,"MTD.bfet",,,,,,2.8
165,"OBD.bfet",17,19.3,49.2,9.9,1.7,
102,"MTD.ours0",3.06,34.06,44.76,14.74,3.36,0.02
102,"OBD.ours0",16.5,57.46,21.18,3.48,0.46,
102,"MTD.bf",2.44,34.5,44.48,15.52,3.06,0
102,"OBD.bf",15.82,58.2,20.54,4.28,0.66,
102,"MTD.ours1",3.64,31.9,44.58,15.7,4.18,0
102,"OBD.ours1",17.48,55.36,20.86,4.5,0.88,
102,"MTD.ours2",3.32,33.62,43.2,15.92,3.94,0
102,"OBD.ours2",17.66,56.34,19.94,4.48,0.58,
102,"MTD.ours3",2.86,32.98,43.04,16.76,4.36,0
102,"OBD.ours3",16.52,54.18,21.82,5.64,0.74,
102,"MTD.titeet",2.4,41.4,40.5,13,2.7,1.3
102,"OBD.titeet",21.3,45.5,21.3,8.2,2.3,
102,"MTD.tite12",0.5,11.7,29.4,31.2,26.9,0.28
102,"OBD.tite12",18.9,42.7,23,11.2,3.9,
102,"MTD.bfet",,,,,,1.1
102,"OBD.bfet",16.2,55.1,21.5,5.4,0.7,
94,"MTD.ours0",0,0.3,2.64,26.4,70.66,0
94,"OBD.ours0",1.66,5.6,11.66,57.7,23.02,
94,"MTD.bf",0,0.3,2.92,26.9,69.88,0
94,"OBD.bf",4.62,8.76,12.26,53.3,20.9,
94,"MTD.ours1",0,0.32,2.88,27.48,69.32,0
94,"OBD.ours1",2.68,8.02,12.92,56.28,19.78,
94,"MTD.ours2",0.04,0.32,3.1,27.1,69.44,0
94,"OBD.ours2",2.34,7.54,12.24,57.76,19.78,
94,"MTD.ours3",0,0.28,3.2,26.4,70.12,0
94,"OBD.ours3",3.78,9.74,15.9,50.24,19.8,
94,"MTD.titeet",0,0.1,3.3,38.9,57.7,0
94,"OBD.titeet",8.3,13,14.2,43.2,21.4,
94,"MTD.tite12",0,0.1,1.3,12.5,86.1,0.08
94,"OBD.tite12",6.9,10.1,13,47.6,22.4,
94,"MTD.bfet",,,,,,0.1
94,"OBD.bfet",3.6,7.6,12.1,56,20.7,
136,"MTD.ours0",0.14,2.6,18.16,54.24,24.86,0
136,"OBD.ours0",5.08,11.92,20.42,51.86,8.1,
136,"MTD.bf",0.14,2.58,17.96,55.84,23.48,0
136,"OBD.bf",8.26,11.94,19.76,49.62,9.34,
136,"MTD.ours1",0.18,2.42,19.32,53.06,25.02,0
136,"OBD.ours1",5.04,12.82,20.32,49.48,9.18,
136,"MTD.ours2",0.12,2.22,18.34,53.8,25.52,0
136,"OBD.ours2",4.96,11.82,19.52,52.48,8.48,
136,"MTD.ours3",0.16,2.44,18.42,54.74,24.24,0
136,"OBD.ours3",4.84,13.22,20.52,49.22,9.24,
136,"MTD.titeet",0.1,1.7,18.5,58.4,21.4,0.4
136,"OBD.titeet",11,14.9,15.2,42.7,15.8,
136,"MTD.tite12",0,0.9,7.3,32.6,59,0.18
136,"OBD.tite12",10.7,13.1,15.4,44.4,16.2,
136,"MTD.bfet",,,,,,0.8
136,"OBD.bfet",8.4,10.9,16.7,52.2,11,
122,"MTD.ours0",3.44,33.94,43.72,15.7,3.18,0.02
122,"OBD.ours0",17.02,57.44,20.92,3.26,0.44,
122,"MTD.bf",2.6,33.8,44.72,15.46,3.42,0
122,"OBD.bf",16.04,57.2,21.02,4.38,0.76,
122,"MTD.ours1",3.36,33.22,42.38,16.66,4.38,0
122,"OBD.ours1",17.18,55.76,20.92,4.26,0.9,
122,"MTD.ours2",2.98,34.74,41.44,16.84,4,0
122,"OBD.ours2",18.1,56.54,19.12,4.84,0.54,
122,"MTD.ours3",2.78,33.76,41.88,16.64,4.94,0
122,"OBD.ours3",19.72,53.44,19.92,4.92,1.02,
122,"MTD.titeet",2.3,40.5,42.2,12.6,2.4,1.4
122,"OBD.titeet",19.3,46.5,23.6,7.6,1.5,
122,"MTD.tite12",0.5,12.4,29.7,31.7,25.6,0.2
122,"OBD.tite12",17.7,43.8,24,10.4,3.9,
122,"MTD.bfet",,,,,,1.4
122,"OBD.bfet",18.8,51.9,21.1,5.7,1.1,
152,"MTD.ours0",3.14,34.7,44.52,15.06,2.58,0
152,"OBD.ours0",16.98,57.6,20.44,3.76,0.4,
152,"MTD.bf",2.66,34.86,43.96,15,3.52,0
152,"OBD.bf",16.16,56.78,21.06,4.38,1.08,
152,"MTD.ours1",3.36,32,44.12,15.76,4.76,0
152,"OBD.ours1",17.06,55.9,20.92,4.26,0.78,
152,"MTD.ours2",2.86,33,43.94,15.68,4.52,0
152,"OBD.ours2",17.32,56.74,20.56,3.74,0.78,
152,"MTD.ours3",2.6,33.82,42.44,16.84,4.3,0
152,"OBD.ours3",19.4,53.38,20.42,5.12,0.74,
152,"MTD.titeet",2.2,40.8,42,12.9,2.1,1.3
152,"OBD.titeet",19.5,47.5,21.9,8.3,1.5,
152,"MTD.tite12",0.4,12.1,30.2,29.7,27.4,0.24
152,"OBD.tite12",18,42.5,23.7,11.4,4.2,
152,"MTD.bfet",,,,,,1.8
152,"OBD.bfet",19.8,51.6,20.3,5.6,0.9,
176,"MTD.ours0",0.04,2.44,18.92,55.26,23.34,0
176,"OBD.ours0",4.54,12.08,21.8,50.88,8.2,
176,"MTD.bf",0.14,2.68,17.92,56.2,23.06,0
176,"OBD.bf",7.8,11.92,19.62,50.62,8.94,
176,"MTD.ours1",0.08,2.32,19.1,53.1,25.4,0
176,"OBD.ours1",4.86,13.1,19.64,50.2,9.3,
176,"MTD.ours2",0.16,2.3,19.48,54.3,23.76,0
176,"OBD.ours2",5.06,13.38,19.46,50.72,8.2,
176,"MTD.ours3",0.16,2.24,18.2,54.94,24.46,0
176,"OBD.ours3",4.38,12.68,18.56,51.2,10.4,
176,"MTD.titeet",0.1,2.1,18.8,59.7,19.3,0.5
176,"OBD.titeet",11.9,15.6,15,42.3,14.7,
176,"MTD.tite12",0,0.7,8.4,32,58.6,0.28
176,"OBD.tite12",11.1,13.6,15.7,43,16.3,
176,"MTD.bfet",,,,,,1
176,"OBD.bfet",9.6,12,17,51,9.4,
96,"MTD.ours0",0.08,2.26,18.86,53.06,25.74,0
96,"OBD.ours0",4.84,12.4,19.7,52.12,8.92,
96,"MTD.bf",0.14,2.52,17.7,55.98,23.66,0
96,"OBD.bf",9.96,13.86,20.1,46.6,8.46,
96,"MTD.ours1",0.02,1.96,18.78,54.82,24.42,0
96,"OBD.ours1",6.48,14.94,20.56,47.84,7.9,
96,"MTD.ours2",0.1,2.38,20.32,51.8,25.4,0
96,"OBD.ours2",5.78,13.92,20.88,48.3,8.26,
96,"MTD.ours3",0.12,2.58,18.16,53.52,25.62,0
96,"OBD.ours3",6.5,17.1,21.96,43.66,8.18,
96,"MTD.titeet",0,1.5,18.4,59.6,20.4,0.3
96,"OBD.titeet",11.1,14,15.5,44.3,14.8,
96,"MTD.tite12",0,0.8,7.3,31.4,60.3,0.3
96,"OBD.tite12",10.4,13.8,15.9,43,16.6,
96,"MTD.bfet",,,,,,0.6
96,"OBD.bfet",8.2,12.2,17,51.6,10.4,
116,"MTD.ours0",0.12,2.32,18.86,55.78,22.92,0
116,"OBD.ours0",4.96,12.48,20.26,51.24,8.22,
116,"MTD.bf",0.14,2.68,17.84,56.2,23.14,0
116,"OBD.bf",7.8,11.92,19.58,50.56,9.02,
116,"MTD.ours1",0.12,2.32,18.16,55.36,24.04,0
116,"OBD.ours1",4.92,12.9,18.62,52.28,8.36,
116,"MTD.ours2",0.12,2.16,18.86,54.56,24.3,0
116,"OBD.ours2",5.14,12.52,19.78,51.24,8.38,
116,"MTD.ours3",0.16,2.22,18.32,54.94,24.36,0
116,"OBD.ours3",4.48,12.52,18.32,51.36,10.48,
116,"MTD.titeet",0.1,1.8,19.4,57.7,21,0.6
116,"OBD.titeet",11.8,15.9,15.3,41.5,14.9,
116,"MTD.tite12",0,0.7,7.8,32.1,59.1,0.26
116,"OBD.tite12",11.2,14.4,15.2,41.8,17.1,
116,"MTD.bfet",,,,,,0.9
116,"OBD.bfet",8.9,11.3,16.7,51.9,10.2,
106,"MTD.ours0",0.12,2.12,19.18,55.1,23.48,0
106,"OBD.ours0",4.66,12.44,21.42,51.12,7.74,
106,"MTD.bf",0.14,2.58,17.94,55.78,23.56,0
106,"OBD.bf",8.14,11.88,19.76,49.78,9.36,
106,"MTD.ours1",0.16,2.6,18.86,53.04,25.34,0
106,"OBD.ours1",5.26,12.46,19.94,50.5,9.42,
106,"MTD.ours2",0.12,2.1,18.62,54.74,24.42,0
106,"OBD.ours2",5.18,11.74,20.14,51.74,8.28,
106,"MTD.ours3",0.16,2.46,18.32,54.54,24.52,0
106,"OBD.ours3",4.74,13.02,20.48,49.7,9.2,
106,"MTD.titeet",0,2.1,18.1,59.1,20.7,0.4
106,"OBD.titeet",11.3,15.7,15.4,41.9,15.3,
106,"MTD.tite12",0,0.9,7.7,32.1,59,0.32
106,"OBD.tite12",10.8,13.9,15.9,42.8,16.2,
106,"MTD.bfet",,,,,,0.8
106,"OBD.bfet",8.3,10.8,16.4,52.3,11.4,
146,"MTD.ours0",0.12,2.02,19.64,55.34,22.88,0
146,"OBD.ours0",4.6,12.04,20.74,51.54,8.08,
146,"MTD.bf",0.14,2.68,17.84,56.16,23.18,0
146,"OBD.bf",7.8,11.92,19.56,50.54,9.06,
146,"MTD.ours1",0.14,2.56,18.16,54.5,24.64,0
146,"OBD.ours1",4.94,12.2,19.4,51.86,8.28,
146,"MTD.ours2",0.24,2.16,18.4,54.36,24.84,0
146,"OBD.ours2",4.64,12.62,19.42,52.12,8.2,
146,"MTD.ours3",0.16,2.26,18.28,55,24.3,0
146,"OBD.ours3",4.24,12.66,18.56,51.44,10.28,
146,"MTD.titeet",0.1,1.7,18.7,59.7,19.7,0.5
146,"OBD.titeet",12.3,14.9,16,41.7,14.6,
146,"MTD.tite12",0,0.5,8.1,30.9,60.2,0.22
146,"OBD.tite12",11.4,13.4,15.4,42,17.6,
146,"MTD.bfet",,,,,,1
146,"OBD.bfet",9.4,11.8,16.7,51.3,9.8,
166,"MTD.ours0",0.14,2.48,18.66,55.28,23.44,0
166,"OBD.ours0",4.98,12.58,20.24,51.4,7.86,
166,"MTD.bf",0.14,2.74,17.68,55.78,23.66,0
166,"OBD.bf",7.96,11.54,19.28,50.7,9.4,
166,"MTD.ours1",0.1,2.48,18.14,53.56,25.72,0
166,"OBD.ours1",4.74,12.58,19.42,51.9,9.04,
166,"MTD.ours2",0.12,2.38,19.8,53.22,24.48,0
166,"OBD.ours2",5.16,13.76,20.2,49.42,8.74,
166,"MTD.ours3",0.14,2.24,18.4,54.46,24.76,0
166,"OBD.ours3",4.84,12.58,20.5,49.74,9.48,
166,"MTD.titeet",0,2.2,19.5,58.7,19.6,0.5
166,"OBD.titeet",12.2,15.7,15.7,41.1,14.8,
166,"MTD.tite12",0,0.7,8.1,32.3,58.5,0.28
166,"OBD.tite12",10.6,13.3,16.8,41.6,17.4,
166,"MTD.bfet",,,,,,0.8
166,"OBD.bfet",8.6,11.7,16.8,51.8,10.2,
104,"MTD.ours0",0,0.3,2.68,26.98,70.04,0
104,"OBD.ours0",1.84,5.46,11,59.24,22,
104,"MTD.bf",0,0.28,2.52,26.4,70.8,0
104,"OBD.bf",2.66,5.36,11.08,58.24,22.5,
104,"MTD.ours1",0.04,0.34,2.9,27.18,69.54,0
104,"OBD.ours1",2.04,6.24,11.48,58.06,21.68,
104,"MTD.ours2",0.02,0.42,2.84,27.88,68.84,0
104,"OBD.ours2",2.22,6,10.62,59.32,21.34,
104,"MTD.ours3",0,0.26,2.88,26.42,70.44,0
104,"OBD.ours3",2.02,5.72,12.2,56.6,22.98,
104,"MTD.titeet",0,0.2,3.2,38.7,57.9,0.1
104,"OBD.titeet",8.8,14.3,14.8,40.9,21.1,
104,"MTD.tite12",0,0.1,1.6,11.9,86.3,0.1
104,"OBD.tite12",7.3,10.6,11.5,48.4,22.2,
104,"MTD.bfet",,,,,,0.1
104,"OBD.bfet",3,5.9,11,56.5,23.5,
124,"MTD.ours0",0,0.4,3.02,27,69.58,0
124,"OBD.ours0",1.84,5.94,10.92,60.24,20.4,
124,"MTD.bf",0,0.34,2.64,26.16,70.86,0
124,"OBD.bf",3.28,5.74,10.74,57.8,22.26,
124,"MTD.ours1",0,0.5,3.06,26.84,69.6,0
124,"OBD.ours1",2.4,7.58,11.82,57.06,20.66,
124,"MTD.ours2",0,0.34,3.12,26.6,69.94,0
124,"OBD.ours2",2.18,6.88,12.04,57.06,21.36,
124,"MTD.ours3",0,0.42,2.66,27.68,69.24,0
124,"OBD.ours3",3.2,8.48,15.74,51.94,20.22,
124,"MTD.titeet",0,0.3,2.8,39.5,57.4,0
124,"OBD.titeet",8.7,13.1,14.2,42.9,21.1,
124,"MTD.tite12",0,0.2,1.6,13.1,85.1,0
124,"OBD.tite12",6.2,9.3,12.3,49.3,22.9,
124,"MTD.bfet",,,,,,0.1
124,"OBD.bfet",3.8,8.1,12.8,56.5,18.7,
127,"MTD.ours0",3.04,34.22,43.64,15.26,3.84,0
127,"OBD.ours0",54.86,29.26,12.7,2.66,0.42,
127,"MTD.bf",2.46,34.4,45.32,14.8,3.02,0
127,"OBD.bf",51.7,31.14,13.76,2.88,0.5,
127,"MTD.ours1",3.02,33.24,43.18,16.28,4.26,0.02
127,"OBD.ours1",53.7,30.44,12.38,2.7,0.6,
127,"MTD.ours2",2.76,32.74,43.1,16.96,4.42,0.02
127,"OBD.ours2",54.1,29.16,12.74,3.22,0.64,
127,"MTD.ours3",2.7,33.08,42.32,16.9,5,0
127,"OBD.ours3",52.32,29.9,12.9,4.04,0.68,
127,"MTD.titeet",11.2,41.7,34.5,10.6,2,0.1
127,"OBD.titeet",50.1,28.7,14.5,5.4,1.2,
127,"MTD.tite12",0.8,12.4,39.4,25.7,21.6,0.12
127,"OBD.tite12",44.5,28.6,16.9,7.2,2.7,
127,"MTD.bfet",,,,,,0.3
127,"OBD.bfet",52.2,30.1,12.9,3.7,0.8,
177,"MTD.ours0",3.24,35.1,43.92,14.46,3.26,0.02
177,"OBD.ours0",55.48,29.7,12.06,2.2,0.38,
177,"MTD.bf",2.76,34.9,44.44,15.06,2.84,0
177,"OBD.bf",51.4,31.22,13.56,3.18,0.6,
177,"MTD.ours1",2.56,34.72,44.72,14.64,3.32,0.04
177,"OBD.ours1",54.74,30.84,11.04,2.68,0.54,
177,"MTD.ours2",2.92,33.98,43.54,16.14,3.42,0
177,"OBD.ours2",53.5,31.2,12.2,2.56,0.38,
177,"MTD.ours3",2.64,34.1,44.24,15.92,3.1,0
177,"OBD.ours3",53.68,29.04,12.96,3.66,0.52,
177,"MTD.titeet",11.7,39.5,35.3,11,2.4,0.1
177,"OBD.titeet",50.9,28.2,13.8,5.4,1.6,
177,"MTD.tite12",0.7,11.6,38.8,26.5,22.3,0.14
177,"OBD.tite12",45.5,27.2,15.6,8.6,3,
177,"MTD.bfet",,,,,,0.3
177,"OBD.bfet",53.5,30.9,12.1,2.8,0.4,
126,"MTD.ours0",0.08,2.14,18.44,54.02,25.32,0
126,"OBD.ours0",5.12,12.26,20.86,51,8.62,
126,"MTD.bf",0.14,2.5,18.3,54.84,24.22,0
126,"OBD.bf",8.58,11.84,19.64,49.6,9.24,
126,"MTD.ours1",0.18,2.48,19.48,52.52,25.34,0
126,"OBD.ours1",5.44,14.1,20.94,48.68,8.14,
126,"MTD.ours2",0.14,2.38,19.42,53.08,24.98,0
126,"OBD.ours2",5.84,14.12,19.96,49.36,8.08,
126,"MTD.ours3",0.16,2.6,18.04,54.08,25.12,0
126,"OBD.ours3",6.04,16.32,22.3,44.32,8.48,
126,"MTD.titeet",0.1,1.6,19.1,59.2,20.1,0.2
126,"OBD.titeet",11.4,15.3,15.7,43,14.4,
126,"MTD.tite12",0,0.9,7.3,32.4,59.2,0.2
126,"OBD.tite12",10.5,13.9,15.6,43.2,16.6,
126,"MTD.bfet",,,,,,0.7
126,"OBD.bfet",8.6,12.4,17.4,51.3,9.7,
97,"MTD.ours0",2.94,33.34,44.12,16.14,3.42,0.04
97,"OBD.ours0",52.76,31.46,12.86,2.52,0.34,
97,"MTD.bf",2.58,33.86,43.64,16.16,3.76,0
97,"OBD.bf",51.76,30.5,13.84,3.32,0.54,
97,"MTD.ours1",2.86,32.2,43.6,17.54,3.76,0.04
97,"OBD.ours1",53.48,30.96,12.12,2.82,0.52,
97,"MTD.ours2",3.26,32.28,44.26,15.86,4.32,0.02
97,"OBD.ours2",53.7,30.08,13.24,2.4,0.44,
97,"MTD.ours3",2.62,32.62,42.56,17.48,4.72,0
97,"OBD.ours3",52.18,30.12,12.78,4.08,0.68,
97,"MTD.titeet",12.8,40.4,34.5,10.4,1.8,0.1
97,"OBD.titeet",51.9,27.5,14.6,4.5,1.4,
97,"MTD.tite12",0.6,11.9,40.1,25.4,22,0.04
97,"OBD.tite12",45.7,27.5,16.7,6.9,3.2,
97,"MTD.bfet",,,,,,0.2
97,"OBD.bfet",50.5,31.2,13.2,4,0.8,
134,"MTD.ours0",0,0.42,3.04,28.3,68.24,0
134,"OBD.ours0",1.94,5.1,12.06,60.26,20.22,
134,"MTD.bf",0,0.28,2.52,26.3,70.9,0
134,"OBD.bf",2.72,5.42,10.96,58.2,22.54,
134,"MTD.ours1",0.02,0.26,3.36,27.16,69.2,0
134,"OBD.ours1",1.86,6.38,12.2,57.68,21.56,
134,"MTD.ours2",0.02,0.36,3.54,26.52,69.56,0
134,"OBD.ours2",2.1,6,11.78,56.96,22.72,
134,"MTD.ours3",0,0.26,3.02,26.64,70.08,0
134,"OBD.ours3",2.24,5.9,12.22,56.64,22.5,
134,"MTD.titeet",0,0.2,2.9,39.1,57.8,0
134,"OBD.titeet",8.3,13.5,14.1,42.9,21.2,
134,"MTD.tite12",0,0.2,1.5,11.8,86.4,0.06
134,"OBD.tite12",6.1,10.1,12,48.6,23.2,
134,"MTD.bfet",,,,,,0.1
134,"OBD.bfet",3.4,6.1,11.8,57.1,21.5,
167,"MTD.ours0",3.22,34.8,43.44,15.04,3.46,0.04
167,"OBD.ours0",54.84,30.26,12.02,2.36,0.36,
167,"MTD.bf",2.76,34.72,44.8,14.72,3,0
167,"OBD.bf",50.96,31.84,13.42,3.14,0.62,
167,"MTD.ours1",2.72,32.72,45.5,15.08,3.94,0.04
167,"OBD.ours1",54.66,30.16,11.82,2.86,0.38,
167,"MTD.ours2",2.98,33.68,44.38,15.34,3.6,0.02
167,"OBD.ours2",52.78,31.94,12.26,2.42,0.48,
167,"MTD.ours3",2.86,33.1,43.94,16.1,4,0
167,"OBD.ours3",52.62,29.16,13.14,4.18,0.7,
167,"MTD.titeet",11.1,41.8,35.1,9.9,2,0.1
167,"OBD.titeet",50.8,28.7,13.7,5.4,1.3,
167,"MTD.tite12",0.5,11.5,39.5,26.1,22.3,0.08
167,"OBD.tite12",44.2,28.4,16.1,8.3,2.9,
167,"MTD.bfet",,,,,,0.3
167,"OBD.bfet",52,31.6,12.5,3.2,0.4,
147,"MTD.ours0",3.16,36.1,43.76,13.7,3.26,0.02
147,"OBD.ours0",55.14,30.02,12.24,2.06,0.32,
147,"MTD.bf",2.76,34.92,44.44,14.96,2.92,0
147,"OBD.bf",51.48,31.3,13.44,3.16,0.58,
147,"MTD.ours1",2.8,33.44,45.54,14.5,3.72,0
147,"OBD.ours1",54.52,29.56,12.46,2.82,0.52,
147,"MTD.ours2",2.84,34.08,44.34,15.42,3.28,0.04
147,"OBD.ours2",54.48,31.1,11.62,2.26,0.38,
147,"MTD.ours3",2.62,34.14,44.6,15.56,3.08,0
147,"OBD.ours3",54.44,28.7,12.74,3.52,0.46,
147,"MTD.titeet",11.7,40.9,34.7,10.7,2,0.1
147,"OBD.titeet",50.6,28.4,13.8,5.7,1.5,
147,"MTD.tite12",0.7,12.1,38.5,26.7,21.8,0.1
147,"OBD.tite12",45.4,28.3,15.7,7.4,3.1,
147,"MTD.bfet",,,,,,0.2
147,"OBD.bfet",51.7,31.7,13,2.9,0.5,
156,"MTD.ours0",0.14,2.54,18.42,53.58,25.32,0
156,"OBD.ours0",4.7,12.7,20.88,51.02,8.2,
156,"MTD.bf",0.14,2.72,18.08,55.7,23.36,0
156,"OBD.bf",7.76,11.88,19.78,50.16,9.32,
156,"MTD.ours1",0.1,2.46,19.88,53.18,24.38,0
156,"OBD.ours1",6.26,13.54,20.02,49.32,7.96,
156,"MTD.ours2",0.1,2.54,18.88,52.96,25.52,0
156,"OBD.ours2",5.1,13.3,20.66,49.4,9.04,
156,"MTD.ours3",0.16,2.64,18.5,53.74,24.96,0
156,"OBD.ours3",5.3,15.34,21.56,46.3,9.06,
156,"MTD.titeet",0.1,1.8,19.5,58.1,20.6,0.5
156,"OBD.titeet",10.3,13.6,16.1,43.5,16,
156,"MTD.tite12",0,0.8,8.1,33.4,57.5,0.26
156,"OBD.tite12",10.9,14.7,15.3,42.4,16.5,
156,"MTD.bfet",,,,,,0.7
156,"OBD.bfet",9.2,12.5,17.8,50.6,9.1,
235,"MTD.ours0",1.86,22.76,52.88,19.4,3.08,0.02
235,"OBD.ours0",15.52,20.66,52.46,5.96,0.88,
235,"MTD.bf",1.34,22.3,52.8,19.96,3.6,0
235,"OBD.bf",15.48,21.2,51.44,8.2,1.24,
235,"MTD.ours1",1.8,22.04,53.08,19.48,3.54,0.06
235,"OBD.ours1",16.06,20.2,51.12,7.58,0.9,
235,"MTD.ours2",1.8,21.68,53.22,19.46,3.78,0.06
235,"OBD.ours2",16.16,20.54,51.82,6.44,1.08,
235,"MTD.ours3",1.48,22.06,51.18,20.82,4.46,0
235,"OBD.ours3",14.84,20.3,50.5,8.78,1.7,
235,"MTD.titeet",1,20.6,56.3,18.9,3.1,2.1
235,"OBD.titeet",20.5,15.7,44.8,13.5,3.4,
235,"MTD.tite12",0.2,6.8,30.1,30.1,32.3,0.52
235,"OBD.tite12",17.8,16.4,43,16.4,5.9,
235,"MTD.bfet",,,,,,2.7
235,"OBD.bfet",18,20.5,49.5,7.9,1.5,
117,"MTD.ours0",3.2,35.44,43.98,14.04,3.32,0.02
117,"OBD.ours0",55.18,29.82,12.48,2,0.34,
117,"MTD.bf",2.76,34.94,44.46,14.92,2.92,0
117,"OBD.bf",51.48,31.32,13.42,3.16,0.58,
117,"MTD.ours1",3.16,35.26,43.32,14.42,3.84,0
117,"OBD.ours1",54.52,30.22,11.8,2.76,0.54,
117,"MTD.ours2",2.82,33.96,44.66,14.92,3.62,0.02
117,"OBD.ours2",53.14,31.38,12.08,2.72,0.52,
117,"MTD.ours3",2.64,34.24,44.36,15.76,3,0
117,"OBD.ours3",54.18,28.98,12.7,3.58,0.44,
117,"MTD.titeet",11.2,39.6,35.8,11,2.4,0
117,"OBD.titeet",51.9,26.9,13.6,6.1,1.4,
117,"MTD.tite12",1,12,37.5,26.9,22.5,0.16
117,"OBD.tite12",44.9,28.5,15.5,7.9,3.1,
117,"MTD.bfet",,,,,,0.1
117,"OBD.bfet",50.9,31.9,13.4,3,0.6,
154,"MTD.ours0",0.02,0.24,2.52,27.12,70.1,0
154,"OBD.ours0",1.54,6.18,10.2,59.42,22.22,
154,"MTD.bf",0,0.26,2.66,27.88,69.2,0
154,"OBD.bf",2.68,5.12,10.38,58.64,23.02,
154,"MTD.ours1",0,0.38,3.3,27.5,68.82,0
154,"OBD.ours1",2,5.94,12.62,57.42,21.5,
154,"MTD.ours2",0,0.32,3.12,28.32,68.24,0
154,"OBD.ours2",2.26,6.74,11.94,58.02,20.78,
154,"MTD.ours3",0,0.36,2.76,27.14,69.74,0
154,"OBD.ours3",2.1,7.64,15.54,53.48,20.84,
154,"MTD.titeet",0,0.2,2.8,39.6,57.3,0.1
154,"OBD.titeet",8.5,12.5,13.5,44.5,20.8,
154,"MTD.tite12",0,0.3,1.3,12,86.4,0.04
154,"OBD.tite12",6.2,9.9,11.6,48.6,23.7,
154,"MTD.bfet",,,,,,0.1
154,"OBD.bfet",4.1,8.4,13.4,56.9,17.1,
107,"MTD.ours0",2.88,34.68,43.6,15.28,3.52,0.04
107,"OBD.ours0",54.58,30.44,12.3,2.22,0.34,
107,"MTD.bf",2.54,34.72,44.82,14.74,3.18,0
107,"OBD.bf",51.34,31.3,13.6,3.12,0.62,
107,"MTD.ours1",2.7,34.96,43.38,15.44,3.5,0.02
107,"OBD.ours1",54.98,29.86,12.26,2.34,0.42,
107,"MTD.ours2",2.92,33.48,43.66,15.8,4.14,0
107,"OBD.ours2",53.3,30.76,12.42,2.72,0.6,
107,"MTD.ours3",2.8,33.02,43.68,16.22,4.28,0
107,"OBD.ours3",52,29.76,13.54,3.8,0.68,
107,"MTD.titeet",12.4,39.6,35.2,10.7,2.2,0
107,"OBD.titeet",50.3,28.6,13.5,6.1,1.5,
107,"MTD.tite12",0.8,12,38.3,26.3,22.6,0.12
107,"OBD.tite12",45.1,28,16.4,7.5,2.9,
107,"MTD.bfet",,,,,,0.1
107,"OBD.bfet",49.9,32.1,13.6,3.7,0.6,
93,"MTD.ours0",0.28,2.24,23.32,53.98,20.18,0
93,"OBD.ours0",2.26,5.5,61.98,24.54,4.58,
93,"MTD.bf",0.14,2.5,22.6,55.32,19.44,0
93,"OBD.bf",4.34,7.46,59.56,23.32,4.52,
93,"MTD.ours1",0.04,2.14,22.96,53.34,21.52,0
93,"OBD.ours1",3.44,6.98,62.06,22.46,4.32,
93,"MTD.ours2",0.12,2.46,22.74,52.94,21.74,0
93,"OBD.ours2",2.64,6.54,62.36,23.1,4.42,
93,"MTD.ours3",0.12,2.58,21.88,53.64,21.78,0
93,"OBD.ours3",4.16,10.48,56.72,22.92,4.66,
93,"MTD.titeet",0,1.5,34.2,49.5,14.8,0.2
93,"OBD.titeet",7.5,9.7,50.3,23.2,9.1,
93,"MTD.tite12",0,0.5,8.5,30.7,60.2,0.1
93,"OBD.tite12",6.3,8.7,49.4,24.6,10.9,
93,"MTD.bfet",,,,,,0.6
93,"OBD.bfet",3.3,7.4,57.1,26.1,5.5,
225,"MTD.ours0",1.86,22.02,52.12,20.36,3.58,0.06
225,"OBD.ours0",14.92,21.42,51.78,7.02,1.12,
225,"MTD.bf",1.5,22.14,52.28,20.08,4,0
225,"OBD.bf",15.28,21.9,51.46,7.88,1.24,
225,"MTD.ours1",1.94,21.2,51.98,20.42,4.4,0.06
225,"OBD.ours1",15.14,20.18,51.02,8.1,1.14,
225,"MTD.ours2",2.3,21.8,52.94,18.84,4.08,0.04
225,"OBD.ours2",15.6,20.22,51.2,7.64,1.08,
225,"MTD.ours3",1.44,22.24,50.9,21.56,3.86,0
225,"OBD.ours3",15.28,20.4,50.32,9.06,1.16,
225,"MTD.titeet",1.1,20,55.6,19.8,3.5,1.9
225,"OBD.titeet",19.2,16.4,44.2,14.7,3.5,
225,"MTD.tite12",0.2,7.5,30.2,29,32.7,0.46
225,"OBD.tite12",17.5,17.1,42.4,16,6.5,
225,"MTD.bfet",,,,,,2.4
225,"OBD.bfet",17.9,19.5,49.7,9.2,1.3,
205,"MTD.ours0",2.08,22.36,52.96,19.5,3.08,0.02
205,"OBD.ours0",15.18,21.38,52.74,5.86,0.7,
205,"MTD.bf",1.34,22.32,52.78,19.96,3.6,0
205,"OBD.bf",15.5,21.2,51.42,8.2,1.24,
205,"MTD.ours1",1.74,21.72,52.94,19.94,3.62,0.04
205,"OBD.ours1",15.72,19.64,52.56,7.2,0.9,
205,"MTD.ours2",2,21.06,53.68,19.4,3.8,0.06
205,"OBD.ours2",16.72,20,51.76,6.46,1.12,
205,"MTD.ours3",1.48,22.2,51.36,20.56,4.4,0
205,"OBD.ours3",14.94,20.4,50.5,8.64,1.66,
205,"MTD.titeet",1.3,20.1,56,19.2,3.4,2.3
205,"OBD.titeet",19.9,16.7,43.5,13.5,4.1,
205,"MTD.tite12",0.3,7,30,28.7,33.2,0.78
205,"OBD.tite12",18.5,16.7,42.4,15.1,6.6,
205,"MTD.bfet",,,,,,2.5
205,"OBD.bfet",17.4,20.5,49.9,8.2,1.6,
137,"MTD.ours0",3.16,34.38,43.32,15.42,3.72,0
137,"OBD.ours0",55.02,30.88,11.62,2.12,0.3,
137,"MTD.bf",2.5,34.78,44.82,14.76,3.14,0
137,"OBD.bf",51.44,31.3,13.5,3.12,0.62,
137,"MTD.ours1",3.14,34.68,43.28,14.78,4.12,0
137,"OBD.ours1",55.16,29.4,12.18,2.78,0.32,
137,"MTD.ours2",2.94,32.96,44.42,15.62,4.06,0
137,"OBD.ours2",54.06,30.08,12.48,2.86,0.46,
137,"MTD.ours3",2.74,33.34,43.5,15.94,4.48,0
137,"OBD.ours3",51.96,29.88,13.48,3.78,0.68,
137,"MTD.titeet",11.6,40.2,35.1,11.2,1.8,0.1
137,"OBD.titeet",51,27.8,14.3,5.4,1.3,
137,"MTD.tite12",0.8,11.7,38.4,26.5,22.5,0.14
137,"OBD.tite12",44.6,28.3,16.5,7.2,3.3,
137,"MTD.bfet",,,,,,0.2
137,"OBD.bfet",51.3,32,12.7,3.3,0.5,
265,"MTD.ours0",1.88,23.06,52.76,19.16,3.1,0.04
265,"OBD.ours0",15.34,20.88,51.98,6.42,0.78,
265,"MTD.bf",1.34,22.34,52.8,19.88,3.64,0
265,"OBD.bf",15.56,21.26,51.34,8.14,1.26,
265,"MTD.ours1",1.82,21.94,52.52,20.26,3.4,0.06
265,"OBD.ours1",15.44,20.04,51.76,7.4,1,
265,"MTD.ours2",1.9,21.72,53.36,19.02,3.94,0.06
265,"OBD.ours2",16.08,20.62,51.06,7.02,1.24,
265,"MTD.ours3",1.48,22.32,51.48,20.34,4.38,0
265,"OBD.ours3",15.06,20.66,50.34,8.5,1.56,
265,"MTD.titeet",1.1,20.7,55,20,3.2,2.4
265,"OBD.titeet",19,15.9,45,14,3.6,
265,"MTD.tite12",0.3,7.3,30.9,28.6,32.4,0.44
265,"OBD.tite12",18.4,16.1,43.2,16,6,
265,"MTD.bfet",,,,,,3
265,"OBD.bfet",18.1,21,48.5,8,1.3,
114,"MTD.ours0",0,0.24,2.92,26.32,70.52,0
114,"OBD.ours0",1.66,5.02,10.96,60.16,21.56,
114,"MTD.bf",0,0.32,2.48,27.08,70.12,0
114,"OBD.bf",2.68,4.9,10.32,59.04,22.88,
114,"MTD.ours1",0,0.46,2.86,26.78,69.9,0
114,"OBD.ours1",2.02,5.6,10.56,58.2,22.96,
114,"MTD.ours2",0.06,0.28,2.74,26.38,70.54,0
114,"OBD.ours2",2.04,6.1,10.26,58.54,22.48,
114,"MTD.ours3",0,0.26,2.42,26.46,70.86,0
114,"OBD.ours3",1.68,5.5,9.96,58.02,24.32,
114,"MTD.titeet",0,0.2,3.1,38.7,58,0.1
114,"OBD.titeet",8.7,13.5,14.7,42.3,20.7,
114,"MTD.tite12",0,0.1,1.2,11.8,86.9,0.1
114,"OBD.tite12",7,10,12,48.3,22.6,
114,"MTD.bfet",,,,,,0.2
114,"OBD.bfet",3,6,10.4,55.7,24.6,
195,"MTD.ours0",1.82,22.24,51.88,20.22,3.78,0.06
195,"OBD.ours0",15.34,21.16,51.64,6.84,1.08,
195,"MTD.bf",1.5,22.12,52.34,20.06,3.98,0
195,"OBD.bf",15.24,21.94,51.56,7.78,1.24,
195,"MTD.ours1",1.56,21.86,51.64,20.48,4.4,0.06
195,"OBD.ours1",15.68,20.74,50.72,7.74,1.04,
195,"MTD.ours2",2.18,22.46,51.34,19.82,4.16,0.04
195,"OBD.ours2",15.2,21.46,50.52,7.6,1.08,
195,"MTD.ours3",1.48,22.28,50.82,21.54,3.88,0
195,"OBD.ours3",15.18,20.62,50.04,9.1,1.2,
195,"MTD.titeet",1,20.4,55.6,19.7,3.4,1.9
195,"OBD.titeet",18.7,16.7,44.4,14.7,3.5,
195,"MTD.tite12",0.2,6.5,29.8,29.1,33.5,0.96
195,"OBD.tite12",17,16,43.7,15.9,6.5,
195,"MTD.bfet",,,,,,2.1
195,"OBD.bfet",16.8,19.1,51.2,9.3,1.5,
164,"MTD.ours0",0.02,0.24,2.68,26.42,70.64,0
164,"OBD.ours0",1.88,5.5,10,61.24,21.1,
164,"MTD.bf",0,0.28,2.52,27.58,69.62,0
164,"OBD.bf",2.5,4.84,10.5,59.12,22.88,
164,"MTD.ours1",0.02,0.26,2.86,27.06,69.8,0
164,"OBD.ours1",2.2,5.14,11.98,57.36,22.9,
164,"MTD.ours2",0.04,0.32,2.92,26.6,70.12,0
164,"OBD.ours2",1.98,5.64,11.24,59.2,21.52,
164,"MTD.ours3",0,0.2,3.04,26.56,70.2,0
164,"OBD.ours3",1.8,5.66,13.1,55.58,23.46,
164,"MTD.titeet",0,0.1,3,40.7,56.2,0.1
164,"OBD.titeet",8.5,12.6,15.2,43.9,19.7,
164,"MTD.tite12",0,0.1,1.7,12.3,85.8,0.06
164,"OBD.tite12",6.4,10.6,12.1,48.2,22.7,
164,"MTD.bfet",,,,,,0.1
164,"OBD.bfet",3.7,6.9,12.3,57.3,19.7,
255,"MTD.ours0",1.72,22.76,51.46,20.52,3.54,0
255,"OBD.ours0",15.64,21.42,51.8,6.78,0.74,
255,"MTD.bf",1.38,22.22,52.48,19.9,4.02,0
255,"OBD.bf",15.42,21.28,51.9,7.96,1.12,
255,"MTD.ours1",1.74,21.44,51.38,21.16,4.26,0.02
255,"OBD.ours1",15.24,20.86,51.02,7.72,1.4,
255,"MTD.ours2",1.92,21.28,52.96,19.5,4.28,0.06
255,"OBD.ours2",15.64,20.24,51.28,7.64,1.18,
255,"MTD.ours3",1.42,22.14,51.34,20.72,4.38,0
255,"OBD.ours3",15.32,21.06,49.92,8.76,1.4,
255,"MTD.titeet",1.1,20.2,54.9,19.5,4.3,2.1
255,"OBD.titeet",19.6,16,44,14.2,4.1,
255,"MTD.tite12",0.2,6.5,31.4,28.8,32.6,0.58
255,"OBD.tite12",17.3,16.5,43.3,15.9,6.4,
255,"MTD.bfet",,,,,,2.8
255,"OBD.bfet",18.7,20,48.2,9.1,1.2,
157,"MTD.ours0",3.38,34.42,45.36,13.94,2.9,0
157,"OBD.ours0",54.92,29.68,12.82,2.16,0.32,
157,"MTD.bf",2.64,34.86,44.58,14.74,3.18,0
157,"OBD.bf",51.6,30.94,13.58,3.06,0.78,
157,"MTD.ours1",3.22,32.58,43.98,15.6,4.6,0.02
157,"OBD.ours1",54.18,30.46,11.92,2.72,0.6,
157,"MTD.ours2",2.82,32.92,44.06,16.2,3.98,0.02
157,"OBD.ours2",54.08,29.42,12.98,3,0.46,
157,"MTD.ours3",2.54,32.78,43.7,16.5,4.48,0
157,"OBD.ours3",52.98,28.84,13.3,4.1,0.6,
157,"MTD.titeet",11,42,35.5,9.7,1.7,0.1
157,"OBD.titeet",50.6,29.3,13.5,5.3,1.3,
157,"MTD.tite12",0.7,12.8,38.9,26,21.5,0.12
157,"OBD.tite12",44.3,28.4,16.6,7.2,3.4,
157,"MTD.bfet",,,,,,0.4
157,"OBD.bfet",52.9,29.5,12.5,4,0.7,
185,"MTD.ours0",1.94,22.3,50.18,21.02,4.56,0
185,"OBD.ours0",15.5,21.28,51.02,7.32,1.22,
185,"MTD.bf",1.5,22.46,50.86,20.7,4.48,0
185,"OBD.bf",16.9,21.28,51.02,7.3,1.24,
185,"MTD.ours1",1.6,22.56,48.98,22.02,4.82,0.02
185,"OBD.ours1",16.1,21.28,49.06,8.2,1.38,
185,"MTD.ours2",1.84,22.02,49.58,21.66,4.88,0.02
185,"OBD.ours2",15.78,21,50.18,8.24,1.16,
185,"MTD.ours3",1.76,22.22,48.64,22.06,5.32,0
185,"OBD.ours3",16.52,21.34,48.26,8.42,1.74,
185,"MTD.titeet",1.4,19.4,55.8,19.2,4.2,1.5
185,"OBD.titeet",18.6,15.9,45.6,14,4.4,
185,"MTD.tite12",0.4,6.4,30,28.2,34.6,0.5
185,"OBD.tite12",16.9,15.7,44.4,15.8,6.7,
185,"MTD.bfet",,,,,,2.1
185,"OBD.bfet",17.1,19.2,49.9,10,1.7,
174,"MTD.ours0",0.02,0.34,2.68,26.5,70.46,0
174,"OBD.ours0",2.24,5.08,10.82,59.82,21.64,
174,"MTD.bf",0,0.32,2.48,27.04,70.16,0
174,"OBD.bf",2.62,4.94,10.26,59.1,22.9,
174,"MTD.ours1",0,0.38,2.8,26.04,70.78,0
174,"OBD.ours1",1.82,5.9,11.06,58.96,21.78,
174,"MTD.ours2",0,0.3,2.58,27.42,69.7,0
174,"OBD.ours2",1.98,5.4,11.52,57.78,22.82,
174,"MTD.ours3",0,0.26,2.46,26.8,70.48,0
174,"OBD.ours3",1.66,5.5,10.64,57.56,24.12,
174,"MTD.titeet",0,0.2,3.3,40.7,55.8,0.1
174,"OBD.titeet",8.4,14,14.3,43.5,19.7,
174,"MTD.tite12",0,0.1,1.2,12.5,86.2,0.04
174,"OBD.tite12",6.6,9.8,12.7,48.6,22.3,
174,"MTD.bfet",,,,,,0.2
174,"OBD.bfet",3.4,6.7,10.8,57.1,21.7,
222,"MTD.ours0",3.06,34.3,44.58,14.46,3.6,0
222,"OBD.ours0",17.04,58.8,19.3,3.44,0.44,
222,"MTD.bf",2.7,34.6,45.16,14.54,3,0
222,"OBD.bf",15.6,57.24,21.7,4.16,0.76,
222,"MTD.ours1",2.7,34.24,43.96,15.34,3.76,0
222,"OBD.ours1",16.58,57.16,20.38,4,0.9,
222,"MTD.ours2",3,34.14,45.14,14.66,3.06,0
222,"OBD.ours2",17.44,56.56,20.42,4.04,0.54,
222,"MTD.ours3",2.62,33.9,44.28,15.88,3.32,0
222,"OBD.ours3",16.36,55.14,21.66,5.08,0.86,
222,"MTD.titeet",2.1,40.4,41.1,13.7,2.6,1.3
222,"OBD.titeet",20.6,46.6,21.3,8.4,1.8,
222,"MTD.tite12",0.4,11.7,31.3,30.6,25.8,0.2
222,"OBD.tite12",18.3,42.6,24.6,10.5,3.9,
222,"MTD.bfet",,,,,,1.1
222,"OBD.bfet",18.1,55.1,20.2,4.8,0.6,
99,"MTD.ours0",0.06,6.62,39.28,38.04,16,0
99,"OBD.ours0",7.32,50.66,27.4,12.12,2.48,
99,"MTD.bf",0.14,5.74,39.34,39.06,15.72,0
99,"OBD.bf",9,49.32,27.84,11.2,2.6,
99,"MTD.ours1",0.12,6.16,38.12,37.38,18.22,0
99,"OBD.ours1",8.36,49.7,27.56,11.58,2.68,
99,"MTD.ours2",0.14,6.16,40.02,36.24,17.44,0
99,"OBD.ours2",8.2,51.12,27.12,11.54,1.9,
99,"MTD.ours3",0.12,6.22,38.08,37.34,18.24,0
99,"OBD.ours3",11.22,47.28,26.46,12.06,2.82,
99,"MTD.titeet",0,18,44.5,28,9.5,0
99,"OBD.titeet",17.2,42.7,23.6,12.5,3.9,
99,"MTD.tite12",0,2.4,17.6,36.8,43.2,0
99,"OBD.tite12",12.1,41.3,24.5,15.9,6.2,
99,"MTD.bfet",,,,,,0.1
99,"OBD.bfet",8.8,46.5,28,13.7,2.7,
103,"MTD.ours0",0.12,2.04,23.54,55.34,18.96,0
103,"OBD.ours0",2.38,5.44,64.16,23.26,3.9,
103,"MTD.bf",0.14,2.54,22.06,56.78,18.48,0
103,"OBD.bf",2.62,5.98,61.88,23.72,4.96,
103,"MTD.ours1",0.06,2.3,22.52,53.32,21.8,0
103,"OBD.ours1",2.48,5.9,62.48,23.68,4.3,
103,"MTD.ours2",0.1,2.18,22.48,54.4,20.84,0
103,"OBD.ours2",2.36,5.72,62.42,24.18,4.4,
103,"MTD.ours3",0.16,2.46,22.72,54.22,20.44,0
103,"OBD.ours3",2.5,7.2,58.36,25.5,5.24,
103,"MTD.titeet",0.1,1.8,34.2,48.6,15.4,0.3
103,"OBD.titeet",8.4,11.2,48.4,22.9,8.8,
103,"MTD.tite12",0,0.7,9.1,30.8,59,0.28
103,"OBD.tite12",7.3,9,48.8,24.4,10.2,
103,"MTD.bfet",,,,,,0.7
103,"OBD.bfet",4.3,6.7,55.9,26,6.3,
192,"MTD.ours0",2.92,33.58,45.98,14.62,2.9,0
192,"OBD.ours0",16.16,59.14,20.26,3.2,0.42,
192,"MTD.bf",2.7,34.56,45.16,14.56,3.02,0
192,"OBD.bf",15.58,57.4,21.58,4.14,0.76,
192,"MTD.ours1",3.16,32.66,45.78,15.22,3.18,0
192,"OBD.ours1",17.26,56.3,21.14,3.8,0.44,
192,"MTD.ours2",3.04,32.72,45.7,15.38,3.16,0
192,"OBD.ours2",17.36,57.22,19.8,3.86,0.64,
192,"MTD.ours3",2.6,34.2,44.22,15.82,3.16,0
192,"OBD.ours3",16.42,55.42,21.36,5.14,0.78,
192,"MTD.titeet",2,41.8,40.3,13.2,2.7,1.4
192,"OBD.titeet",21.2,46.4,20.9,8,2.1,
192,"MTD.tite12",0.3,12.4,30.2,30.5,26.4,0.24
192,"OBD.tite12",19.9,41.5,23.7,10.8,3.9,
192,"MTD.bfet",,,,,,1
192,"OBD.bfet",16.9,55.3,21,5.1,0.7,
215,"MTD.ours0",1.78,21.74,51.94,20.76,3.74,0.04
215,"OBD.ours0",14.42,21.56,52.04,7.04,1.04,
215,"MTD.bf",1.46,22.96,51.1,20.48,4,0
215,"OBD.bf",16.66,21.18,50.8,7.88,1.28,
215,"MTD.ours1",2.06,22,48.88,21.66,5.36,0.04
215,"OBD.ours1",15.46,21.62,49.72,8.42,1.16,
215,"MTD.ours2",2.22,21.36,50.62,21.42,4.38,0
215,"OBD.ours2",15.88,21.36,49.86,8.16,1.18,
215,"MTD.ours3",1.74,22.56,49.26,21.3,5.14,0
215,"OBD.ours3",15.96,22.24,47.64,8.88,1.68,
215,"MTD.titeet",1.4,19.1,56,20,3.6,1.5
215,"OBD.titeet",19.3,16.1,44.7,14.7,3.8,
215,"MTD.tite12",0.4,6.6,31.4,27.2,33.8,0.64
215,"OBD.tite12",17.1,16.3,43.8,15.1,7.1,
215,"MTD.bfet",,,,,,2.5
215,"OBD.bfet",18.1,19.7,48.2,9.9,1.6,
123,"MTD.ours0",0.16,2.52,22.48,54.52,20.32,0
123,"OBD.ours0",1.9,6.18,63.24,23.16,4.5,
123,"MTD.bf",0.14,2.46,22.7,55.98,18.72,0
123,"OBD.bf",2.98,6.16,61.52,23.4,5.06,
123,"MTD.ours1",0.16,2.3,23.7,53,20.84,0
123,"OBD.ours1",2.82,6.74,62,22.96,4.4,
123,"MTD.ours2",0.16,2.42,23.02,54.46,19.94,0
123,"OBD.ours2",2.74,6.96,63.02,22.46,3.88,
123,"MTD.ours3",0.16,2.6,22.24,53.6,21.4,0
123,"OBD.ours3",3.76,10.28,57.08,23.06,4.74,
123,"MTD.titeet",0.1,1.4,34.4,49.3,14.8,0.3
123,"OBD.titeet",7.6,11.1,50.5,21.9,8.6,
123,"MTD.tite12",0,0.6,9.8,30.7,58.8,0.14
123,"OBD.tite12",6.6,8.6,49.2,25.4,10.2,
123,"MTD.bfet",,,,,,0.6
123,"OBD.bfet",3.6,7.5,57.3,25.9,5,
113,"MTD.ours0",0.14,2.64,22.16,57.14,17.92,0
113,"OBD.ours0",2.48,5.84,63.88,22.84,4,
113,"MTD.bf",0.14,2.64,21.72,56.44,19.06,0
113,"OBD.bf",2.64,5.28,62.02,23.9,5.34,
113,"MTD.ours1",0.08,2.44,23.06,54.74,19.68,0
113,"OBD.ours1",2.76,5.88,62.36,23.9,4.02,
113,"MTD.ours2",0.08,2.5,23.02,54.4,20,0
113,"OBD.ours2",2.48,5.46,62.04,24.04,4.88,
113,"MTD.ours3",0.16,2.22,22.28,55.36,19.98,0
113,"OBD.ours3",2.48,6.36,59.24,25.1,5.8,
113,"MTD.titeet",0.1,1.6,35,48.5,14.9,0.4
113,"OBD.titeet",8.4,12.2,48.2,22.7,8.1,
113,"MTD.tite12",0,0.7,8.9,32,58.3,0.12
113,"OBD.tite12",6.8,8.1,48.3,26.7,10,
113,"MTD.bfet",,,,,,0.9
113,"OBD.bfet",4.7,6.5,56.3,26,5.5,
144,"MTD.ours0",0,0.34,3.08,25.12,71.46,0
144,"OBD.ours0",1.98,5.32,10.84,58.86,22.6,
144,"MTD.bf",0,0.32,2.48,27.1,70.1,0
144,"OBD.bf",2.68,4.88,10.32,59.04,22.9,
144,"MTD.ours1",0,0.32,3.1,25.82,70.76,0
144,"OBD.ours1",1.7,6.3,10.38,57.76,23.36,
144,"MTD.ours2",0.04,0.18,2.78,26.56,70.44,0
144,"OBD.ours2",1.72,6.4,10.5,58.22,22.84,
144,"MTD.ours3",0,0.26,2.46,26.5,70.78,0
144,"OBD.ours3",1.62,5.32,10.6,57.46,24.48,
144,"MTD.titeet",0,0.2,3,40.7,56.1,0
144,"OBD.titeet",8.9,13.5,13.3,43.2,21.1,
144,"MTD.tite12",0,0.1,1.3,12.1,86.5,0.04
144,"OBD.tite12",7.5,9.7,11.3,49.3,22.1,
144,"MTD.bfet",,,,,,0.2
144,"OBD.bfet",3.3,6.4,10.6,56.1,23.4,
133,"MTD.ours0",0.12,2.76,23.72,53.82,19.58,0
133,"OBD.ours0",2.28,6.14,63.9,22.26,4.28,
133,"MTD.bf",0.14,2.54,22.18,56.6,18.54,0
133,"OBD.bf",2.66,5.98,61.92,23.66,4.94,
133,"MTD.ours1",0.08,2.9,23.4,52.22,21.4,0
133,"OBD.ours1",2.26,5.88,63.18,22.62,4.78,
133,"MTD.ours2",0.18,2.54,23.3,52.98,21,0
133,"OBD.ours2",2.4,7.22,60.44,24.2,4.54,
133,"MTD.ours3",0.16,2.44,22.78,54.32,20.3,0
133,"OBD.ours3",2.54,7.24,58.26,25.56,5.16,
133,"MTD.titeet",0.1,1.3,33.8,49.8,14.9,0.3
133,"OBD.titeet",8.2,10.7,49.2,23.5,8.1,
133,"MTD.tite12",0,0.7,9,31,59,0.16
133,"OBD.tite12",6.9,8.1,48.8,25.6,10.4,
133,"MTD.bfet",,,,,,0.8
133,"OBD.bfet",4.3,6.9,56.4,25.5,6.1,
173,"MTD.ours0",0.16,2.44,23.06,55.22,19.12,0
173,"OBD.ours0",2.62,5.26,63.6,23.64,4.06,
173,"MTD.bf",0.14,2.64,21.68,56.56,18.98,0
173,"OBD.bf",2.58,5.28,62.04,23.9,5.38,
173,"MTD.ours1",0.1,2.3,23.44,54.5,19.66,0
173,"OBD.ours1",1.96,6.34,63.88,22.94,3.82,
173,"MTD.ours2",0.1,2.4,23.04,54.08,20.38,0
173,"OBD.ours2",2.32,6.08,62.46,23.46,4.66,
173,"MTD.ours3",0.16,2.22,22.24,55.4,19.98,0
173,"OBD.ours3",2.4,6.26,59.42,25.16,5.76,
173,"MTD.titeet",0.1,1.5,34.3,49.6,14.4,0.4
173,"OBD.titeet",8.2,10.5,50.8,22.1,7.9,
173,"MTD.tite12",0,0.6,8.9,31.9,58.5,0.06
173,"OBD.tite12",6.1,8.5,48.5,26.3,10.5,
173,"MTD.bfet",,,,,,1
173,"OBD.bfet",5.1,6.9,56.4,25.5,5,
130,"MTD.ours0",1.16,6.58,22.36,31.7,38.18,0.02
130,"OBD.ours0",5.7,44.86,26.44,15.84,6.92,
130,"MTD.bf",0.94,6.72,23.64,32.46,36.24,0
130,"OBD.bf",5.36,44.84,27.22,15.58,6.88,
130,"MTD.ours1",1.42,6.58,23.68,30.16,38.12,0.04
130,"OBD.ours1",5.84,44.62,25.42,17.42,6.4,
130,"MTD.ours2",1.38,5.98,23.38,29.46,39.74,0.06
130,"OBD.ours2",5.28,43.68,26.58,16.64,7.36,
130,"MTD.ours3",1,6.58,22.04,30.8,39.58,0
130,"OBD.ours3",7.08,41.68,26.14,17.86,7,
130,"MTD.titeet",0.5,22.1,33.9,27.4,16,0.2
130,"OBD.titeet",12.4,42.8,24.4,14.1,6.1,
130,"MTD.tite12",0.1,1.9,9.8,28,60.1,0.06
130,"OBD.tite12",7,35,24.7,20.6,12.7,
130,"MTD.bfet",,,,,,1
130,"OBD.bfet",7.9,41.6,26.3,16.9,6.3,
232,"MTD.ours0",2.98,35.72,44.28,14.02,2.96,0.04
232,"OBD.ours0",17.12,58.86,19.28,3.3,0.5,
232,"MTD.bf",2.48,34.26,45.52,14.62,3.12,0
232,"OBD.bf",14.4,58.4,21.32,4.42,0.86,
232,"MTD.ours1",3.12,34.26,45.5,13.9,3.22,0
232,"OBD.ours1",17.24,57.22,20.24,3.5,0.76,
232,"MTD.ours2",3.36,33.24,46.6,14.06,2.66,0.08
232,"OBD.ours2",17.56,57.44,20.32,3.24,0.38,
232,"MTD.ours3",2.36,34.24,44.96,14.68,3.76,0
232,"OBD.ours3",16.16,55.72,21.42,4.72,0.96,
232,"MTD.titeet",2.2,41.3,41.4,13.1,2,1.7
232,"OBD.titeet",20.6,46.5,21.6,8.1,1.6,
232,"MTD.tite12",0.3,11.2,30.2,31.3,26.7,0.28
232,"OBD.tite12",17.9,43.1,23.2,11.2,4.2,
232,"MTD.bfet",,,,,,1
232,"OBD.bfet",17.6,56,20.6,4.1,0.6,
128,"MTD.ours0",5.32,16.98,32.6,31.9,13.06,0.14
128,"OBD.ours0",45.58,28.28,17.68,7.16,1.1,
128,"MTD.bf",4.48,16.12,33.46,31.98,13.86,0.1
128,"OBD.bf",41.58,29.26,18.2,8.76,2.06,
128,"MTD.ours1",5.66,15.94,31.66,31.8,14.9,0.04
128,"OBD.ours1",43.48,28.74,18.36,7.48,1.86,
128,"MTD.ours2",5.26,16.9,31.62,31.92,14.2,0.1
128,"OBD.ours2",44.2,27.88,18.42,7.88,1.5,
128,"MTD.ours3",4.4,16.02,32.08,32.02,15.36,0.12
128,"OBD.ours3",41.3,28.7,18.68,9.32,1.8,
128,"MTD.titeet",16.2,29.7,31.5,17.4,5,0.1
128,"OBD.titeet",44.8,27.4,17,8.1,2.5,
128,"MTD.tite12",0.8,5.6,28.9,28.3,36.4,0.12
128,"OBD.tite12",34.9,27.2,19.1,13.3,5.3,
128,"MTD.bfet",,,,,,0.3
128,"OBD.bfet",44.7,27.9,16.9,8.4,1.8,
100,"MTD.ours0",1.28,6.78,22.42,30.62,38.9,0
100,"OBD.ours0",5.34,43.42,25.74,17.26,7.88,
100,"MTD.bf",0.94,6.34,23.34,31.82,37.56,0
100,"OBD.bf",6.86,44.28,26.58,15.42,6.74,
100,"MTD.ours1",1.3,6.98,22.8,30.78,38.1,0.04
100,"OBD.ours1",5.6,44.18,25.64,16.96,7.38,
100,"MTD.ours2",1.08,6.24,23.76,30.7,38.22,0
100,"OBD.ours2",5.72,43.06,26.76,16.72,7.52,
100,"MTD.ours3",1.06,6.28,22.7,30.68,39.28,0
100,"OBD.ours3",7.08,41.54,26.98,17.12,6.94,
100,"MTD.titeet",0.4,21.9,33.3,28,16.4,0.3
100,"OBD.titeet",12.9,41.4,23.6,15.3,6.5,
100,"MTD.tite12",0.2,2.2,10.3,28.5,58.8,0.02
100,"OBD.tite12",8.5,36.7,23.4,19.1,12.3,
100,"MTD.bfet",,,,,,0.9
100,"OBD.bfet",7.4,42,26,16.6,7.1,
160,"MTD.ours0",1.7,7.42,24.26,31.36,35.26,0
160,"OBD.ours0",6.28,45.56,25.72,15.62,6.5,
160,"MTD.bf",0.92,6.98,24.28,31.9,35.92,0
160,"OBD.bf",4.68,44.88,26.52,16.78,7.02,
160,"MTD.ours1",1.16,7.16,22.84,30.72,38.12,0
160,"OBD.ours1",5.78,43.92,27.36,16.18,6.56,
160,"MTD.ours2",1.14,6.96,23.12,30.76,38.02,0
160,"OBD.ours2",5.36,45.46,26.22,15.64,7.08,
160,"MTD.ours3",1,6.72,22.6,30.96,38.72,0
160,"OBD.ours3",6.56,41.08,26.72,18.1,7.34,
160,"MTD.titeet",0.2,22.2,34,27,16.6,0.3
160,"OBD.titeet",11.2,43.3,24,14.8,6.3,
160,"MTD.tite12",0.1,2.2,9.5,27.3,60.8,0.14
160,"OBD.tite12",7,34.4,24.2,20.4,13.9,
160,"MTD.bfet",,,,,,1.2
160,"OBD.bfet",8.3,42.5,25.8,16.7,5.4,
163,"MTD.ours0",0.1,2.5,23.3,53.86,20.24,0
163,"OBD.ours0",2.22,6.42,63.3,23.52,3.68,
163,"MTD.bf",0.14,2.74,21.8,55.96,19.36,0
163,"OBD.bf",2.62,5.66,61.6,24.08,5.18,
163,"MTD.ours1",0.08,2.28,23.32,53.42,20.9,0
163,"OBD.ours1",2.64,5.92,62.56,23.64,4.4,
163,"MTD.ours2",0.12,2.36,23.36,52.94,21.22,0
163,"OBD.ours2",2.84,6.2,61.9,23.66,4.68,
163,"MTD.ours3",0.14,2.28,22.52,54.6,20.46,0
163,"OBD.ours3",2.3,6.98,59.12,25.18,5.4,
163,"MTD.titeet",0.1,1.9,34.7,49.2,14.2,0.6
163,"OBD.titeet",7.5,10.8,50.5,22.3,8.3,
163,"MTD.tite12",0,0.6,9.6,32.5,57.2,0.14
163,"OBD.tite12",6.6,9,49.6,24.3,10.3,
163,"MTD.bfet",,,,,,0.8
163,"OBD.bfet",4.5,7.1,56.7,25.4,5.5,
143,"MTD.ours0",0.12,2.36,23.46,55.2,18.86,0
143,"OBD.ours0",2.4,5.4,64.12,23.26,4,
143,"MTD.bf",0.14,2.64,21.74,56.44,19.04,0
143,"OBD.bf",2.64,5.28,62.02,23.9,5.34,
143,"MTD.ours1",0.18,2.4,23.02,53.82,20.58,0
143,"OBD.ours1",2.74,6.3,61.12,24.2,4.46,
143,"MTD.ours2",0.04,2.06,23.5,55,19.4,0
143,"OBD.ours2",2.3,6.02,62.76,23.78,4.2,
143,"MTD.ours3",0.16,2.24,22.28,55.46,19.86,0
143,"OBD.ours3",2.32,6.64,59.04,25.34,5.64,
143,"MTD.titeet",0.1,1.6,35,49,14.3,0.4
143,"OBD.titeet",8.5,10.7,49.4,22,9.1,
143,"MTD.tite12",0,0.5,9.1,31.7,58.5,0.14
143,"OBD.tite12",6.9,8.1,49.3,25.3,10.2,
143,"MTD.bfet",,,,,,1
143,"OBD.bfet",4.9,6.6,56.5,25.7,5.3,
271,"MTD.ours0",37.02,45.32,13.52,2.54,0.62,0.98
271,"OBD.ours0",73.28,21.06,3.56,0.42,0.08,
271,"MTD.bf",35.74,46.6,13.3,2.68,0.36,1.32
271,"OBD.bf",71.36,22.12,4.16,0.68,0.02,
271,"MTD.ours1",35.6,45.28,14.28,3.14,0.44,1.26
271,"OBD.ours1",71.98,22.3,3.38,0.62,0.02,
271,"MTD.ours2",35.86,44.84,14.78,2.58,0.42,1.52
271,"OBD.ours2",72.72,20.92,3.84,0.5,0.04,
271,"MTD.ours3",35.64,45.22,14.02,3.3,0.54,1.28
271,"OBD.ours3",72.1,20.62,4.34,0.92,0.1,
271,"MTD.titeet",34.9,46.7,14.1,3,0.6,1.1
271,"OBD.titeet",59.8,26,9.3,3.3,0.5,
271,"MTD.tite12",9,29,32,17.6,11.9,0.58
271,"OBD.tite12",52.7,27.8,12.2,5.1,1.7,
271,"MTD.bfet",,,,,,1.6
271,"OBD.bfet",70.3,22.2,5.2,0.7,0.1,
186,"MTD.ours0",0.08,2.56,17.66,55.2,24.5,0
186,"OBD.ours0",5,11.92,19.46,53.04,7.84,
186,"MTD.bf",0.14,2.68,18,55.5,23.68,0
186,"OBD.bf",8.68,12.78,19.96,48.76,8.76,
186,"MTD.ours1",0.12,2.12,18.56,53.82,25.38,0
186,"OBD.ours1",4.4,12.72,20.8,51.26,8.3,
186,"MTD.ours2",0.16,2.66,19.4,54.18,23.6,0
186,"OBD.ours2",5.4,12.28,20.54,50.42,8.32,
186,"MTD.ours3",0.14,2.48,18.3,53.16,25.92,0
186,"OBD.ours3",4.9,14.18,21.68,47.38,9.14,
186,"MTD.titeet",0.1,1.6,20,58.4,19.9,0.4
186,"OBD.titeet",11.4,15.5,15.6,42,15,
186,"MTD.tite12",0,0.8,8.6,31.4,58.8,0.38
186,"OBD.tite12",11.1,13.6,15.7,42.2,17,
186,"MTD.bfet",,,,,,0.7
186,"OBD.bfet",8.3,11.7,17.4,51.4,10.5,
149,"MTD.ours0",0.08,6.38,40.9,37.48,15.16,0
149,"OBD.ours0",7.36,53.2,27.12,10.68,1.54,
149,"MTD.bf",0.14,6.18,41.32,37.38,14.98,0
149,"OBD.bf",6.3,51.04,28.1,11.26,3.26,
149,"MTD.ours1",0.1,5.98,41.3,36.38,16.24,0
149,"OBD.ours1",7.88,52.7,26.24,10.98,2.08,
149,"MTD.ours2",0.1,6.04,39.8,37.76,16.3,0
149,"OBD.ours2",8.22,51.28,26.18,11.82,2.38,
149,"MTD.ours3",0.16,6.34,40.54,37.04,15.92,0
149,"OBD.ours3",7.76,50.1,27.12,11.78,3.16,
149,"MTD.titeet",0,18,44.3,29,8.6,0.1
149,"OBD.titeet",16.9,42.9,23.3,12.6,4.2,
149,"MTD.tite12",0,2.3,17.7,33.9,45.9,0.06
149,"OBD.tite12",12.6,40.2,24.3,16.1,6.7,
149,"MTD.bfet",,,,,,0.1
149,"OBD.bfet",7.5,49.9,28.4,11.5,2.6,
182,"MTD.ours0",3.68,33.88,43.4,15.3,3.74,0
182,"OBD.ours0",16.88,57.2,20.54,3.78,0.64,
182,"MTD.bf",2.64,34.4,44.32,15.26,3.38,0
182,"OBD.bf",16.06,57.2,21.32,4.12,0.72,
182,"MTD.ours1",2.82,32.64,43.44,16.52,4.54,0.04
182,"OBD.ours1",17.06,55.5,21.62,4.22,0.72,
182,"MTD.ours2",3.26,32.96,43.7,16.4,3.6,0.08
182,"OBD.ours2",17.86,56.08,20.32,4.24,0.46,
182,"MTD.ours3",2.72,33.68,42.7,16.48,4.42,0
182,"OBD.ours3",18.16,54.08,21.16,4.9,0.8,
182,"MTD.titeet",2.8,39.8,41.7,13,2.7,1.5
182,"OBD.titeet",21.1,44.4,22.7,7.9,2.4,
182,"MTD.tite12",0.4,11.9,30.8,29.4,27.2,0.34
182,"OBD.tite12",17.5,43.7,23.7,10.7,4,
182,"MTD.bfet",,,,,,1.2
182,"OBD.bfet",17.5,53.1,22,5.5,0.8,
202,"MTD.ours0",3.04,34.8,44.88,14.32,2.94,0.02
202,"OBD.ours0",16.72,59.28,19.6,3.02,0.42,
202,"MTD.bf",2.48,34.26,45.52,14.62,3.12,0
202,"OBD.bf",14.4,58.4,21.32,4.42,0.86,
202,"MTD.ours1",3.22,33.22,45.72,14.76,3.04,0.04
202,"OBD.ours1",16.68,56.9,20.78,3.74,0.66,
202,"MTD.ours2",3.34,33.7,45.32,14.68,2.9,0.06
202,"OBD.ours2",17.12,56.84,20.38,3.88,0.46,
202,"MTD.ours3",2.38,34.1,45.08,14.8,3.64,0
202,"OBD.ours3",16.34,55.6,21.4,4.72,0.92,
202,"MTD.titeet",1.7,42.4,40.7,12.4,2.7,1.6
202,"OBD.titeet",20.4,47.2,21.6,7.4,1.8,
202,"MTD.tite12",0.5,11.7,30.4,30,27,0.38
202,"OBD.tite12",18.4,41.4,24.5,11.2,4.1,
202,"MTD.bfet",,,,,,0.9
202,"OBD.bfet",17,56,21.1,4.4,0.6,
109,"MTD.ours0",0.08,5.62,41.94,37.36,14.98,0.02
109,"OBD.ours0",7.06,51.82,27.76,11.06,2.22,
109,"MTD.bf",0.14,5.82,41.58,37.98,14.48,0
109,"OBD.bf",6.8,52,27.94,10.6,2.62,
109,"MTD.ours1",0.2,5.76,39.24,37.86,16.94,0
109,"OBD.ours1",6.9,52,26.34,12.44,2.28,
109,"MTD.ours2",0.04,6.72,40.06,37.26,15.92,0
109,"OBD.ours2",7.46,51.3,26.98,11.68,2.52,
109,"MTD.ours3",0.16,6.18,39.52,37.16,16.98,0
109,"OBD.ours3",8.16,47.92,27.3,13.6,2.9,
109,"MTD.titeet",0.1,17.3,44.8,28.5,9.4,0.1
109,"OBD.titeet",18.5,41.7,23.6,12.1,4,
109,"MTD.tite12",0,2.3,17.7,35.1,44.8,0.04
109,"OBD.tite12",11.9,40.7,25,15.6,6.8,
109,"MTD.bfet",,,,,,0.1
109,"OBD.bfet",8.1,47.8,27.8,13.1,3,
98,"MTD.ours0",4.56,15.58,33.06,31.62,15.12,0.06
98,"OBD.ours0",42.86,29.12,18.3,7.98,1.64,
98,"MTD.bf",4.48,15.4,32.94,33.38,13.7,0.1
98,"OBD.bf",42.9,29.14,18,8.22,1.6,
98,"MTD.ours1",5.06,15.56,31.9,31.72,15.58,0.18
98,"OBD.ours1",43.42,28.24,17.92,8.48,1.64,
98,"MTD.ours2",5.14,17.06,31.6,30.82,15.26,0.12
98,"OBD.ours2",42.5,29.52,17.44,8.68,1.7,
98,"MTD.ours3",4.4,16.3,31.54,32.66,14.98,0.12
98,"OBD.ours3",41.58,28.7,19.06,8.74,1.68,
98,"MTD.titeet",17.3,30.2,30.4,17.1,4.8,0.2
98,"OBD.titeet",44.8,27.5,16.6,8.5,2.5,
98,"MTD.tite12",0.8,5.6,28.7,29.4,35.3,0.02
98,"OBD.tite12",34.7,28.1,18.7,13.2,5.3,
98,"MTD.bfet",,,,,,0.2
98,"OBD.bfet",43.7,28,17.8,8.2,2,
252,"MTD.ours0",2.98,34.34,43.64,16.04,3,0
252,"OBD.ours0",16.42,57.54,21.3,3.48,0.4,
252,"MTD.bf",2.68,34.44,45.32,14.22,3.34,0
252,"OBD.bf",15.2,57.32,21.44,4.54,0.92,
252,"MTD.ours1",2.82,34.42,45.2,14.12,3.44,0
252,"OBD.ours1",17.98,56.92,19.6,4.16,0.42,
252,"MTD.ours2",2.88,35.16,45.76,13.36,2.8,0.04
252,"OBD.ours2",17.74,57.3,20.1,3.46,0.42,
252,"MTD.ours3",2.56,34.06,45.26,14.92,3.2,0
252,"OBD.ours3",16.86,55.42,21.12,5.06,0.7,
252,"MTD.titeet",2,42,39.5,13.6,2.8,1.3
252,"OBD.titeet",20.1,46.9,22,7.8,1.9,
252,"MTD.tite12",0.5,12,31.1,30.1,26.2,0.18
252,"OBD.tite12",18,43.2,23.6,10.7,4.3,
252,"MTD.bfet",,,,,,1.5
252,"OBD.bfet",19.3,54.3,20,4.4,0.5,
129,"MTD.ours0",0.14,6.44,40.58,36.68,16.16,0
129,"OBD.ours0",7.7,51.46,27.46,11.08,2.26,
129,"MTD.bf",0.14,6.02,40.86,38.08,14.9,0
129,"OBD.bf",7.2,51.26,27.92,11.08,2.5,
129,"MTD.ours1",0.14,5.74,39.74,37.18,17.2,0
129,"OBD.ours1",7.98,50.56,27.98,11,2.44,
129,"MTD.ours2",0.2,6.36,39.14,37.02,17.26,0.02
129,"OBD.ours2",8.56,50.16,27.32,11.36,2.42,
129,"MTD.ours3",0.16,6.56,38.44,37.54,17.3,0
129,"OBD.ours3",10.42,47.8,26.54,12.4,2.64,
129,"MTD.titeet",0,17.8,45.1,28.1,8.9,0.1
129,"OBD.titeet",15.6,44,23.4,13,4,
129,"MTD.tite12",0,2,17,35.3,45.6,0.12
129,"OBD.tite12",11.8,41.3,23.4,16.9,6.5,
129,"MTD.bfet",,,,,,0.1
129,"OBD.bfet",9.6,46.8,26.9,13.9,2.6,
245,"MTD.ours0",1.7,22.44,51.96,20.12,3.78,0
245,"OBD.ours0",15.74,22.16,51.3,6.94,0.9,
245,"MTD.bf",1.46,22.5,51.2,20.5,4.34,0
245,"OBD.bf",16.5,20.76,51.14,8.04,1.34,
245,"MTD.ours1",2.08,21.46,50.96,21.08,4.38,0.04
245,"OBD.ours1",16.3,20.34,51.38,7.68,1.18,
245,"MTD.ours2",1.38,21.86,51.32,20.64,4.78,0.02
245,"OBD.ours2",14.72,21.54,51.46,7.22,1.08,
245,"MTD.ours3",1.56,22.24,49.48,21.84,4.88,0
245,"OBD.ours3",15.9,21.88,48.38,8.84,1.48,
245,"MTD.titeet",1.3,19.9,55.1,20.4,3.2,2
245,"OBD.titeet",18.6,15.4,45,15,4,
245,"MTD.tite12",0.2,6,32.5,28.1,32.6,0.46
245,"OBD.tite12",17.5,15.9,44.1,15.7,6.3,
245,"MTD.bfet",,,,,,2.9
245,"OBD.bfet",18.7,19.5,47.4,10,1.5,
341,"MTD.ours0",35.7,46.76,13.4,2.56,0.3,1.28
341,"OBD.ours0",72.8,21.46,3.16,0.6,0.02,
341,"MTD.bf",35.98,46.86,13.3,2.3,0.24,1.32
341,"OBD.bf",72.1,21.68,3.98,0.6,0.04,
341,"MTD.ours1",35.24,47.52,13.28,2.36,0.26,1.34
341,"OBD.ours1",72.84,21.56,3.12,0.38,0.02,
341,"MTD.ours2",35.92,47.4,12.9,2.12,0.36,1.3
341,"OBD.ours2",74.32,20.52,2.92,0.34,0.04,
341,"MTD.ours3",35.16,47.36,13.56,2.36,0.28,1.28
341,"OBD.ours3",72.7,20.62,3.92,0.7,0.08,
341,"MTD.titeet",35.6,46,14.1,2.8,0.6,1.7
341,"OBD.titeet",61.2,25.6,8.6,2.4,0.5,
341,"MTD.tite12",9.1,28.9,33.6,15.3,12.3,0.8
341,"OBD.tite12",53.4,27.4,12.2,4.4,1.7,
341,"MTD.bfet",,,,,,2.4
341,"OBD.bfet",73.2,19.9,3.8,0.6,0.1,
262,"MTD.ours0",3.04,35.54,44.1,14.44,2.84,0.04
262,"OBD.ours0",16.64,59.46,19.12,3.4,0.52,
262,"MTD.bf",2.48,34.28,45.52,14.58,3.14,0
262,"OBD.bf",14.36,58.44,21.34,4.42,0.84,
262,"MTD.ours1",3.08,33.5,44.96,15.06,3.36,0.04
262,"OBD.ours1",17.36,57.92,19.58,3.52,0.7,
262,"MTD.ours2",3.16,34.3,44.76,14.48,3.24,0.06
262,"OBD.ours2",17.08,57.7,20.16,3.46,0.6,
262,"MTD.ours3",2.36,34.46,44.94,14.62,3.62,0
262,"OBD.ours3",16.52,55.68,21.12,4.72,0.94,
262,"MTD.titeet",1.8,41.4,41,12.9,2.9,1.7
262,"OBD.titeet",21,47.1,20.6,7.7,1.9,
262,"MTD.tite12",0.6,12,30.1,30.8,26.3,0.28
262,"OBD.tite12",18.9,42.1,24,10.3,4.4,
262,"MTD.bfet",,,,,,1.1
262,"OBD.bfet",18.2,55.9,20.2,4,0.5,
281,"MTD.ours0",34.28,47.82,14.24,2.1,0.22,1.34
281,"OBD.ours0",72.06,22.4,3.46,0.26,0,
281,"MTD.bf",35.46,47.56,13.32,2.18,0.2,1.28
281,"OBD.bf",71.98,21.54,4.08,0.7,0.04,
281,"MTD.ours1",35.3,46.8,14.1,2.26,0.28,1.26
281,"OBD.ours1",72.3,21.8,3.72,0.36,0.02,
281,"MTD.ours2",34.88,47.28,14.24,2.3,0.32,0.98
281,"OBD.ours2",72.92,21.52,3.64,0.44,0.04,
281,"MTD.ours3",34.88,47.44,13.66,2.44,0.32,1.26
281,"OBD.ours3",72.7,20.48,4.04,0.62,0.16,
281,"MTD.titeet",36.8,46,13.5,3,0.3,0.8
281,"OBD.titeet",61.2,26,9.3,2.3,0.4,
281,"MTD.tite12",8.9,27.7,34.3,16.8,11.9,0.5
281,"OBD.tite12",52.7,28.2,11.9,5,1.7,
281,"MTD.bfet",,,,,,0.9
281,"OBD.bfet",73.2,21.1,4,0.7,0.1,
179,"MTD.ours0",0.08,6.44,40,38.04,15.44,0
179,"OBD.ours0",7.3,52.7,26.84,11.1,1.92,
179,"MTD.bf",0.14,6.2,41.2,37.5,14.96,0
179,"OBD.bf",6.24,51.14,28.04,11.32,3.22,
179,"MTD.ours1",0.12,5.76,40.48,38.3,15.34,0
179,"OBD.ours1",8.02,51.7,27.02,11.1,2.1,
179,"MTD.ours2",0.14,6.3,39.62,36.96,16.98,0
179,"OBD.ours2",8.04,51.64,26.06,11.44,2.68,
179,"MTD.ours3",0.16,6.2,40.4,37.64,15.6,0
179,"OBD.ours3",7.8,49.62,27.44,11.72,3.34,
179,"MTD.titeet",0,17.2,44.9,28.3,9.6,0.1
179,"OBD.titeet",16.7,41.9,24.8,12.5,4,
179,"MTD.tite12",0,2.2,17,35.7,45.1,0.04
179,"OBD.tite12",12.5,39.2,25.3,16.1,6.8,
179,"MTD.bfet",,,,,,0.1
179,"OBD.bfet",8.2,50.1,28.2,11,2.3,
236,"MTD.ours0",0.1,2.14,19.3,56.3,22.16,0
236,"OBD.ours0",4.9,11.84,19.74,53.04,7.46,
236,"MTD.bf",0.14,2.38,18.62,56.08,22.78,0
236,"OBD.bf",8.12,11.94,19.7,50.44,8.72,
236,"MTD.ours1",0.1,2.36,18.46,55.24,23.84,0
236,"OBD.ours1",5.24,12.2,19.22,52.04,8.42,
236,"MTD.ours2",0.06,2.32,18.6,55.36,23.64,0.02
236,"OBD.ours2",4.82,12.42,18.96,52.1,8.52,
236,"MTD.ours3",0.12,1.96,17.7,56.28,23.94,0
236,"OBD.ours3",4.54,12,18.42,51.16,11,
236,"MTD.titeet",0.1,2.2,19.7,60.3,17.7,0.5
236,"OBD.titeet",12.6,15.4,16.4,41.7,13.5,
236,"MTD.tite12",0,0.7,8.1,32.7,58.4,0.16
236,"OBD.tite12",11.4,13.8,14.5,43.3,16.9,
236,"MTD.bfet",,,,,,1.1
236,"OBD.bfet",9.5,11.8,17.2,50.7,9.6,
226,"MTD.ours0",0.04,2.44,18.92,55.26,23.34,0
226,"OBD.ours0",4.54,12.08,21.8,50.88,8.2,
226,"MTD.bf",0.14,2.68,17.92,56.2,23.06,0
226,"OBD.bf",7.8,11.92,19.62,50.62,8.94,
226,"MTD.ours1",0.08,2.32,19.1,53.1,25.4,0
226,"OBD.ours1",4.86,13.1,19.64,50.2,9.3,
226,"MTD.ours2",0.16,2.3,19.48,54.3,23.76,0
226,"OBD.ours2",5.06,13.38,19.46,50.72,8.2,
226,"MTD.ours3",0.16,2.24,18.2,54.94,24.46,0
226,"OBD.ours3",4.38,12.68,18.56,51.2,10.4,
226,"MTD.titeet",0.1,2.1,18.8,59.7,19.3,0.5
226,"OBD.titeet",11.9,15.6,15,42.3,14.7,
226,"MTD.tite12",0,0.8,8.5,31.9,58.6,0.28
226,"OBD.tite12",11.3,13.6,15.4,43.2,16.2,
226,"MTD.bfet",,,,,,1
226,"OBD.bfet",9.7,12.1,17.1,51,9.1,
153,"MTD.ours0",0.16,2.08,23.96,54.86,18.94,0
153,"OBD.ours0",2.14,5.7,64.32,23.02,3.96,
153,"MTD.bf",0.14,2.74,22.12,55.92,19.08,0
153,"OBD.bf",2.6,5.92,61.68,23.92,5.06,
153,"MTD.ours1",0.06,2.4,23.64,53.08,20.82,0
153,"OBD.ours1",3.04,6.38,62.88,22.48,4.58,
153,"MTD.ours2",0.06,2.62,23.18,53.3,20.84,0
153,"OBD.ours2",2.96,6.74,60.84,23.88,4.66,
153,"MTD.ours3",0.16,2.66,23.06,53.12,21,0
153,"OBD.ours3",3.1,9.6,58.3,22.7,5.24,
153,"MTD.titeet",0.1,1.6,34.5,49.2,14.6,0.2
153,"OBD.titeet",8,11.1,49.5,23.7,7.5,
153,"MTD.tite12",0,0.5,9.3,32.3,57.7,0.18
153,"OBD.tite12",5.2,8.9,50.2,25,10.5,
153,"MTD.bfet",,,,,,0.7
153,"OBD.bfet",4.2,7.5,57.6,25.4,4.6,
206,"MTD.ours0",0.08,2.24,17.78,56.76,23.14,0
206,"OBD.ours0",4.5,11.34,19.12,53.88,8.22,
206,"MTD.bf",0.14,2.38,18.62,56.08,22.78,0
206,"OBD.bf",8.12,11.94,19.7,50.44,8.72,
206,"MTD.ours1",0.1,2.28,16.8,56.26,24.56,0
206,"OBD.ours1",4.94,12.12,18.48,53.32,8.24,
206,"MTD.ours2",0.06,2.28,18.44,55.88,23.34,0
206,"OBD.ours2",5.36,13.16,17.96,52.62,8.04,
206,"MTD.ours3",0.12,2,17.8,56.3,23.78,0
206,"OBD.ours3",4.68,12.22,18.5,51,10.72,
206,"MTD.titeet",0.1,1.9,19.8,59.7,18.4,0.6
206,"OBD.titeet",12.6,17.4,16,40.2,13.1,
206,"MTD.tite12",0,0.6,7.7,32.5,58.8,0.4
206,"OBD.tite12",10.2,13.3,16.3,42.5,17.2,
206,"MTD.bfet",,,,,,1.1
206,"OBD.bfet",9,11.6,16.9,51.2,10.1,
196,"MTD.ours0",0.1,2.38,19.02,55.3,23.2,0
196,"OBD.ours0",4.96,12.88,19.96,51.38,8.1,
196,"MTD.bf",0.14,2.68,17.84,56.2,23.14,0
196,"OBD.bf",7.8,11.92,19.58,50.56,9.02,
196,"MTD.ours1",0.08,2.42,17.86,55.9,23.74,0
196,"OBD.ours1",5.5,11.94,18.94,52.08,8.62,
196,"MTD.ours2",0.14,2.28,18.32,54.8,24.46,0
196,"OBD.ours2",4.9,11.92,19.74,51.46,8.86,
196,"MTD.ours3",0.16,2.24,18.22,55.08,24.3,0
196,"OBD.ours3",4.36,12.44,18.36,51.68,10.3,
196,"MTD.titeet",0.1,1.8,19.2,59.1,19.8,0.5
196,"OBD.titeet",11.4,16,16,40.9,15.1,
196,"MTD.tite12",0,0.7,7.3,32.8,58.8,0.36
196,"OBD.tite12",11.1,14.1,15.6,42.2,16.6,
196,"MTD.bfet",,,,,,0.9
196,"OBD.bfet",9.2,11.3,16.7,52,9.8,
178,"MTD.ours0",4.82,16.54,34.94,30.94,12.6,0.16
178,"OBD.ours0",44.54,30,17.26,6.76,1.22,
178,"MTD.bf",4.3,15.62,34.28,32.82,12.86,0.12
178,"OBD.bf",41.46,28.88,18.82,8.3,2.36,
178,"MTD.ours1",4.6,16.78,32.96,31.86,13.7,0.1
178,"OBD.ours1",45.34,28.6,16.96,7.42,1.56,
178,"MTD.ours2",4.78,16.46,34.02,31.2,13.48,0.06
178,"OBD.ours2",43.02,30.24,17.22,7.88,1.56,
178,"MTD.ours3",4.24,16.42,33.7,32.38,13.16,0.1
178,"OBD.ours3",42.32,28.24,17.8,9.12,2.34,
178,"MTD.titeet",16.5,29.7,31.2,17.5,5,0.1
178,"OBD.titeet",44.8,27.5,17.1,8.3,2.2,
178,"MTD.tite12",0.6,5.8,28.8,28,36.7,0.06
178,"OBD.tite12",35.1,27.6,18.6,13.4,5.3,
178,"MTD.bfet",,,,,,0.3
178,"OBD.bfet",47.6,27.7,16.3,6.5,1.7,
148,"MTD.ours0",4.9,16.86,34.38,31.4,12.38,0.08
148,"OBD.ours0",44.52,29.78,17.28,7.1,1.2,
148,"MTD.bf",4.3,15.64,34.28,32.8,12.86,0.12
148,"OBD.bf",41.6,28.8,18.86,8.22,2.34,
148,"MTD.ours1",4.38,16.88,32.84,31.84,14,0.06
148,"OBD.ours1",44.7,28.64,17.58,7.26,1.72,
148,"MTD.ours2",4.96,15.52,34.98,31.3,13.14,0.1
148,"OBD.ours2",44.4,28.78,17.84,7.48,1.32,
148,"MTD.ours3",4.22,16.66,33.24,32.6,13.18,0.1
148,"OBD.ours3",42.1,28.16,18.02,9,2.54,
148,"MTD.titeet",16.8,29.8,30.1,17.8,5.5,0.1
148,"OBD.titeet",45,27.6,15.4,8.9,2.9,
148,"MTD.tite12",1.1,5.4,27.8,27.9,37.9,0.04
148,"OBD.tite12",35,25.8,19.2,14.3,5.7,
148,"MTD.bfet",,,,,,0.2
148,"OBD.bfet",46.9,27.8,16.5,6.8,1.7,
331,"MTD.ours0",35.32,47.34,13.3,2.5,0.24,1.3
331,"OBD.ours0",71.88,22.32,3.26,0.58,0.02,
331,"MTD.bf",35.88,46.44,13.72,2.32,0.32,1.32
331,"OBD.bf",71.6,22.36,3.9,0.48,0.04,
331,"MTD.ours1",36.02,45.8,14,2.66,0.38,1.14
331,"OBD.ours1",73.5,20.5,3.6,0.64,0,
331,"MTD.ours2",35.44,45.5,14.9,2.52,0.34,1.3
331,"OBD.ours2",72.6,21.44,3.62,0.36,0.06,
331,"MTD.ours3",35.3,46.76,13.2,2.98,0.5,1.26
331,"OBD.ours3",72.26,21,3.84,0.88,0.16,
331,"MTD.titeet",35.4,45.2,14.6,3.4,0.4,1.9
331,"OBD.titeet",60.6,24.7,9.5,2.8,0.5,
331,"MTD.tite12",8.7,29.3,33.1,16.7,11.6,0.58
331,"OBD.tite12",52,28.5,12.3,4.7,1.8,
331,"MTD.bfet",,,,,,5.9
331,"OBD.bfet",69.1,20,4.1,0.8,0.1,
266,"MTD.ours0",0.1,2.56,18.48,56.64,22.22,0
266,"OBD.ours0",4.64,12.32,19.3,52.92,7.52,
266,"MTD.bf",0.14,2.38,18.62,56,22.86,0
266,"OBD.bf",8.18,11.88,19.62,50.46,8.8,
266,"MTD.ours1",0.1,2.16,18.3,56.12,23.32,0
266,"OBD.ours1",5.42,12.04,19.38,52.12,8.26,
266,"MTD.ours2",0.06,2.56,18.12,55.4,23.86,0
266,"OBD.ours2",5.02,12.94,17.96,52.46,8.48,
266,"MTD.ours3",0.12,1.94,17.24,56.92,23.78,0
266,"OBD.ours3",4.52,12.02,18.22,51.38,10.98,
266,"MTD.titeet",0.1,2.1,20.6,57.5,19.6,0.8
266,"OBD.titeet",12.3,16.1,16.7,40.6,13.5,
266,"MTD.tite12",0,0.6,7.6,32.4,59.2,0.16
266,"OBD.tite12",10.5,13.2,16.2,42.4,17.5,
266,"MTD.bfet",,,,,,1.2
266,"OBD.bfet",9.9,12.1,17.6,50.2,9,
311,"MTD.ours0",34.48,47.94,14.04,2.16,0.28,1.1
311,"OBD.ours0",72.28,22.44,3.22,0.3,0.06,
311,"MTD.bf",35.44,47.6,13.32,2.16,0.2,1.28
311,"OBD.bf",72.04,21.5,4.06,0.7,0.04,
311,"MTD.ours1",35.44,46.22,14.54,2.22,0.3,1.28
311,"OBD.ours1",72.02,22.28,3.46,0.32,0.04,
311,"MTD.ours2",35.1,47.2,14.14,2.16,0.34,1.06
311,"OBD.ours2",72.92,21.54,3.46,0.44,0.04,
311,"MTD.ours3",35.02,47.08,13.74,2.58,0.32,1.26
311,"OBD.ours3",72.9,20.18,4.04,0.7,0.18,
311,"MTD.titeet",35.9,46.1,14.4,2.5,0.4,1.2
311,"OBD.titeet",61.2,25.2,9.4,2.5,0.5,
311,"MTD.tite12",9.3,29,33,16.4,11.8,0.5
311,"OBD.tite12",53.1,27.8,11.9,4.7,2,
311,"MTD.bfet",,,,,,1.5
311,"OBD.bfet",73.6,20.6,3.8,0.5,0,
168,"MTD.ours0",4.68,17.14,33.92,31.2,13,0.06
168,"OBD.ours0",44.52,29.3,17.82,6.88,1.34,
168,"MTD.bf",4.52,15.98,34.5,31.58,13.32,0.1
168,"OBD.bf",40.88,29.14,18.5,8.7,2.62,
168,"MTD.ours1",4.9,15.52,32.62,32.28,14.6,0.08
168,"OBD.ours1",43.88,28.2,18.08,8.14,1.62,
168,"MTD.ours2",5.4,16.46,33.4,30.58,14.02,0.14
168,"OBD.ours2",43.06,29.92,17.84,7.24,1.76,
168,"MTD.ours3",4.1,15.8,33.2,31.88,14.92,0.1
168,"OBD.ours3",41.7,28.04,18.26,9.72,2.12,
168,"MTD.titeet",16.1,30.1,30.1,18.1,5.5,0.1
168,"OBD.titeet",46.8,27.5,15.6,7.6,2.3,
168,"MTD.tite12",0.9,5.6,30,27.1,36.5,0.04
168,"OBD.tite12",35.2,27.3,19.5,12.5,5.4,
168,"MTD.bfet",,,,,,0.3
168,"OBD.bfet",44.3,29.3,16.9,7.4,1.9,
139,"MTD.ours0",0.18,5.48,41.18,38,15.12,0.04
139,"OBD.ours0",6.4,52.52,27.44,11.42,2.04,
139,"MTD.bf",0.14,5.86,41.82,37.58,14.6,0
139,"OBD.bf",6.88,52.1,27.74,10.62,2.62,
139,"MTD.ours1",0.08,5.9,38.94,38.62,16.46,0
139,"OBD.ours1",7.88,50.34,26.22,12.96,2.54,
139,"MTD.ours2",0.06,6.52,39.46,37.48,16.48,0
139,"OBD.ours2",7.28,52.06,26.38,11.84,2.38,
139,"MTD.ours3",0.16,6.18,39.52,36.82,17.32,0
139,"OBD.ours3",8.18,47.6,27.54,13.5,3.04,
139,"MTD.titeet",0.1,17.8,43.6,29.2,9.4,0.2
139,"OBD.titeet",16.6,42.6,23.4,12.7,4.5,
139,"MTD.tite12",0,2.4,17.2,36,44.3,0.08
139,"OBD.tite12",11.6,40.8,23.6,17.1,6.8,
139,"MTD.bfet",,,,,,0.2
139,"OBD.bfet",8.4,48.6,27.4,12.5,2.9,
110,"MTD.ours0",1.2,6.36,23.48,32.16,36.78,0.02
110,"OBD.ours0",4.88,45.66,25.96,17,6.14,
110,"MTD.bf",0.94,6.52,24.4,30.84,37.3,0
110,"OBD.bf",5.16,44.94,26.86,15.38,7.54,
110,"MTD.ours1",1.36,6.74,22.88,31.72,37.3,0
110,"OBD.ours1",5.44,44.44,25.96,17.74,6.18,
110,"MTD.ours2",1.3,6.36,24.02,30.64,37.68,0
110,"OBD.ours2",5.7,44.38,26.36,16.5,6.82,
110,"MTD.ours3",1.04,6.76,24,29.44,38.76,0
110,"OBD.ours3",5.44,42.28,26.22,18.1,7.68,
110,"MTD.titeet",0.3,22.5,33.7,27.3,16.2,0.2
110,"OBD.titeet",13,42.3,22.9,14.9,6.7,
110,"MTD.tite12",0.1,2.4,9.8,28.1,59.4,0.18
110,"OBD.tite12",8.3,35.4,24.3,19.6,12.2,
110,"MTD.bfet",,,,,,0.9
110,"OBD.bfet",7.1,43.6,25.3,16.5,6.7,
119,"MTD.ours0",0.02,6.38,42.54,36.08,14.98,0
119,"OBD.ours0",7.76,54.02,26.16,10.2,1.82,
119,"MTD.bf",0.14,6.18,41.32,37.36,15,0
119,"OBD.bf",6.3,51.02,28.1,11.28,3.26,
119,"MTD.ours1",0.16,6.34,40.88,37.08,15.54,0
119,"OBD.ours1",8.5,50.74,27.38,11.42,1.88,
119,"MTD.ours2",0.1,5.84,41.32,36.72,16.02,0
119,"OBD.ours2",8.02,51.6,26.8,10.94,2.5,
119,"MTD.ours3",0.16,6.2,40.7,36.9,16.04,0
119,"OBD.ours3",7.44,50.44,27.18,11.68,3.18,
119,"MTD.titeet",0,17.4,44.8,28.2,9.6,0.1
119,"OBD.titeet",18.4,40.8,23.8,12.8,4.1,
119,"MTD.tite12",0,2.4,17.4,35.7,44.4,0.06
119,"OBD.tite12",12.6,40.6,23.7,16.9,6.2,
119,"MTD.bfet",,,,,,0.1
119,"OBD.bfet",7.2,49.3,28.8,12.1,2.5,
150,"MTD.ours0",1.32,7.04,23.66,30.7,37.26,0.02
150,"OBD.ours0",5.24,45.44,26.04,16.18,6.74,
150,"MTD.bf",0.84,6.72,24.2,32.74,35.5,0
150,"OBD.bf",4.58,44.8,26.32,16.68,7.5,
150,"MTD.ours1",1.08,6.12,23.24,31.12,38.44,0
150,"OBD.ours1",5.22,44.14,25.98,17.02,7.42,
150,"MTD.ours2",1.14,6.62,23.88,31.2,37.14,0.02
150,"OBD.ours2",5.26,44.88,27,16.1,6.56,
150,"MTD.ours3",1.04,6.88,23.86,31.12,37.1,0
150,"OBD.ours3",5.24,44.02,25.94,16.46,8.06,
150,"MTD.titeet",0.3,22.5,33.5,26.1,17.7,0.4
150,"OBD.titeet",11.8,41.4,24.2,14.7,7.5,
150,"MTD.tite12",0.2,2,9.4,26.6,61.7,0.06
150,"OBD.tite12",7.9,33.5,24.4,21.3,12.8,
150,"MTD.bfet",,,,,,0.8
150,"OBD.bfet",7.1,45.7,26,14.9,5.6,
158,"MTD.ours0",5.1,16.5,34.64,30.96,12.7,0.1
158,"OBD.ours0",45.14,29.22,17.52,7.06,0.92,
158,"MTD.bf",4.44,16.26,33.28,32.8,13.12,0.1
158,"OBD.bf",40.86,28.7,18.84,8.9,2.56,
158,"MTD.ours1",4.94,14.88,32.14,33.26,14.7,0.08
158,"OBD.ours1",42.3,29,18.76,8.06,1.74,
158,"MTD.ours2",5.84,15.26,32.76,32.52,13.54,0.08
158,"OBD.ours2",43,27.58,19.58,8.32,1.36,
158,"MTD.ours3",4.4,15.9,32.16,32.78,14.66,0.1
158,"OBD.ours3",41.44,27.32,19.34,9.62,2.14,
158,"MTD.titeet",15.8,29.8,31.7,17.6,4.9,0.2
158,"OBD.titeet",44.1,28.3,16.8,8.3,2.3,
158,"MTD.tite12",0.8,6,28.7,29,35.5,0
158,"OBD.tite12",35,27.1,19.8,12.8,5.3,
158,"MTD.bfet",,,,,,0.5
158,"OBD.bfet",44.5,28,16.9,8.5,1.6,
138,"MTD.ours0",5.26,16.38,33.32,31.32,13.58,0.14
138,"OBD.ours0",45.78,28.72,16.58,7.34,1.4,
138,"MTD.bf",4.3,15.84,34,33.26,12.5,0.1
138,"OBD.bf",41.54,29.8,18.58,8.06,1.88,
138,"MTD.ours1",4.82,15.24,33.04,32.02,14.68,0.2
138,"OBD.ours1",44.06,28.58,17.82,7.44,1.86,
138,"MTD.ours2",5.6,15.38,32.04,32.48,14.4,0.1
138,"OBD.ours2",44.36,29.1,17.5,7.46,1.46,
138,"MTD.ours3",4.12,15.68,33.34,31.54,15.22,0.1
138,"OBD.ours3",41.42,27.92,18.82,9.5,2.2,
138,"MTD.titeet",17.2,29,30.6,17.7,5.3,0.1
138,"OBD.titeet",46.3,26.3,16.1,8.7,2.5,
138,"MTD.tite12",0.9,5.4,27.2,30.1,36.3,0.06
138,"OBD.tite12",34.4,27.8,18.9,13.7,5.2,
138,"MTD.bfet",,,,,,0.1
138,"OBD.bfet",43.5,29.8,16.9,7.7,1.9,
301,"MTD.ours0",37.2,45.3,13.08,2.5,0.34,1.58
301,"OBD.ours0",73.4,20.84,3.12,0.46,0.04,
301,"MTD.bf",36.56,46.14,13.3,2.4,0.3,1.3
301,"OBD.bf",71.92,21.58,4.22,0.64,0.04,
301,"MTD.ours1",35.22,45.76,14.62,2.74,0.46,1.2
301,"OBD.ours1",71.94,21.8,3.92,0.46,0.08,
301,"MTD.ours2",35.88,45.56,14.06,2.76,0.3,1.44
301,"OBD.ours2",72.72,21.16,3.58,0.5,0.02,
301,"MTD.ours3",35.72,46.12,13.52,3,0.34,1.3
301,"OBD.ours3",72.16,20.6,4.5,0.76,0.06,
301,"MTD.titeet",35.5,45.1,14.6,3.5,0.4,1.7
301,"OBD.titeet",60.3,24.8,9.2,3.4,0.6,
301,"MTD.tite12",9.5,28.9,32.9,16.1,11.8,0.74
301,"OBD.tite12",52.9,28,11.9,4.6,1.8,
301,"MTD.bfet",,,,,,3.4
301,"OBD.bfet",70.2,21.2,4.3,0.7,0.1,
118,"MTD.ours0",5.48,16.84,34.32,30.54,12.64,0.18
118,"OBD.ours0",45.52,28.84,17.22,7.04,1.16,
118,"MTD.bf",4.3,15.66,34.26,32.8,12.86,0.12
118,"OBD.bf",41.58,28.82,18.88,8.2,2.34,
118,"MTD.ours1",5.26,16.52,33.4,30.94,13.82,0.06
118,"OBD.ours1",46.68,27.44,17.2,7.32,1.28,
118,"MTD.ours2",4.98,16.82,33.94,30.86,13.34,0.06
118,"OBD.ours2",45,29.54,17.16,6.68,1.5,
118,"MTD.ours3",4.22,16.54,33.64,32.16,13.34,0.1
118,"OBD.ours3",42.02,28.14,17.98,9.28,2.4,
118,"MTD.titeet",17.3,30.4,30.5,16.7,5.2,0
118,"OBD.titeet",46.5,27.3,16.1,7.8,2.3,
118,"MTD.tite12",0.9,5.8,27.7,28.1,37.5,0.04
118,"OBD.tite12",35.7,25.4,19.9,13.8,5.2,
118,"MTD.bfet",,,,,,0.2
118,"OBD.bfet",46.2,27.9,16.5,7.2,1.9,
227,"MTD.ours0",3.24,35.1,43.92,14.46,3.26,0.02
227,"OBD.ours0",55.48,29.7,12.06,2.2,0.38,
227,"MTD.bf",2.76,34.9,44.44,15.06,2.84,0
227,"OBD.bf",51.4,31.22,13.56,3.18,0.6,
227,"MTD.ours1",2.56,34.72,44.72,14.64,3.32,0.04
227,"OBD.ours1",54.74,30.84,11.04,2.68,0.54,
227,"MTD.ours2",2.92,33.98,43.54,16.14,3.42,0
227,"OBD.ours2",53.5,31.2,12.2,2.56,0.38,
227,"MTD.ours3",2.64,34.1,44.24,15.92,3.1,0
227,"OBD.ours3",53.68,29.04,12.96,3.66,0.52,
227,"MTD.titeet",11.7,39.5,35.3,11,2.4,0.1
227,"OBD.titeet",50.9,28.2,13.8,5.4,1.6,
227,"MTD.tite12",0.7,11.6,38.9,26.4,22.1,0.18
227,"OBD.tite12",45.8,27.1,15.4,8.6,2.9,
227,"MTD.bfet",,,,,,0.3
227,"OBD.bfet",53.3,31.3,11.9,2.8,0.4,
159,"MTD.ours0",0.1,6.04,40.3,38.5,15.06,0
159,"OBD.ours0",7.7,52.24,26.96,11.02,1.92,
159,"MTD.bf",0.14,6.42,40.34,37.52,15.58,0
159,"OBD.bf",6.28,50.18,27.92,12.34,3.24,
159,"MTD.ours1",0.1,5.8,38.18,38,17.92,0
159,"OBD.ours1",7.86,50.62,26.96,11.94,2.52,
159,"MTD.ours2",0.06,5.98,39.28,37.76,16.92,0
159,"OBD.ours2",7.54,50.62,27.1,12.36,2.32,
159,"MTD.ours3",0.16,6.42,38.42,37.78,17.22,0
159,"OBD.ours3",10.08,47.72,26.56,12.74,2.78,
159,"MTD.titeet",0.1,17.6,45.2,27.5,9.5,0.1
159,"OBD.titeet",16,42.4,24.2,12.9,4.4,
159,"MTD.tite12",0,2.4,18.5,34.7,44.4,0.02
159,"OBD.tite12",11.9,40.3,25.6,15.6,6.7,
159,"MTD.bfet",,,,,,0.2
159,"OBD.bfet",10.5,46.9,26.4,13.7,2.3,
140,"MTD.ours0",1.44,6.66,24.4,31.12,36.36,0.02
140,"OBD.ours0",5.64,46.1,26.14,15.54,6.32,
140,"MTD.bf",0.94,6.56,24.56,30.6,37.34,0
140,"OBD.bf",5.22,45.06,26.78,15.3,7.52,
140,"MTD.ours1",1.1,6.7,23.3,31.24,37.64,0.02
140,"OBD.ours1",5.8,43.12,26.36,17.4,7,
140,"MTD.ours2",1.18,6.78,23.3,30.62,38.12,0
140,"OBD.ours2",5.84,44.62,24.94,17.08,7.4,
140,"MTD.ours3",1.04,6.58,23.66,29.44,39.28,0
140,"OBD.ours3",5.6,41.86,26.6,17.92,7.74,
140,"MTD.titeet",0.4,22.4,32.8,27.8,16.6,0.4
140,"OBD.titeet",12.5,42,22.2,16.1,6.9,
140,"MTD.tite12",0.2,2.3,9.8,26.6,61.2,0
140,"OBD.tite12",8.7,33.7,23.2,20.9,13.5,
140,"MTD.bfet",,,,,,1
140,"OBD.bfet",7.2,44.1,25.3,16.5,5.9,
169,"MTD.ours0",0.1,6.1,40.58,37.96,15.26,0
169,"OBD.ours0",7.74,51.48,27.44,11.24,1.98,
169,"MTD.bf",0.14,6.36,40.7,37.5,15.3,0
169,"OBD.bf",6.24,50.64,28.46,11.58,3.04,
169,"MTD.ours1",0.16,5.98,39.1,37.78,16.98,0
169,"OBD.ours1",7.9,50.5,27,12.06,2.48,
169,"MTD.ours2",0.12,6.92,39.04,37.06,16.84,0.02
169,"OBD.ours2",7.34,51.82,26.92,11.52,2.28,
169,"MTD.ours3",0.16,6.12,40.18,36.38,17.16,0
169,"OBD.ours3",8.04,48.44,27.36,13.04,2.98,
169,"MTD.titeet",0,16.7,44.9,28.7,9.6,0.1
169,"OBD.titeet",16.9,42.9,23.2,12.6,4.3,
169,"MTD.tite12",0,2.4,17.3,35.4,44.9,0.02
169,"OBD.tite12",11.2,40.6,25,16.7,6.5,
169,"MTD.bfet",,,,,,0.2
169,"OBD.bfet",9.2,48.7,27,12.4,2.5,
256,"MTD.ours0",0.06,2.34,18.6,56.1,22.9,0
256,"OBD.ours0",4.7,12.02,19.92,52.54,7.86,
256,"MTD.bf",0.14,2.54,18.14,56.3,22.88,0
256,"OBD.bf",8.02,11.74,19.42,51.06,8.7,
256,"MTD.ours1",0.22,1.96,18.66,55.02,24.14,0
256,"OBD.ours1",5.24,12.9,18.38,52.48,8.5,
256,"MTD.ours2",0.16,2.64,18.98,54.12,24.1,0
256,"OBD.ours2",5.56,11.78,19.22,52.38,8.28,
256,"MTD.ours3",0.16,2.2,18.52,55.44,23.68,0
256,"OBD.ours3",4.36,12.14,19.1,50.92,11.08,
256,"MTD.titeet",0.1,1.9,20.2,59.3,18.5,0.6
256,"OBD.titeet",12.2,14.9,16.3,42,14,
256,"MTD.tite12",0,0.6,8.1,31.5,59.5,0.36
256,"OBD.tite12",10,14,15.5,42.8,17.4,
256,"MTD.bfet",,,,,,1.1
256,"OBD.bfet",10.1,12.4,17.6,50.2,8.6,
170,"MTD.ours0",1.34,7.14,23.38,32.12,36.02,0
170,"OBD.ours0",6.48,45,26.22,16.16,5.96,
170,"MTD.bf",0.94,6.46,23.72,33.12,35.76,0
170,"OBD.bf",4.72,44.28,26.66,16.96,7.26,
170,"MTD.ours1",1.34,7,21.9,31.2,38.54,0.02
170,"OBD.ours1",5.8,44.16,26.84,16,6.98,
170,"MTD.ours2",1.28,6.52,24.22,30.62,37.32,0.04
170,"OBD.ours2",5.84,45.22,25.38,16.34,6.92,
170,"MTD.ours3",1.02,6.86,23.32,29.52,39.28,0
170,"OBD.ours3",5.24,42.38,26.96,17.5,7.66,
170,"MTD.titeet",0.3,21.5,34.9,26.2,17.1,0.3
170,"OBD.titeet",12.4,42,24.2,14.1,7,
170,"MTD.tite12",0.1,2.2,9,27.1,61.5,0.02
170,"OBD.tite12",7.3,34,24.1,21.3,13.3,
170,"MTD.bfet",,,,,,1.1
170,"OBD.bfet",7.7,44.7,24.8,16.3,5.3,
120,"MTD.ours0",1.18,6.4,24.02,31.1,37.28,0.02
120,"OBD.ours0",5.74,44.98,26.94,15.58,6.54,
120,"MTD.bf",0.84,6.72,24.24,32.66,35.54,0
120,"OBD.bf",4.56,44.76,26.34,16.72,7.5,
120,"MTD.ours1",0.82,7.26,22.62,32.24,37.06,0
120,"OBD.ours1",5.14,44.76,26.06,16.7,7.1,
120,"MTD.ours2",1.42,6.34,23.28,32.16,36.8,0
120,"OBD.ours2",5.16,45.42,26.6,15.98,6.54,
120,"MTD.ours3",1.04,6.78,24.22,31.34,36.62,0
120,"OBD.ours3",4.92,44.24,25.84,16.76,7.96,
120,"MTD.titeet",0.2,22.7,34.4,26.7,16,0.4
120,"OBD.titeet",13.3,41.8,23,14.5,7,
120,"MTD.tite12",0.1,2.5,9.9,26.2,61.1,0.08
120,"OBD.tite12",7.7,35,23.7,20.8,12.8,
120,"MTD.bfet",,,,,,0.7
120,"OBD.bfet",7.1,45.4,26,15.1,5.7,
108,"MTD.ours0",4.74,15.4,33.52,32.02,14.12,0.2
108,"OBD.ours0",43.7,29.68,17.46,7.46,1.46,
108,"MTD.bf",4.28,15.8,33.9,33.38,12.54,0.1
108,"OBD.bf",41.5,29.82,18.68,8.06,1.8,
108,"MTD.ours1",5.26,15.62,32.8,31.96,14.26,0.1
108,"OBD.ours1",43.52,28.58,18,7.98,1.78,
108,"MTD.ours2",5.16,16.5,32.34,31.38,14.54,0.08
108,"OBD.ours2",43.2,29.34,17.98,8.06,1.28,
108,"MTD.ours3",4.12,15.64,33.68,31.22,15.24,0.1
108,"OBD.ours3",41.28,28.06,18.82,9.42,2.28,
108,"MTD.titeet",16.2,31.1,31.5,16.7,4.5,0
108,"OBD.titeet",45.4,27.3,16.6,8.3,2.3,
108,"MTD.tite12",1,5.7,29.1,28.2,36.1,0
108,"OBD.tite12",36.4,26.7,18.8,12.7,5.3,
108,"MTD.bfet",,,,,,0.1
108,"OBD.bfet",43.5,29.3,17,8.1,1.9,
267,"MTD.ours0",2.76,35,45.18,14.2,2.86,0
267,"OBD.ours0",53.88,31.3,12.2,2.26,0.28,
267,"MTD.bf",2.64,34.74,45.04,14.6,2.98,0
267,"OBD.bf",51.64,31.64,12.8,3.12,0.76,
267,"MTD.ours1",2.96,34.44,45.84,14.3,2.46,0
267,"OBD.ours1",56.28,30.14,11.24,2.1,0.18,
267,"MTD.ours2",2.82,34.72,45.52,14.04,2.9,0
267,"OBD.ours2",56.12,29.74,11.64,2.18,0.22,
267,"MTD.ours3",2.36,34.24,44.66,15.32,3.42,0
267,"OBD.ours3",53.88,29.34,12.42,3.36,0.84,
267,"MTD.titeet",12.4,39.1,35.2,11.4,1.9,0.1
267,"OBD.titeet",53.3,25.7,14,5.7,1.2,
267,"MTD.tite12",1,12.3,39,25.3,22.2,0.16
267,"OBD.tite12",44.9,29,16.3,7,2.6,
267,"MTD.bfet",,,,,,0.1
267,"OBD.bfet",55.2,31.1,10.9,2.2,0.4,
242,"MTD.ours0",3.06,34.66,44.78,14.64,2.86,0
242,"OBD.ours0",16.92,57.7,20.5,3.34,0.64,
242,"MTD.bf",2.58,34.64,44.46,14.9,3.42,0
242,"OBD.bf",15.36,57.12,21.22,5.04,0.78,
242,"MTD.ours1",2.8,33.58,44.2,15.46,3.94,0.02
242,"OBD.ours1",18.02,56,20.72,3.72,0.58,
242,"MTD.ours2",3.28,33.46,44.74,15.26,3.24,0.02
242,"OBD.ours2",18.02,54.96,21.7,3.92,0.54,
242,"MTD.ours3",2.68,34.2,42.88,16.06,4.18,0
242,"OBD.ours3",17.96,54.12,21.42,4.76,0.8,
242,"MTD.titeet",1.9,41.3,40.6,14,2.2,1.1
242,"OBD.titeet",21.2,46.2,21.3,8.1,2.1,
242,"MTD.tite12",0.5,11.2,29.7,30.3,28,0.36
242,"OBD.tite12",17,43,23.9,11.6,4.1,
242,"MTD.bfet",,,,,,1.8
242,"OBD.bfet",20,51.8,20.4,5.3,0.7,
184,"MTD.ours0",0.02,0.4,2.88,27.14,69.56,0
184,"OBD.ours0",1.6,5.78,10.7,59.54,21.94,
184,"MTD.bf",0,0.26,2.98,26.36,70.4,0
184,"OBD.bf",3.86,6.64,10.98,56.44,21.9,
184,"MTD.ours1",0,0.28,2.66,27.44,69.62,0
184,"OBD.ours1",2.14,6.74,11.62,57.48,21.42,
184,"MTD.ours2",0.02,0.2,3.04,25.9,70.84,0
184,"OBD.ours2",2.5,6.68,11.38,57.82,21.28,
184,"MTD.ours3",0,0.26,2.56,25.82,71.36,0
184,"OBD.ours3",2.04,6.88,13.98,54.52,22.14,
184,"MTD.titeet",0,0.2,2.6,38.5,58.7,0.1
184,"OBD.titeet",8.8,13,14.6,42.4,21.1,
184,"MTD.tite12",0,0.1,1.5,12.2,86.1,0.08
184,"OBD.tite12",6.4,10.4,10.9,49.2,23,
184,"MTD.bfet",,,,,,0.2
184,"OBD.bfet",3.2,6.8,12,55.9,22,
197,"MTD.ours0",3.1,36.02,44.2,13.58,3.08,0.02
197,"OBD.ours0",55.1,29.84,12.62,2.06,0.22,
197,"MTD.bf",2.76,34.94,44.46,14.92,2.92,0
197,"OBD.bf",51.48,31.32,13.42,3.16,0.58,
197,"MTD.ours1",3.16,34.94,43.68,14.82,3.4,0
197,"OBD.ours1",54.72,29.92,12.04,2.56,0.58,
197,"MTD.ours2",3.26,34.72,43.86,14.74,3.4,0.02
197,"OBD.ours2",54.14,31.06,11.96,2.18,0.46,
197,"MTD.ours3",2.64,34.2,44.24,15.92,3,0
197,"OBD.ours3",54.36,28.94,12.56,3.56,0.46,
197,"MTD.titeet",11.5,39.8,35.4,11.4,1.8,0.1
197,"OBD.titeet",51.2,28.1,14.2,5.1,1.2,
197,"MTD.tite12",0.7,12.6,38.3,25.4,22.8,0.14
197,"OBD.tite12",45.5,28.4,15.9,7,3,
197,"MTD.bfet",,,,,,0.2
197,"OBD.bfet",51.1,32.6,12.6,2.9,0.5,
237,"MTD.ours0",2.78,35.36,44.38,14.44,3.04,0
237,"OBD.ours0",54.66,31.04,12.08,1.9,0.24,
237,"MTD.bf",2.64,34.72,45.12,14.58,2.94,0
237,"OBD.bf",51.7,31.62,12.8,3.1,0.74,
237,"MTD.ours1",3.08,34.02,45.04,14.8,3.06,0
237,"OBD.ours1",55.74,29.56,12.1,2.32,0.18,
237,"MTD.ours2",2.48,35.54,45.02,14.02,2.94,0
237,"OBD.ours2",54.92,30.74,11.72,2.32,0.2,
237,"MTD.ours3",2.32,34.56,44.84,14.86,3.42,0
237,"OBD.ours3",53.88,29.4,12.48,3.3,0.78,
237,"MTD.titeet",12.2,40.6,35.1,10.1,1.9,0.1
237,"OBD.titeet",51.3,28.4,14.1,4.9,1.2,
237,"MTD.tite12",0.7,11.7,37.9,26.7,22.8,0.1
237,"OBD.tite12",45,27.1,16.9,7.9,3.1,
237,"MTD.bfet",,,,,,0.1
237,"OBD.bfet",54.7,31,11.3,2.3,0.5,
207,"MTD.ours0",2.82,36.38,43.42,14.46,2.92,0
207,"OBD.ours0",54.42,30.6,12.34,2.18,0.34,
207,"MTD.bf",2.64,34.72,45.12,14.58,2.94,0
207,"OBD.bf",51.68,31.62,12.8,3.12,0.74,
207,"MTD.ours1",2.98,34.72,44.86,14.9,2.54,0
207,"OBD.ours1",55.52,30.1,12.16,2.06,0.12,
207,"MTD.ours2",2.68,35.12,45.18,14.3,2.72,0
207,"OBD.ours2",55.1,30.38,12,2.28,0.12,
207,"MTD.ours3",2.36,34.2,45.08,15,3.36,0
207,"OBD.ours3",53.42,29.76,12.64,3.26,0.78,
207,"MTD.titeet",12.5,39.7,34.6,11.1,2,0.1
207,"OBD.titeet",52.4,27.6,13.5,5.1,1.2,
207,"MTD.tite12",1,12.6,38.2,25.7,22.4,0.08
207,"OBD.tite12",45.7,28.4,15.2,7.5,3.1,
207,"MTD.bfet",,,,,,0.1
207,"OBD.bfet",53.1,31.4,12.3,2.6,0.5,
212,"MTD.ours0",3.18,33.78,45.54,14.1,3.38,0.02
212,"OBD.ours0",16.72,57.86,20.56,3.46,0.44,
212,"MTD.bf",2.66,35.22,44.12,14.82,3.18,0
212,"OBD.bf",16.18,57.08,21.1,4.18,0.92,
212,"MTD.ours1",3.02,34.34,42.7,16.28,3.64,0.02
212,"OBD.ours1",17.24,57.26,19.82,4.28,0.4,
212,"MTD.ours2",3.18,34.22,43.3,15.62,3.66,0.02
212,"OBD.ours2",17.74,55.96,20.56,4.08,0.66,
212,"MTD.ours3",2.72,34,43.16,15.84,4.28,0
212,"OBD.ours3",17.58,55.02,20.78,4.76,0.84,
212,"MTD.titeet",2.1,40.8,40.1,14.3,2.6,1.5
212,"OBD.titeet",19.7,47.8,21.4,8.1,1.7,
212,"MTD.tite12",0.4,11.6,31.2,29.8,26.7,0.34
212,"OBD.tite12",17.5,42,24.4,11.2,4.5,
212,"MTD.bfet",,,,,,1.6
212,"OBD.bfet",19.1,52.5,21.3,5,0.6,
187,"MTD.ours0",2.86,35.06,42.6,15.82,3.64,0.02
187,"OBD.ours0",53.78,30.34,12.84,2.48,0.44,
187,"MTD.bf",2.52,35.04,44.16,15.12,3.16,0
187,"OBD.bf",50.92,31.68,13.84,2.92,0.58,
187,"MTD.ours1",3.48,33.7,42.14,16.5,4.16,0.02
187,"OBD.ours1",53.92,29.66,12.68,3.1,0.48,
187,"MTD.ours2",2.82,33.98,42.58,16.48,4.12,0.02
187,"OBD.ours2",51.62,31.7,12.94,3.2,0.4,
187,"MTD.ours3",2.58,33.72,42.78,16.46,4.46,0
187,"OBD.ours3",52.18,29.92,13.44,3.62,0.64,
187,"MTD.titeet",11.7,40.3,35.3,10.4,2.2,0.1
187,"OBD.titeet",50.1,28.1,14.4,5.6,1.8,
187,"MTD.tite12",0.9,11.6,40.1,25.1,22.2,0.1
187,"OBD.tite12",44.5,29.7,15.1,7.5,3,
187,"MTD.bfet",,,,,,0.2
187,"OBD.bfet",50.2,31.8,13.4,3.7,0.7,
194,"MTD.ours0",0,0.26,2.78,25.34,71.62,0
194,"OBD.ours0",2.18,4.98,10.58,59.98,21.86,
194,"MTD.bf",0,0.32,2.48,27.08,70.12,0
194,"OBD.bf",2.68,4.9,10.32,59.04,22.88,
194,"MTD.ours1",0,0.36,2.52,26.32,70.8,0
194,"OBD.ours1",1.84,5.56,10.72,58.64,22.84,
194,"MTD.ours2",0.06,0.24,2.9,25.94,70.86,0
194,"OBD.ours2",1.82,6.26,10.9,58.52,22.02,
194,"MTD.ours3",0,0.26,2.48,26.6,70.66,0
194,"OBD.ours3",1.74,5.46,10.52,57.4,24.36,
194,"MTD.titeet",0,0.2,2.9,38.1,58.8,0
194,"OBD.titeet",9,14.2,14.1,42.3,20.5,
194,"MTD.tite12",0,0.1,1.3,12.3,86.3,0.04
194,"OBD.tite12",7.1,10.6,12.2,47.3,22.6,
194,"MTD.bfet",,,,,,0.2
194,"OBD.bfet",3.1,5.9,10.8,55.9,24.1,
257,"MTD.ours0",3.02,36.08,44.06,13.86,2.98,0
257,"OBD.ours0",55.2,30.66,11.84,1.94,0.24,
257,"MTD.bf",2.76,34.32,45.04,14.88,3,0
257,"OBD.bf",51.08,31.46,13.8,3,0.64,
257,"MTD.ours1",2.88,33,44.7,15.54,3.86,0.02
257,"OBD.ours1",55.18,29.16,12.28,2.86,0.44,
257,"MTD.ours2",2.52,33.76,44.98,15.32,3.4,0.02
257,"OBD.ours2",55.58,28.68,12.38,2.72,0.48,
257,"MTD.ours3",2.62,34.54,43.66,15.72,3.46,0
257,"OBD.ours3",53.86,29.1,12.86,3.48,0.58,
257,"MTD.titeet",10.7,40,35.9,11.2,2.1,0.2
257,"OBD.titeet",50.2,28.6,14.3,5.5,1.2,
257,"MTD.tite12",0.6,12,39.8,25.6,21.8,0.1
257,"OBD.tite12",44.6,28.5,16.3,8.1,2.4,
257,"MTD.bfet",,,,,,0.4
257,"OBD.bfet",54.3,30.5,11.7,2.7,0.3,
180,"MTD.ours0",1.06,6.62,23.42,32.18,36.72,0
180,"OBD.ours0",5.26,45.22,26.7,16.2,6.46,
180,"MTD.bf",0.84,6.74,24.26,32.66,35.5,0
180,"OBD.bf",4.6,44.76,26.36,16.68,7.48,
180,"MTD.ours1",1.04,7.08,21.9,31.2,38.76,0.02
180,"OBD.ours1",5.14,45.02,26.24,16.44,6.82,
180,"MTD.ours2",1.5,6.34,22.92,31.46,37.78,0
180,"OBD.ours2",5.7,44.44,25.94,16.56,7.08,
180,"MTD.ours3",1.04,6.92,23.86,31.3,36.88,0
180,"OBD.ours3",5.22,43.94,26.16,16.4,8,
180,"MTD.titeet",0.2,22.5,34.1,26.5,16.7,0.3
180,"OBD.titeet",11.7,43.4,24.2,13.7,6.8,
180,"MTD.tite12",0.1,2.4,9.1,27,61.3,0.06
180,"OBD.tite12",8.4,34.3,23.4,20.7,13.2,
180,"MTD.bfet",,,,,,0.9
180,"OBD.bfet",7.9,46.1,25.7,14.4,5,
216,"MTD.ours0",0.1,2.5,19.04,53.54,24.82,0
216,"OBD.ours0",4.92,13.08,19.18,51.86,7.98,
216,"MTD.bf",0.14,2.66,18.14,55.7,23.36,0
216,"OBD.bf",7.96,11.96,19.86,49.9,9.24,
216,"MTD.ours1",0.08,2.36,19.2,52.58,25.78,0
216,"OBD.ours1",5.52,12.56,19.54,51.06,8.84,
216,"MTD.ours2",0.12,2.64,18.36,53.14,25.74,0
216,"OBD.ours2",5.24,12.82,19.6,50.76,9.32,
216,"MTD.ours3",0.12,2.62,18.4,53.44,25.42,0
216,"OBD.ours3",4.86,13.28,20.94,48.42,9.8,
216,"MTD.titeet",0,1.8,18.5,59.3,20.3,0.2
216,"OBD.titeet",10.9,14.9,16,43.8,14.3,
216,"MTD.tite12",0,0.8,7.8,32.4,58.8,0.22
216,"OBD.tite12",10.8,14.1,15.2,43.2,16.6,
216,"MTD.bfet",,,,,,0.8
216,"OBD.bfet",8.6,12,17.3,51.9,9.3,
321,"MTD.ours0",35.56,46.56,13.86,2.56,0.26,1.2
321,"OBD.ours0",72.66,21.9,3.44,0.34,0,
321,"MTD.bf",35.4,47.64,13.36,2.2,0.12,1.28
321,"OBD.bf",71.92,21.9,3.92,0.52,0.06,
321,"MTD.ours1",35.82,46.26,13.88,2.5,0.22,1.32
321,"OBD.ours1",72.86,21.76,3,0.46,0.04,
321,"MTD.ours2",34.28,47.74,14.24,1.94,0.44,1.36
321,"OBD.ours2",71.68,22.14,3.8,0.38,0.06,
321,"MTD.ours3",35.46,47.62,12.94,2.48,0.24,1.26
321,"OBD.ours3",72.94,20.6,3.68,0.68,0.08,
321,"MTD.titeet",36.7,46.1,13.2,3.1,0.3,1.1
321,"OBD.titeet",61.4,26.1,8.7,2.3,0.4,
321,"MTD.tite12",9.4,27.8,34,16.2,12,0.56
321,"OBD.tite12",53.1,26.8,12.8,5.1,1.7,
321,"MTD.bfet",,,,,,1
321,"OBD.bfet",73.4,21.5,3.4,0.5,0.2,
234,"MTD.ours0",0.04,0.44,2.56,26.32,70.64,0
234,"OBD.ours0",1.98,5.56,10.24,60.54,21.3,
234,"MTD.bf",0,0.3,2.46,27.52,69.72,0
234,"OBD.bf",2.18,4.76,10.1,59.56,23.22,
234,"MTD.ours1",0,0.26,2.88,26.74,70.12,0
234,"OBD.ours1",2,6.08,11.14,57.58,22.7,
234,"MTD.ours2",0,0.32,3.06,26.5,70.12,0
234,"OBD.ours2",2.14,6.14,10.88,57.96,22.46,
234,"MTD.ours3",0,0.26,2.46,26.26,71.02,0
234,"OBD.ours3",1.84,5.6,10.06,56.28,25.9,
234,"MTD.titeet",0,0.3,3.7,42,54,0.1
234,"OBD.titeet",9.7,12.9,15,43.2,19,
234,"MTD.tite12",0,0.2,1.3,12.9,85.7,0.04
234,"OBD.tite12",7,10.1,11.8,49.3,21.7,
234,"MTD.bfet",,,,,,0.3
234,"OBD.bfet",4,6.6,11.3,55.4,22.4,
214,"MTD.ours0",0,0.3,2.82,27.92,68.96,0
214,"OBD.ours0",1.7,5.4,10.5,61.16,20.94,
214,"MTD.bf",0,0.26,2.7,27.64,69.4,0
214,"OBD.bf",2.7,4.98,10.16,58.92,23.08,
214,"MTD.ours1",0.02,0.26,2.98,26.54,70.2,0
214,"OBD.ours1",1.54,5.98,12.38,58.12,21.68,
214,"MTD.ours2",0.02,0.34,2.9,27.2,69.54,0
214,"OBD.ours2",1.88,6.38,11.52,59.14,20.7,
214,"MTD.ours3",0,0.22,2.78,26.78,70.22,0
214,"OBD.ours3",1.92,6.54,14.22,54.4,22.44,
214,"MTD.titeet",0,0.3,2.8,39.1,57.8,0.1
214,"OBD.titeet",8.4,13.1,13.8,43.5,21.1,
214,"MTD.tite12",0,0.2,1.3,12.7,85.8,0.06
214,"OBD.tite12",6.5,10.1,11.6,48.6,23.2,
214,"MTD.bfet",,,,,,0.2
214,"OBD.bfet",3.6,7.3,13,57,18.9,
246,"MTD.ours0",0.16,2.26,19.5,54.98,23.1,0
246,"OBD.ours0",5.36,12.76,20.16,51.22,7.5,
246,"MTD.bf",0.14,2.6,18.42,55.36,23.48,0
246,"OBD.bf",8.14,12.2,19.64,50.06,8.88,
246,"MTD.ours1",0.12,2.4,18.28,54.7,24.5,0
246,"OBD.ours1",5.54,12.98,19.78,50.96,8.24,
246,"MTD.ours2",0.04,2.6,19.08,53.2,25.08,0
246,"OBD.ours2",5.18,13.34,19.16,50.12,9.18,
246,"MTD.ours3",0.12,2.66,17.82,55.38,24.02,0
246,"OBD.ours3",4.58,12.5,20.7,49.76,9.62,
246,"MTD.titeet",0.1,1.6,18.6,59.4,20.3,0.3
246,"OBD.titeet",11.5,14.7,16,42.9,14.7,
246,"MTD.tite12",0,0.8,8.1,32.5,58.5,0.1
246,"OBD.tite12",9.9,13.9,15.9,43.3,16.8,
246,"MTD.bfet",,,,,,0.9
246,"OBD.bfet",8.8,12.7,17.8,50.9,8.8,
291,"MTD.ours0",35.72,46.64,13.68,2.52,0.28,1.16
291,"OBD.ours0",73.12,21.6,3.28,0.4,0.02,
291,"MTD.bf",35.4,47.64,13.36,2.2,0.12,1.28
291,"OBD.bf",71.92,21.9,3.92,0.52,0.06,
291,"MTD.ours1",35.74,47.34,12.66,2.74,0.26,1.26
291,"OBD.ours1",72.56,22.04,3.38,0.42,0.06,
291,"MTD.ours2",35.6,47.66,13,2.22,0.3,1.22
291,"OBD.ours2",73.1,21.72,3.22,0.4,0.04,
291,"MTD.ours3",35.46,47.86,12.66,2.54,0.22,1.26
291,"OBD.ours3",72.92,20.66,3.7,0.66,0.08,
291,"MTD.titeet",37.2,47.3,12.2,2.6,0.3,0.9
291,"OBD.titeet",63,25.4,8.5,1.9,0.3,
291,"MTD.tite12",10.5,27.8,33,16.4,11.8,0.66
291,"OBD.tite12",53.3,27.5,11.8,5,1.7,
291,"MTD.bfet",,,,,,0.8
291,"OBD.bfet",72.6,21.9,3.8,0.7,0.2,
264,"MTD.ours0",0.04,0.34,2.44,26.68,70.5,0
264,"OBD.ours0",1.76,5.76,10.52,58.88,22.62,
264,"MTD.bf",0,0.3,2.46,27.58,69.66,0
264,"OBD.bf",2.18,4.76,10.1,59.54,23.24,
264,"MTD.ours1",0.04,0.32,2.7,25.92,71.02,0
264,"OBD.ours1",2.4,5.6,10.76,57.86,22.8,
264,"MTD.ours2",0,0.36,2.7,26.86,70.08,0
264,"OBD.ours2",2.1,6.56,10.74,58.46,21.8,
264,"MTD.ours3",0,0.24,2.58,25.98,71.2,0
264,"OBD.ours3",1.76,5.7,10.02,56.46,25.72,
264,"MTD.titeet",0,0.3,3.7,43,53,0.1
264,"OBD.titeet",8.3,14.1,13.9,44.9,18.8,
264,"MTD.tite12",0,0.1,1.6,12.5,85.8,0.02
264,"OBD.tite12",7,10.7,11.8,47.8,22.7,
264,"MTD.bfet",,,,,,0.3
264,"OBD.bfet",4.2,6.9,11.8,56,20.8,
254,"MTD.ours0",0.04,0.22,2.66,26.66,70.42,0
254,"OBD.ours0",1.36,5.78,10.62,60.28,21.6,
254,"MTD.bf",0,0.28,2.64,27.6,69.48,0
254,"OBD.bf",2.24,5.02,10.48,59.36,22.7,
254,"MTD.ours1",0.02,0.4,2.48,27.6,69.5,0
254,"OBD.ours1",1.94,6.04,10.58,59,21.98,
254,"MTD.ours2",0.02,0.3,2.86,26.4,70.42,0
254,"OBD.ours2",1.76,5.88,10.72,60.02,21.12,
254,"MTD.ours3",0,0.26,2.6,26.8,70.34,0
254,"OBD.ours3",1.5,5.56,10.28,57.46,24.68,
254,"MTD.titeet",0,0.3,3.1,40,56.6,0.1
254,"OBD.titeet",8.3,13.4,13.8,43.7,20.7,
254,"MTD.tite12",0,0.1,1.5,12.6,85.7,0
254,"OBD.tite12",6.7,10.2,11.5,48.2,23.4,
254,"MTD.bfet",,,,,,0.2
254,"OBD.bfet",4.1,7.3,12.1,56.4,19.9,
224,"MTD.ours0",0.02,0.34,2.68,26.5,70.46,0
224,"OBD.ours0",2.24,5.08,10.82,59.82,21.64,
224,"MTD.bf",0,0.32,2.48,27.04,70.16,0
224,"OBD.bf",2.62,4.94,10.26,59.1,22.9,
224,"MTD.ours1",0,0.38,2.8,26.04,70.78,0
224,"OBD.ours1",1.82,5.9,11.06,58.96,21.78,
224,"MTD.ours2",0,0.3,2.58,27.42,69.7,0
224,"OBD.ours2",1.98,5.4,11.52,57.78,22.82,
224,"MTD.ours3",0,0.26,2.46,26.8,70.48,0
224,"OBD.ours3",1.66,5.5,10.64,57.56,24.12,
224,"MTD.titeet",0,0.2,3.3,40.7,55.8,0.1
224,"OBD.titeet",8.4,14,14.3,43.5,19.7,
224,"MTD.tite12",0,0.1,1.2,12.5,86.2,0.04
224,"OBD.tite12",6.5,10,12.6,48.7,22.2,
224,"MTD.bfet",,,,,,0.2
224,"OBD.bfet",3.4,6.7,10.8,56.9,21.9,
217,"MTD.ours0",2.58,34.34,44.14,15.34,3.56,0.04
217,"OBD.ours0",53.84,30.54,12.38,2.8,0.32,
217,"MTD.bf",2.76,34.88,44.28,14.78,3.3,0
217,"OBD.bf",51.4,31.16,13.58,3.16,0.66,
217,"MTD.ours1",2.66,31.96,44.86,16.32,4.2,0
217,"OBD.ours1",53.36,30.7,12.66,2.7,0.5,
217,"MTD.ours2",3.3,32.16,42.7,17.66,4.18,0
217,"OBD.ours2",52.94,30.12,12.86,3.58,0.4,
217,"MTD.ours3",2.48,33.46,43.82,15.82,4.42,0
217,"OBD.ours3",52.28,30.12,13,3.74,0.7,
217,"MTD.titeet",11.5,40.2,35.1,11.1,2.1,0.1
217,"OBD.titeet",50.7,29.3,13.3,5.2,1.4,
217,"MTD.tite12",0.7,11.3,40.3,26,21.6,0.08
217,"OBD.tite12",44.5,28.8,16,7.5,3.1,
217,"MTD.bfet",,,,,,0.3
217,"OBD.bfet",51.6,31.4,12.6,3.6,0.5,
351,"MTD.ours0",36.04,47.14,13.2,2.22,0.22,1.18
351,"OBD.ours0",73.42,21.5,3.02,0.34,0.04,
351,"MTD.bf",35.4,47.56,13.42,2.22,0.12,1.28
351,"OBD.bf",71.9,21.9,3.92,0.54,0.06,
351,"MTD.ours1",33.94,47.4,14.36,2.42,0.36,1.52
351,"OBD.ours1",71.92,21.88,3.82,0.3,0.06,
351,"MTD.ours2",33.84,48.28,14.06,2.08,0.36,1.38
351,"OBD.ours2",71.72,22.14,3.84,0.34,0.04,
351,"MTD.ours3",35.6,47.68,12.84,2.46,0.16,1.26
351,"OBD.ours3",73.3,20.44,3.66,0.6,0.04,
351,"MTD.titeet",36.5,46.3,13.1,3,0.4,1.4
351,"OBD.titeet",61,26.5,8.6,2.2,0.3,
351,"MTD.tite12",8.5,29.2,33.4,16.6,11.7,0.6
351,"OBD.tite12",52.4,29.7,11.2,4.4,1.8,
351,"MTD.bfet",,,,,,1.5
351,"OBD.bfet",73.8,20.8,3.3,0.5,0.1,
247,"MTD.ours0",3.28,35.82,43.42,14.76,2.72,0
247,"OBD.ours0",55.16,30.12,11.76,2.66,0.2,
247,"MTD.bf",2.64,34.82,44.16,15.28,3.1,0
247,"OBD.bf",50.9,31.08,13.86,3.44,0.68,
247,"MTD.ours1",3.24,33.84,43.22,16.08,3.6,0.02
247,"OBD.ours1",54.78,29.24,12.66,2.76,0.4,
247,"MTD.ours2",2.7,34.42,43.22,16.28,3.34,0.04
247,"OBD.ours2",53.92,30.32,12.88,2.44,0.32,
247,"MTD.ours3",2.56,34.06,42.92,16.56,3.9,0
247,"OBD.ours3",52.28,29.9,13.4,3.62,0.6,
247,"MTD.titeet",10.6,40.8,35.8,10.8,2,0.1
247,"OBD.titeet",49.7,28.9,14.4,5.2,1.8,
247,"MTD.tite12",0.8,11.8,40.5,25.5,21.2,0.16
247,"OBD.tite12",44.7,28.7,16.5,7.2,2.7,
247,"MTD.bfet",,,,,,0.6
247,"OBD.bfet",52.1,31.2,11.8,3.8,0.5,
183,"MTD.ours0",0.16,2.72,23.26,54.14,19.72,0
183,"OBD.ours0",2.2,6.34,63.1,22.84,4.42,
183,"MTD.bf",0.14,2.62,22.32,56.44,18.48,0
183,"OBD.bf",3.22,6.36,61.58,23.02,5.04,
183,"MTD.ours1",0.12,2.42,24.24,51.66,21.56,0
183,"OBD.ours1",2.6,7.04,62.6,22.6,4.28,
183,"MTD.ours2",0.22,2.56,23.22,52.96,21.04,0
183,"OBD.ours2",2.34,6.84,62.06,23.34,4.28,
183,"MTD.ours3",0.14,2.54,22.08,53.28,21.96,0
183,"OBD.ours3",3.2,7.84,58.16,24.34,5.48,
183,"MTD.titeet",0.1,1.6,36.2,47.7,14.4,0.4
183,"OBD.titeet",8,11.2,50,21.6,8.9,
183,"MTD.tite12",0,0.6,9,31.1,59.1,0.16
183,"OBD.tite12",7,8.1,49.3,25.6,10,
183,"MTD.bfet",,,,,,0.6
183,"OBD.bfet",3.8,7.3,56.3,26.2,5.8,
204,"MTD.ours0",0.04,0.24,2.88,26.18,70.66,0
204,"OBD.ours0",1.68,5.52,10.06,60.82,21.54,
204,"MTD.bf",0,0.3,2.46,27.52,69.72,0
204,"OBD.bf",2.18,4.76,10.1,59.56,23.22,
204,"MTD.ours1",0,0.24,2.76,27.14,69.86,0
204,"OBD.ours1",1.8,6.3,10.42,57.98,23,
204,"MTD.ours2",0,0.18,2.38,26.48,70.96,0
204,"OBD.ours2",1.74,5.4,11.36,58.86,22.3,
204,"MTD.ours3",0,0.28,2.44,25.92,71.36,0
204,"OBD.ours3",1.7,5.66,10.2,56.02,26.1,
204,"MTD.titeet",0,0.2,3.8,41.2,54.8,0.1
204,"OBD.titeet",8.4,14.3,15.7,42.5,18.9,
204,"MTD.tite12",0,0.1,1.5,12.4,86,0.02
204,"OBD.tite12",6.6,10.1,11.6,49.6,22.1,
204,"MTD.bfet",,,,,,0.3
204,"OBD.bfet",3.8,6.1,11.1,54.9,23.8,
244,"MTD.ours0",0.02,0.3,2.78,27.28,69.62,0
244,"OBD.ours0",2.06,5.96,11.16,59.58,20.82,
244,"MTD.bf",0,0.32,2.62,27.66,69.4,0
244,"OBD.bf",2.28,5.22,10.06,59.92,22.36,
244,"MTD.ours1",0,0.28,3.36,26.3,70.06,0
244,"OBD.ours1",1.78,6.16,10.98,59.3,21.44,
244,"MTD.ours2",0.02,0.4,2.88,26.5,70.2,0
244,"OBD.ours2",2.08,5.84,10.8,58.18,22.64,
244,"MTD.ours3",0,0.24,2.56,26.88,70.32,0
244,"OBD.ours3",1.56,6.42,12.78,55.92,22.88,
244,"MTD.titeet",0,0.2,3.2,39.1,57.4,0
244,"OBD.titeet",8.9,12.6,14.2,44.6,19.7,
244,"MTD.tite12",0,0.2,1.5,11.9,86.5,0
244,"OBD.tite12",7.2,9.9,11.9,47.5,23.5,
244,"MTD.bfet",,,,,,0.2
244,"OBD.bfet",4.5,8,13.5,56.5,17.2,
193,"MTD.ours0",0.1,2.76,23.12,55.96,18.06,0
193,"OBD.ours0",2.64,5.46,64.02,22.78,4.26,
193,"MTD.bf",0.14,2.64,21.74,56.42,19.06,0
193,"OBD.bf",2.64,5.28,62,23.92,5.34,
193,"MTD.ours1",0.12,2.62,22.82,53.82,20.62,0
193,"OBD.ours1",2.66,6.1,61.56,23.68,4.78,
193,"MTD.ours2",0.14,2.3,22.32,55.26,19.98,0
193,"OBD.ours2",2.32,6.06,62.18,23.86,4.54,
193,"MTD.ours3",0.16,2.22,22.32,55.64,19.66,0
193,"OBD.ours3",2.36,6.42,59.32,25.3,5.58,
193,"MTD.titeet",0.1,1.9,34.3,49.5,14.3,0.4
193,"OBD.titeet",9.1,11.5,48.5,22.1,8.3,
193,"MTD.tite12",0,0.7,10,30.8,58.2,0.22
193,"OBD.tite12",7.8,8.5,48.2,26.1,9.2,
193,"MTD.bfet",,,,,,0.9
193,"OBD.bfet",4.8,6.5,56.6,25.9,5.2,
263,"MTD.ours0",0.08,2.28,23.28,55.74,18.62,0
263,"OBD.ours0",2.5,5.86,63.58,23.12,4.1,
263,"MTD.bf",0.14,2.32,22.74,56.68,18.12,0
263,"OBD.bf",2.5,5.3,62.98,23.12,5.32,
263,"MTD.ours1",0.14,2.26,21.98,56.06,19.56,0
263,"OBD.ours1",2.42,5.98,63.12,23.2,4.24,
263,"MTD.ours2",0.12,1.78,23.06,55.58,19.46,0
263,"OBD.ours2",2.1,5.44,64.54,22.6,4.28,
263,"MTD.ours3",0.12,2,22.2,55.88,19.8,0
263,"OBD.ours3",2.26,6.5,59.24,24.9,6.18,
263,"MTD.titeet",0.1,1.8,35.5,49.4,13.1,0.5
263,"OBD.titeet",7.7,11.4,50.4,22.4,7.5,
263,"MTD.tite12",0,0.9,9.3,30.3,59.5,0.14
263,"OBD.tite12",6.7,9.2,47.5,25.1,11.4,
263,"MTD.bfet",,,,,,1.1
263,"OBD.bfet",5.2,6.7,58.4,24.4,4.1,
223,"MTD.ours0",0.16,2.44,23.06,55.22,19.12,0
223,"OBD.ours0",2.62,5.26,63.6,23.64,4.06,
223,"MTD.bf",0.14,2.64,21.68,56.56,18.98,0
223,"OBD.bf",2.58,5.28,62.04,23.9,5.38,
223,"MTD.ours1",0.1,2.3,23.44,54.5,19.66,0
223,"OBD.ours1",1.96,6.34,63.88,22.94,3.82,
223,"MTD.ours2",0.1,2.4,23.04,54.08,20.38,0
223,"OBD.ours2",2.32,6.08,62.46,23.46,4.66,
223,"MTD.ours3",0.16,2.22,22.24,55.4,19.98,0
223,"OBD.ours3",2.4,6.26,59.42,25.16,5.76,
223,"MTD.titeet",0.1,1.5,34.3,49.6,14.4,0.4
223,"OBD.titeet",8.2,10.5,50.8,22.1,7.9,
223,"MTD.tite12",0,0.6,9,31.8,58.5,0.06
223,"OBD.tite12",6.4,8.2,49,25.9,10.3,
223,"MTD.bfet",,,,,,1
223,"OBD.bfet",5.1,7,56.8,25.2,4.9,
213,"MTD.ours0",0.16,2.16,23.32,54.58,19.78,0
213,"OBD.ours0",2.02,6.04,64.22,22.48,4.36,
213,"MTD.bf",0.14,2.62,22.24,56.04,18.96,0
213,"OBD.bf",2.52,6.02,61.78,24.02,4.88,
213,"MTD.ours1",0.14,2.32,23.28,54.42,19.84,0
213,"OBD.ours1",2.38,6.8,62.04,23.8,4.08,
213,"MTD.ours2",0.16,2.5,23.5,52.68,21.16,0
213,"OBD.ours2",2.24,5.92,63.18,22.94,4.54,
213,"MTD.ours3",0.12,2.64,22.58,53.48,21.18,0
213,"OBD.ours3",2.72,7.84,57.88,24.94,5.52,
213,"MTD.titeet",0.1,1.8,34.4,49.4,14.3,0.6
213,"OBD.titeet",8,10.5,50,22.8,8.1,
213,"MTD.tite12",0,0.5,9.7,31.1,58.6,0.12
213,"OBD.tite12",6.1,8.9,49.1,25.3,10.5,
213,"MTD.bfet",,,,,,0.7
213,"OBD.bfet",4.2,7.8,55.6,26.6,5.1,
239,"MTD.ours0",0.08,6.24,41.58,37.58,14.52,0
239,"OBD.ours0",7.36,52.6,28.04,10.26,1.7,
239,"MTD.bf",0.14,5.94,41.58,37.82,14.52,0
239,"OBD.bf",5.96,50.78,28,12.38,2.82,
239,"MTD.ours1",0.1,5.66,40.76,38.12,15.36,0
239,"OBD.ours1",7.98,52.2,26.78,11.14,1.82,
239,"MTD.ours2",0.18,5.38,41.7,37.52,15.22,0
239,"OBD.ours2",8.12,51.7,25.98,11.66,2.48,
239,"MTD.ours3",0.12,6.4,41.72,37.04,14.72,0
239,"OBD.ours3",7.58,50.52,26.3,12.3,3.18,
239,"MTD.titeet",0,17.4,45.1,29,8.5,0.1
239,"OBD.titeet",17.7,42.9,23.2,12.3,3.9,
239,"MTD.tite12",0.1,2.2,17,35.8,45,0
239,"OBD.tite12",12,41.1,23.2,16.6,7,
239,"MTD.bfet",,,,,,0.2
239,"OBD.bfet",8.2,51.5,27.7,10.3,2,
203,"MTD.ours0",0.18,2.34,22.76,56.12,18.6,0
203,"OBD.ours0",1.76,6.12,64.36,22.46,4.32,
203,"MTD.bf",0.14,2.32,22.68,56.72,18.14,0
203,"OBD.bf",2.48,5.3,62.98,23.18,5.28,
203,"MTD.ours1",0.06,2.6,23.36,54.98,19,0
203,"OBD.ours1",2.48,6.3,62.38,23.68,3.96,
203,"MTD.ours2",0.08,2.14,23.28,55.96,18.54,0
203,"OBD.ours2",2.3,5.46,62.34,24.68,4.08,
203,"MTD.ours3",0.12,2.06,22.22,55.92,19.68,0
203,"OBD.ours3",2.34,6.66,59.58,24.76,5.78,
203,"MTD.titeet",0.1,1.9,35.9,48.5,13.6,0.6
203,"OBD.titeet",8,11.5,49.4,22.9,7.7,
203,"MTD.tite12",0,0.8,8.9,31.3,58.8,0.24
203,"OBD.tite12",6.4,8.7,49.3,24.6,10.7,
203,"MTD.bfet",,,,,,1
203,"OBD.bfet",4.7,6.2,57.9,25,5.2,
253,"MTD.ours0",0.08,2.32,23.52,55.84,18.24,0
253,"OBD.ours0",2.48,5.3,64.34,22.98,3.76,
253,"MTD.bf",0.14,2.46,22.5,56.92,17.98,0
253,"OBD.bf",2.5,5.38,62.18,23.98,5.16,
253,"MTD.ours1",0.12,2.38,22.68,53.72,21.1,0
253,"OBD.ours1",2.16,6.18,61.72,23.92,4.94,
253,"MTD.ours2",0.1,2.52,22.9,54.14,20.34,0
253,"OBD.ours2",2.54,5.8,62.52,23.82,4.22,
253,"MTD.ours3",0.16,2.2,22.32,55.32,20,0
253,"OBD.ours3",2.3,6.02,59.5,24.8,6.38,
253,"MTD.titeet",0.1,1.5,34.4,49.7,14.4,0.5
253,"OBD.titeet",8,10.8,50.3,22.4,8,
253,"MTD.tite12",0,0.8,9.2,32.7,57.2,0.12
253,"OBD.tite12",6.8,8.7,50.3,24.4,9.7,
253,"MTD.bfet",,,,,,1
253,"OBD.bfet",5.2,7.5,57.2,24.4,4.6,
189,"MTD.ours0",0.2,6.32,39.68,37.2,16.6,0
189,"OBD.ours0",7.24,50.84,28.06,11.66,2.08,
189,"MTD.bf",0.14,6.06,40.88,37.6,15.32,0
189,"OBD.bf",7.7,49.38,28.46,11.82,2.6,
189,"MTD.ours1",0.14,5.66,39.26,37.44,17.5,0
189,"OBD.ours1",7.5,51.14,27.08,11.56,2.58,
189,"MTD.ours2",0.08,5.74,40.04,37.24,16.9,0
189,"OBD.ours2",8.82,50.3,26.84,11.08,2.82,
189,"MTD.ours3",0.14,5.9,38.44,37.52,18,0
189,"OBD.ours3",8.66,47.62,27.78,12.86,2.94,
189,"MTD.titeet",0,16.7,45.3,28.1,9.9,0.1
189,"OBD.titeet",16.6,43.1,24,12.2,4,
189,"MTD.tite12",0,2.1,17.7,35.6,44.5,0.04
189,"OBD.tite12",12.1,39.8,25.2,16.4,6.4,
189,"MTD.bfet",,,,,,0.1
189,"OBD.bfet",8.1,47.1,29.5,12.6,2.6,
229,"MTD.ours0",0.08,6.44,40,38.04,15.44,0
229,"OBD.ours0",7.3,52.7,26.84,11.1,1.92,
229,"MTD.bf",0.14,6.2,41.2,37.5,14.96,0
229,"OBD.bf",6.24,51.14,28.04,11.32,3.22,
229,"MTD.ours1",0.12,5.76,40.48,38.3,15.34,0
229,"OBD.ours1",8.02,51.7,27.02,11.1,2.1,
229,"MTD.ours2",0.14,6.3,39.62,36.96,16.98,0
229,"OBD.ours2",8.04,51.64,26.06,11.44,2.68,
229,"MTD.ours3",0.16,6.2,40.4,37.64,15.6,0
229,"OBD.ours3",7.8,49.62,27.44,11.72,3.34,
229,"MTD.titeet",0,17.2,44.9,28.3,9.6,0.1
229,"OBD.titeet",16.7,41.9,24.8,12.5,4,
229,"MTD.tite12",0,2.1,17,35.7,45.2,0.04
229,"OBD.tite12",12.7,39.2,25.2,16.1,6.9,
229,"MTD.bfet",,,,,,0.1
229,"OBD.bfet",8.3,49.9,28.4,11.1,2.1,
233,"MTD.ours0",0.16,2.28,23.44,55.88,18.24,0
233,"OBD.ours0",2.16,5.9,64.72,22.48,3.82,
233,"MTD.bf",0.14,2.32,22.68,56.72,18.14,0
233,"OBD.bf",2.48,5.3,62.98,23.18,5.28,
233,"MTD.ours1",0.12,2.38,22.76,55.48,19.26,0
233,"OBD.ours1",2.76,5.98,62.56,23.38,4.2,
233,"MTD.ours2",0.04,2.36,22.86,54.42,20.32,0
233,"OBD.ours2",2.38,5.56,62.94,23.7,4.3,
233,"MTD.ours3",0.12,2.02,22.24,55.76,19.86,0
233,"OBD.ours3",2.22,6.58,59.12,25.22,5.96,
233,"MTD.titeet",0.1,2.2,35.2,48.5,14,0.9
233,"OBD.titeet",8.4,11.5,49.9,21.8,7.5,
233,"MTD.tite12",0,0.6,8.9,31.5,58.8,0.12
233,"OBD.tite12",6.5,8.6,49.1,25.3,10.4,
233,"MTD.bfet",,,,,,1
233,"OBD.bfet",5.1,6.5,58.2,24.6,4.6,
269,"MTD.ours0",0.08,6.46,40.86,37.46,15.14,0
269,"OBD.ours0",7.16,52.08,27.68,11.2,1.84,
269,"MTD.bf",0.14,5.9,41.72,37.72,14.52,0
269,"OBD.bf",5.98,50.78,28.02,12.34,2.82,
269,"MTD.ours1",0.14,6.26,42.04,37.1,14.46,0
269,"OBD.ours1",8.48,53.28,25.98,10,2.2,
269,"MTD.ours2",0.16,5.72,41.26,38.24,14.62,0
269,"OBD.ours2",8.14,52.72,26.66,10.2,2.22,
269,"MTD.ours3",0.12,6.32,41.46,37.22,14.88,0
269,"OBD.ours3",7.48,50.66,26.34,12.14,3.26,
269,"MTD.titeet",0,17,46,28.3,8.6,0.3
269,"OBD.titeet",16.9,42.7,23.5,12.9,3.8,
269,"MTD.tite12",0.1,1.8,16.5,36,45.7,0
269,"OBD.tite12",12.3,40,23.6,16.2,8,
269,"MTD.bfet",,,,,,0.2
269,"OBD.bfet",8.7,51.9,27.2,10.1,2,
199,"MTD.ours0",0.14,6.02,41.16,37.22,15.46,0
199,"OBD.ours0",7.1,53.38,26.34,11.28,1.82,
199,"MTD.bf",0.14,6.18,41.32,37.36,15,0
199,"OBD.bf",6.3,51.02,28.1,11.28,3.26,
199,"MTD.ours1",0.08,5.3,41.38,37.08,16.16,0
199,"OBD.ours1",7.64,51.4,26.46,12.08,2.4,
199,"MTD.ours2",0.1,6.02,40.6,37.5,15.78,0
199,"OBD.ours2",7.8,51.5,26.44,11.82,2.36,
199,"MTD.ours3",0.16,6.24,40.58,37.08,15.94,0
199,"OBD.ours3",7.6,49.88,27.4,11.76,3.28,
199,"MTD.titeet",0.1,18.8,43.9,28.8,8.4,0.1
199,"OBD.titeet",17.4,42.6,22.8,13.3,3.8,
199,"MTD.tite12",0,1.9,17.6,35.6,44.9,0.02
199,"OBD.tite12",12.8,41,23.7,16,6.5,
199,"MTD.bfet",,,,,,0.1
199,"OBD.bfet",7.5,49.3,28.7,11.9,2.5,
238,"MTD.ours0",4.64,17.3,34.62,30.76,12.52,0.16
238,"OBD.ours0",45.44,29.38,16.7,7.12,1.2,
238,"MTD.bf",4.14,16.04,34.52,32.1,13.1,0.1
238,"OBD.bf",41.3,29.24,18.28,8.82,2.22,
238,"MTD.ours1",5.08,15.84,34.64,32.68,11.56,0.2
238,"OBD.ours1",43.94,30.02,17.86,6.76,1.2,
238,"MTD.ours2",4.4,16.66,34.14,32.12,12.6,0.08
238,"OBD.ours2",44.9,29.26,17.1,7.34,1.3,
238,"MTD.ours3",4.18,16.34,34.42,32.14,12.82,0.1
238,"OBD.ours3",43.9,27.82,17.24,8.54,2.32,
238,"MTD.titeet",17.1,31.1,30.3,16.9,4.6,0.1
238,"OBD.titeet",45.8,27.8,16.6,7.3,2.5,
238,"MTD.tite12",1,5.5,27.3,27.8,38.4,0.02
238,"OBD.tite12",34.3,26.1,20.3,13.6,5.8,
238,"MTD.bfet",,,,,,0.2
238,"OBD.bfet",49.4,28.4,15.5,5.5,1.1,
228,"MTD.ours0",4.82,16.54,34.94,30.94,12.6,0.16
228,"OBD.ours0",44.54,30,17.26,6.76,1.22,
228,"MTD.bf",4.3,15.62,34.28,32.82,12.86,0.12
228,"OBD.bf",41.46,28.88,18.82,8.3,2.36,
228,"MTD.ours1",4.6,16.78,32.96,31.86,13.7,0.1
228,"OBD.ours1",45.34,28.6,16.96,7.42,1.56,
228,"MTD.ours2",4.78,16.46,34.02,31.2,13.48,0.06
228,"OBD.ours2",43.02,30.24,17.22,7.88,1.56,
228,"MTD.ours3",4.24,16.42,33.7,32.38,13.16,0.1
228,"OBD.ours3",42.32,28.24,17.8,9.12,2.34,
228,"MTD.titeet",16.5,29.7,31.2,17.5,5,0.1
228,"OBD.titeet",44.8,27.5,17.1,8.3,2.2,
228,"MTD.tite12",0.6,5.8,28.6,28.1,36.8,0.06
228,"OBD.tite12",34.7,27.6,18.9,13.4,5.3,
228,"MTD.bfet",,,,,,0.3
228,"OBD.bfet",47.8,27.7,16.1,6.5,1.6,
209,"MTD.ours0",0.12,6.32,40.54,38.1,14.92,0
209,"OBD.ours0",7.34,51.1,28.4,11.24,1.84,
209,"MTD.bf",0.14,5.94,41.56,37.84,14.52,0
209,"OBD.bf",5.96,50.78,28,12.38,2.82,
209,"MTD.ours1",0.2,5.48,41.78,37.78,14.76,0
209,"OBD.ours1",7.82,53.2,26.8,9.88,2.12,
209,"MTD.ours2",0.1,6.24,40.48,38.54,14.64,0
209,"OBD.ours2",7.86,53,25.78,11.2,2.08,
209,"MTD.ours3",0.12,6.4,41.46,37.42,14.6,0
209,"OBD.ours3",7.36,50.58,26.72,12.12,3.1,
209,"MTD.titeet",0,18,45.2,28.1,8.7,0.1
209,"OBD.titeet",18.1,42.8,23.4,11.6,4,
209,"MTD.tite12",0,2.3,18.3,35.8,43.5,0.08
209,"OBD.tite12",12.1,40.1,24.7,16.6,6.4,
209,"MTD.bfet",,,,,,0.2
209,"OBD.bfet",7.8,50.6,28.3,11,2.2,
268,"MTD.ours0",4.46,16.54,34.24,32.18,12.5,0.08
268,"OBD.ours0",43.62,30.88,16.92,7.1,1.4,
268,"MTD.bf",4.14,16.06,34.5,32.06,13.14,0.1
268,"OBD.bf",41.22,29.24,18.3,8.84,2.26,
268,"MTD.ours1",4.64,15.1,35.18,32.2,12.64,0.24
268,"OBD.ours1",43.38,29.78,18.04,6.98,1.56,
268,"MTD.ours2",4.46,15.56,34.76,32.76,12.36,0.1
268,"OBD.ours2",44.46,29.6,17,7.38,1.4,
268,"MTD.ours3",4.18,16.34,34.26,31.84,13.28,0.1
268,"OBD.ours3",43.6,28.12,17,8.62,2.48,
268,"MTD.titeet",16.7,29.5,30.6,18.5,4.5,0.1
268,"OBD.titeet",45.8,27.9,16.3,7.4,2.3,
268,"MTD.tite12",1.1,6,28.5,27.4,36.9,0
268,"OBD.tite12",35.7,25.8,19.5,14,5,
268,"MTD.bfet",,,,,,0.3
268,"OBD.bfet",50.4,27.7,15.3,5.3,1,
208,"MTD.ours0",5.04,17.1,33.36,31.9,12.54,0.06
208,"OBD.ours0",44.34,30.28,17.14,6.82,1.34,
208,"MTD.bf",4.14,16.04,34.52,32.1,13.1,0.1
208,"OBD.bf",41.3,29.24,18.28,8.82,2.22,
208,"MTD.ours1",4.56,15.66,34.12,32.84,12.62,0.2
208,"OBD.ours1",44.74,28.86,17.66,7.16,1.36,
208,"MTD.ours2",4.78,16.3,34.26,32.04,12.54,0.08
208,"OBD.ours2",44.6,29.18,17.8,7,1.28,
208,"MTD.ours3",4.16,16.42,34.3,31.92,13.1,0.1
208,"OBD.ours3",43.52,27.82,17.6,8.62,2.26,
208,"MTD.titeet",17,30.7,30.4,17.4,4.5,0
208,"OBD.titeet",46.6,27.7,16.2,7.3,2.2,
208,"MTD.tite12",0.9,6.1,27.5,27.7,37.7,0.02
208,"OBD.tite12",34.5,26.8,19.3,13.4,6,
208,"MTD.bfet",,,,,,0.1
208,"OBD.bfet",48.3,28.3,16.1,5.8,1.4,
190,"MTD.ours0",1,6.4,23.88,30.66,38.06,0
190,"OBD.ours0",5.16,44.66,26.4,16.8,6.76,
190,"MTD.bf",0.94,6.94,23.04,32,37.08,0
190,"OBD.bf",5.72,44.4,26.76,16.24,6.76,
190,"MTD.ours1",1.24,6.84,22.44,29.54,39.92,0.02
190,"OBD.ours1",5.48,43.34,26.06,17.3,7.4,
190,"MTD.ours2",1.28,6.86,22.38,31.68,37.76,0.04
190,"OBD.ours2",5.58,44.34,25,16.74,8,
190,"MTD.ours3",1,6.72,23.5,30.62,38.16,0
190,"OBD.ours3",6.36,42.24,26.66,17.32,7.24,
190,"MTD.titeet",0.3,21.6,35.3,26.2,16.6,0.3
190,"OBD.titeet",11.7,42.3,24.8,14.4,6.5,
190,"MTD.tite12",0.1,2,10.1,28.4,59.4,0.02
190,"OBD.tite12",7.7,35.1,24.4,20.9,12,
190,"MTD.bfet",,,,,,0.8
190,"OBD.bfet",6.3,42.3,27.2,16.7,6.7,
315,"MTD.ours0",1.92,22.6,51.52,20.2,3.76,0
315,"OBD.ours0",14.22,20.8,52.86,6.92,0.94,
315,"MTD.bf",1.26,22.44,53.66,19.28,3.36,0
315,"OBD.bf",15.26,21.7,51.88,7.6,1.22,
315,"MTD.ours1",1.86,21.92,51.84,20.52,3.86,0
315,"OBD.ours1",15.48,20.48,50.96,7.94,1,
315,"MTD.ours2",2.18,21.68,51.84,20.44,3.84,0.02
315,"OBD.ours2",15.86,20.12,51.24,7.72,0.8,
315,"MTD.ours3",1.5,22.08,52.92,19.64,3.86,0
315,"OBD.ours3",15.12,20.74,50.1,8.24,1.68,
315,"MTD.titeet",1.1,21.3,56.3,18.9,2.4,3
315,"OBD.titeet",19.2,16.2,45.8,13.3,2.5,
315,"MTD.tite12",0.1,6.8,31.2,29.1,32.2,0.56
315,"OBD.tite12",16.8,16.7,44.7,15,6.2,
315,"MTD.bfet",,,,,,3.2
315,"OBD.bfet",19.5,20.4,47.9,7.8,1.2,
200,"MTD.ours0",1.08,6.7,22.64,32.38,37.2,0
200,"OBD.ours0",5.36,45.14,26.52,16.08,6.6,
200,"MTD.bf",0.84,6.72,24.24,32.68,35.52,0
200,"OBD.bf",4.56,44.78,26.34,16.7,7.5,
200,"MTD.ours1",1.16,6.12,24,30.42,38.28,0.02
200,"OBD.ours1",5.26,44.76,26.82,15.98,6.84,
200,"MTD.ours2",1.22,6.38,23.2,31.52,37.66,0.02
200,"OBD.ours2",5.2,45.24,26.54,16.28,6.4,
200,"MTD.ours3",1.04,6.86,23.94,31.16,37,0
200,"OBD.ours3",4.86,44.48,26.06,16.32,8,
200,"MTD.titeet",0.3,22.4,34.8,25.5,17,0.4
200,"OBD.titeet",12.8,41.1,24,14.9,6.9,
200,"MTD.tite12",0.1,2.5,9.5,27.2,60.6,0.1
200,"OBD.tite12",7.8,34.3,24.2,20.7,12.9,
200,"MTD.bfet",,,,,,0.7
200,"OBD.bfet",7.2,45.8,25.9,14.4,6.1,
188,"MTD.ours0",4.66,15.36,32.88,32.24,14.68,0.18
188,"OBD.ours0",43.84,28.68,17.5,8.26,1.52,
188,"MTD.bf",4.36,15.8,34.28,31.96,13.5,0.1
188,"OBD.bf",42.1,29.12,18.66,7.88,2.1,
188,"MTD.ours1",4.94,15.76,32.4,31.84,14.9,0.16
188,"OBD.ours1",42.48,28.82,18.28,8.58,1.64,
188,"MTD.ours2",5,16.44,32.52,32,13.76,0.28
188,"OBD.ours2",43.46,30.24,16.44,8.12,1.44,
188,"MTD.ours3",4.62,16,31.72,31.9,15.64,0.12
188,"OBD.ours3",41.24,28.46,18.9,9.2,2,
188,"MTD.titeet",16.9,29.6,32,16.7,4.7,0.1
188,"OBD.titeet",45.5,27.3,16,8.3,2.8,
188,"MTD.tite12",0.8,5.4,29.2,28.2,36.4,0
188,"OBD.tite12",34.9,27.2,19.8,12.8,5.3,
188,"MTD.bfet",,,,,,0.2
188,"OBD.bfet",43.8,27.7,17.6,8.7,2,
259,"MTD.ours0",0.12,5.82,41.98,38,14.08,0
259,"OBD.ours0",6.86,53.26,27.08,10.76,1.98,
259,"MTD.bf",0.14,6.26,40.42,38.62,14.56,0
259,"OBD.bf",5.84,51.22,28.28,11.82,2.78,
259,"MTD.ours1",0.16,5.86,41.62,35.82,16.54,0
259,"OBD.ours1",7.04,51.76,26.9,11.6,2.54,
259,"MTD.ours2",0.18,6.28,41.06,36.42,16.06,0
259,"OBD.ours2",8.3,51.3,27.68,10.8,1.8,
259,"MTD.ours3",0.16,6.06,41.2,37,15.58,0
259,"OBD.ours3",7.98,49.68,26.44,12.38,3.4,
259,"MTD.titeet",0.2,18.1,44.1,28.5,9.1,0.1
259,"OBD.titeet",16.4,43.8,23.3,12.5,3.9,
259,"MTD.tite12",0,1.8,16.5,36.2,45.3,0.06
259,"OBD.tite12",11.4,40.8,24.1,16.7,7,
259,"MTD.bfet",,,,,,0.2
259,"OBD.bfet",9.3,50,28,10.4,2.1,
285,"MTD.ours0",1.84,23.18,51.76,19.38,3.82,0.02
285,"OBD.ours0",14.58,21.02,52.18,6.9,0.76,
285,"MTD.bf",1.26,22.44,53.66,19.3,3.34,0
285,"OBD.bf",15.28,21.72,51.84,7.62,1.2,
285,"MTD.ours1",1.84,21.78,52.7,20.22,3.46,0
285,"OBD.ours1",15.4,19.64,52.88,7.04,0.74,
285,"MTD.ours2",1.96,20.84,53.06,20.48,3.64,0.02
285,"OBD.ours2",15.52,20.42,51.26,7.74,1,
285,"MTD.ours3",1.48,22.02,52.96,19.54,4,0
285,"OBD.ours3",15.1,20.7,50.14,8.32,1.64,
285,"MTD.titeet",1.1,20.9,56.4,18.5,3,2.6
285,"OBD.titeet",18.9,16.4,46.3,13.1,2.7,
285,"MTD.tite12",0.3,6.8,31.5,28.4,32.4,0.6
285,"OBD.tite12",17.4,16.3,43.7,15.5,6.6,
285,"MTD.bfet",,,,,,2.7
285,"OBD.bfet",18.8,19.7,49.7,7.8,1.3,
198,"MTD.ours0",5.08,17.24,34.06,31.1,12.32,0.2
198,"OBD.ours0",44.88,29.2,17.38,7.18,1.12,
198,"MTD.bf",4.3,15.66,34.26,32.8,12.86,0.12
198,"OBD.bf",41.58,28.82,18.88,8.2,2.34,
198,"MTD.ours1",4.3,15.66,34.2,31.76,13.92,0.16
198,"OBD.ours1",44.16,28.42,18.02,7.62,1.56,
198,"MTD.ours2",5.08,16.48,34.88,30.98,12.5,0.08
198,"OBD.ours2",45.32,28.88,16.9,7.54,1.24,
198,"MTD.ours3",4.22,16.62,33.44,32.44,13.18,0.1
198,"OBD.ours3",41.78,28.3,18.08,9.26,2.4,
198,"MTD.titeet",15.8,30.9,30.2,17.5,5.5,0.1
198,"OBD.titeet",45.6,27.6,16.3,7.5,2.8,
198,"MTD.tite12",0.9,5.7,27.7,27.9,37.7,0.04
198,"OBD.tite12",35.8,25.2,19.7,13.6,5.7,
198,"MTD.bfet",,,,,,0.2
198,"OBD.bfet",46.7,28.2,16,7.2,1.7,
258,"MTD.ours0",4.76,16.6,34.68,31.14,12.64,0.18
258,"OBD.ours0",44.18,29.3,18.2,6.92,1.2,
258,"MTD.bf",4.14,15.36,33.66,33.92,12.82,0.1
258,"OBD.bf",40.96,28.84,18.94,8.98,2.12,
258,"MTD.ours1",4.34,16.28,34.92,32.02,12.3,0.14
258,"OBD.ours1",44.86,29.3,16.74,7.8,1.1,
258,"MTD.ours2",4.94,16.32,33.66,31.7,13.26,0.12
258,"OBD.ours2",44.96,29.28,17.18,6.94,1.48,
258,"MTD.ours3",4.18,15.84,33.08,33.1,13.7,0.1
258,"OBD.ours3",42.14,27.96,18.38,8.96,2.38,
258,"MTD.titeet",16.4,30.3,30.8,17.4,4.9,0.2
258,"OBD.titeet",46.1,27.5,16.2,8,2.2,
258,"MTD.tite12",0.9,5.9,28.8,28.5,35.8,0.08
258,"OBD.tite12",34.3,27.6,19.9,12.5,5.6,
258,"MTD.bfet",,,,,,0.5
258,"OBD.bfet",48.9,27.2,15.5,6.5,1.4,
240,"MTD.ours0",1.22,6.18,24.56,31.74,36.28,0.02
240,"OBD.ours0",5.32,46.02,26.2,16.24,5.86,
240,"MTD.bf",0.84,6.88,24.02,33.02,35.24,0
240,"OBD.bf",4.5,45.12,26.46,16.56,7.26,
240,"MTD.ours1",1.08,6.12,24.28,32.12,36.36,0.04
240,"OBD.ours1",5.3,45.82,26.4,15.92,6.32,
240,"MTD.ours2",1.22,6.64,23.24,32.28,36.6,0.02
240,"OBD.ours2",5.54,46.66,25.34,16.04,6.18,
240,"MTD.ours3",0.82,6.74,23.66,32.4,36.38,0
240,"OBD.ours3",4.72,44.92,26,16.62,7.52,
240,"MTD.titeet",0.2,23.9,34.7,26.4,14.8,0.5
240,"OBD.titeet",11.8,42.9,25.2,13.5,6.2,
240,"MTD.tite12",0.2,2.1,9,27.1,61.5,0.14
240,"OBD.tite12",7.9,35.3,23.3,21.2,12.3,
240,"MTD.bfet",,,,,,0.7
240,"OBD.bfet",8.3,47.4,25.2,13.1,5.2,
260,"MTD.ours0",1.1,6.44,23.1,32.5,36.82,0.04
260,"OBD.ours0",5.18,45.96,25.82,17.2,5.66,
260,"MTD.bf",0.86,6.8,23.3,33.34,35.7,0
260,"OBD.bf",4.62,44.48,27,16.92,6.86,
260,"MTD.ours1",1.18,6.18,24.54,30,38.08,0.02
260,"OBD.ours1",5.24,45.98,26.28,15.82,6.5,
260,"MTD.ours2",1,7.02,23.46,32.14,36.38,0
260,"OBD.ours2",6,45.38,26.24,16.24,6,
260,"MTD.ours3",0.94,7.06,24.84,30.2,36.96,0
260,"OBD.ours3",4.92,44.14,26.48,16.34,7.88,
260,"MTD.titeet",0.3,22.2,33.6,27.1,16.8,0.4
260,"OBD.titeet",12,43,23.3,15.1,6.3,
260,"MTD.tite12",0.1,2.2,9.5,28.3,59.9,0.04
260,"OBD.tite12",7.8,35.8,24.2,19.3,12.9,
260,"MTD.bfet",,,,,,1.2
260,"OBD.bfet",8.9,45.7,26,13.5,4.7,
345,"MTD.ours0",1.86,22.1,53.42,19.14,3.46,0.02
345,"OBD.ours0",14.22,21.22,52.94,6.56,0.92,
345,"MTD.bf",1.2,22.96,53.14,19.48,3.22,0
345,"OBD.bf",15.56,21.9,51.86,7.32,1,
345,"MTD.ours1",1.78,21.94,53.76,18.58,3.94,0
345,"OBD.ours1",15.94,21.18,50.98,6.48,1.2,
345,"MTD.ours2",2.1,21.66,53.58,19.12,3.54,0
345,"OBD.ours2",16.04,20.78,51.38,7.08,0.84,
345,"MTD.ours3",1.38,21.34,52.76,20.54,3.98,0
345,"OBD.ours3",15.16,20.44,49.76,9.06,1.72,
345,"MTD.titeet",1.3,20.2,57,18.4,3.1,2.6
345,"OBD.titeet",18.6,15.7,46.1,13.7,3.4,
345,"MTD.tite12",0.4,6.8,30.3,29.5,32.4,0.5
345,"OBD.tite12",17.9,16.7,42.6,15.8,6.6,
345,"MTD.bfet",,,,,,3.8
345,"OBD.bfet",20.5,20.3,47,7.4,1.1,
220,"MTD.ours0",1.5,6.58,24.48,30.94,36.48,0.02
220,"OBD.ours0",6.24,45.56,25.96,15.9,6.12,
220,"MTD.bf",0.94,7.14,23.42,32.78,35.72,0
220,"OBD.bf",4.58,45.24,26.34,16.66,7.06,
220,"MTD.ours1",1.18,6.52,23.3,30.14,38.82,0.04
220,"OBD.ours1",5.8,44.78,24.74,17.24,7.2,
220,"MTD.ours2",1.36,6.46,23.06,31.14,37.98,0
220,"OBD.ours2",5.48,45.34,24.8,17.06,6.98,
220,"MTD.ours3",1,6.72,23.5,30.32,38.46,0
220,"OBD.ours3",5.6,42.84,26.58,17.2,7.62,
220,"MTD.titeet",0.1,23.1,33.9,25.7,17.2,0.2
220,"OBD.titeet",12,44.6,22.7,14.2,6.4,
220,"MTD.tite12",0.1,2.3,8.9,28.7,59.9,0.06
220,"OBD.tite12",7.3,35.3,23.9,20.5,12.9,
220,"MTD.bfet",,,,,,1.1
220,"OBD.bfet",7.4,42.2,26.7,17.2,5.5,
230,"MTD.ours0",1.06,6.62,23.42,32.18,36.72,0
230,"OBD.ours0",5.26,45.22,26.7,16.2,6.46,
230,"MTD.bf",0.84,6.74,24.26,32.66,35.5,0
230,"OBD.bf",4.6,44.76,26.36,16.68,7.48,
230,"MTD.ours1",1.04,7.08,21.9,31.2,38.76,0.02
230,"OBD.ours1",5.14,45.02,26.24,16.44,6.82,
230,"MTD.ours2",1.5,6.34,22.92,31.46,37.78,0
230,"OBD.ours2",5.7,44.44,25.94,16.56,7.08,
230,"MTD.ours3",1.04,6.92,23.86,31.3,36.88,0
230,"OBD.ours3",5.22,43.94,26.16,16.4,8,
230,"MTD.titeet",0.2,22.5,34.1,26.5,16.7,0.3
230,"OBD.titeet",11.7,43.4,24.2,13.7,6.8,
230,"MTD.tite12",0.1,2.3,9.1,27,61.4,0.04
230,"OBD.tite12",8.2,34.3,23.5,20.8,13.2,
230,"MTD.bfet",,,,,,0.9
230,"OBD.bfet",7.9,46.1,25.6,14.1,5.5,
275,"MTD.ours0",1.86,22.02,52.12,20.36,3.58,0.06
275,"OBD.ours0",14.92,21.42,51.78,7.02,1.12,
275,"MTD.bf",1.5,22.14,52.28,20.08,4,0
275,"OBD.bf",15.28,21.9,51.46,7.88,1.24,
275,"MTD.ours1",1.94,21.2,51.98,20.42,4.4,0.06
275,"OBD.ours1",15.14,20.18,51.02,8.1,1.14,
275,"MTD.ours2",2.3,21.8,52.94,18.84,4.08,0.04
275,"OBD.ours2",15.6,20.22,51.2,7.64,1.08,
275,"MTD.ours3",1.44,22.24,50.9,21.56,3.86,0
275,"OBD.ours3",15.28,20.4,50.32,9.06,1.16,
275,"MTD.titeet",1.1,20,55.6,19.8,3.5,1.9
275,"OBD.titeet",19.2,16.4,44.2,14.7,3.5,
275,"MTD.tite12",0.2,7.3,30.7,29.2,32.3,0.42
275,"OBD.tite12",17.4,17.4,42.3,16.1,6.4,
275,"MTD.bfet",,,,,,2.4
275,"OBD.bfet",18,19.5,49.6,9.2,1.3,
243,"MTD.ours0",0.06,2.04,24.46,54.9,18.54,0
243,"OBD.ours0",2.18,5.44,63.9,23.96,3.58,
243,"MTD.bf",0.14,2.58,22.48,56.38,18.42,0
243,"OBD.bf",2.88,5.54,61.46,24.28,5.02,
243,"MTD.ours1",0.08,2.32,23.66,53.04,20.9,0
243,"OBD.ours1",2.46,5.74,63.12,22.9,4.72,
243,"MTD.ours2",0.14,2.94,23.9,53.44,19.58,0
243,"OBD.ours2",2.94,6.46,61.48,23.54,4.34,
243,"MTD.ours3",0.12,2.66,21.9,55.28,20.04,0
243,"OBD.ours3",2.44,7.56,59.4,24.32,5.06,
243,"MTD.titeet",0,1.7,34.4,48.8,15,0.4
243,"OBD.titeet",7.5,11.2,49.2,23,8.7,
243,"MTD.tite12",0,0.7,8.7,33.8,56.6,0.22
243,"OBD.tite12",6.9,9.1,49.5,24.5,9.7,
243,"MTD.bfet",,,,,,0.8
243,"OBD.bfet",4.7,8,55.9,25.6,5,
210,"MTD.ours0",1.24,6.44,25.22,32.8,34.28,0.02
210,"OBD.ours0",5.64,46.96,25.78,15.62,5.66,
210,"MTD.bf",0.84,6.88,24.02,33.04,35.22,0
210,"OBD.bf",4.52,45.12,26.44,16.56,7.26,
210,"MTD.ours1",1.32,6.56,24.16,30.98,36.94,0.04
210,"OBD.ours1",5.84,46.82,24.98,15.5,6.54,
210,"MTD.ours2",1.46,6.38,23.4,31.58,37.16,0.02
210,"OBD.ours2",6.5,44.72,25.44,16.38,6.62,
210,"MTD.ours3",0.8,6.7,23.5,32.92,36.08,0
210,"OBD.ours3",4.66,45.16,25.68,16.5,7.78,
210,"MTD.titeet",0.4,22.7,34.8,26.1,15.9,0.5
210,"OBD.titeet",12.7,41.9,24.2,13.8,6.9,
210,"MTD.tite12",0.1,2.3,10.6,27.5,59.4,0.12
210,"OBD.tite12",8.1,35.7,23.1,20.6,12.3,
210,"MTD.bfet",,,,,,0.6
210,"OBD.bfet",8,46.5,25.9,13.5,5.5,
218,"MTD.ours0",5.14,17.08,33.32,32.46,11.92,0.08
218,"OBD.ours0",43.48,31.66,17.24,6.52,1,
218,"MTD.bf",4.52,15.8,34.08,32.44,13.06,0.1
218,"OBD.bf",40.76,29.44,18.5,8.86,2.28,
218,"MTD.ours1",5,15.48,33.06,31.44,14.88,0.14
218,"OBD.ours1",43.22,28.52,18.44,8.1,1.48,
218,"MTD.ours2",4.62,16.34,33.48,31.06,14.26,0.24
218,"OBD.ours2",42.88,29.98,17.54,7.78,1.52,
218,"MTD.ours3",4.64,16,32.26,31.14,15.86,0.1
218,"OBD.ours3",41.14,27.42,19.32,9.76,2.16,
218,"MTD.titeet",15.6,29.2,32.3,17.8,5,0.1
218,"OBD.titeet",44.5,28,16.9,8.2,2.4,
218,"MTD.tite12",1,5.5,29,29,35.4,0.06
218,"OBD.tite12",34.9,26.5,18.9,14.2,5.6,
218,"MTD.bfet",,,,,,0.4
218,"OBD.bfet",45.1,27.8,17.2,7.8,1.7,
219,"MTD.ours0",0.14,6.28,41.34,37.48,14.76,0
219,"OBD.ours0",7.48,52.26,27.42,10.94,1.8,
219,"MTD.bf",0.14,6.2,40.38,37.82,15.46,0
219,"OBD.bf",6.36,50.24,28.14,12.1,3.12,
219,"MTD.ours1",0.12,6.6,39.92,36.04,17.32,0
219,"OBD.ours1",7.6,50.88,27.12,11.54,2.8,
219,"MTD.ours2",0.22,6.26,39.32,37.32,16.88,0
219,"OBD.ours2",7.26,50.98,27.46,11.5,2.6,
219,"MTD.ours3",0.14,6.3,38.88,37.34,17.34,0
219,"OBD.ours3",8.52,48.96,26.5,12.86,3,
219,"MTD.titeet",0,17.2,44.4,28.8,9.5,0.1
219,"OBD.titeet",16.7,41.9,24,13,4.3,
219,"MTD.tite12",0,2,18.2,34.8,44.9,0.02
219,"OBD.tite12",11.4,41.3,24.7,15.4,7.2,
219,"MTD.bfet",,,,,,0.1
219,"OBD.bfet",10,47.6,27.4,12.5,2.3,
282,"MTD.ours0",3.22,34.1,46.08,13.72,2.86,0.02
282,"OBD.ours0",16.16,57.62,21.5,3,0.56,
282,"MTD.bf",2.44,35.52,45.6,13.82,2.62,0
282,"OBD.bf",14.36,58.48,21.4,4.46,0.72,
282,"MTD.ours1",2.76,34.6,45.52,14.4,2.7,0.02
282,"OBD.ours1",17.04,57.52,19.54,3.98,0.54,
282,"MTD.ours2",2.64,35.1,45.7,14.04,2.5,0.02
282,"OBD.ours2",16.52,58.26,19.98,3.74,0.44,
282,"MTD.ours3",2.38,34.26,45.96,14.22,3.18,0
282,"OBD.ours3",16.38,55.96,21.2,4.68,0.82,
282,"MTD.titeet",1.7,43.1,41.3,11.4,2.4,1.9
282,"OBD.titeet",20.6,47.9,20.6,7.2,1.8,
282,"MTD.tite12",0.5,12.4,29.9,30.2,26.8,0.22
282,"OBD.tite12",18,43.1,23.4,11.5,3.9,
282,"MTD.bfet",,,,,,1.2
282,"OBD.bfet",17.8,55.6,20.7,4.1,0.6,
312,"MTD.ours0",2.78,34.28,45.64,14.62,2.64,0.04
312,"OBD.ours0",15.76,58.42,21.04,3.2,0.54,
312,"MTD.bf",2.44,35.52,45.6,13.82,2.62,0
312,"OBD.bf",14.38,58.42,21.44,4.46,0.72,
312,"MTD.ours1",2.28,34.28,45.98,14.78,2.66,0.02
312,"OBD.ours1",16.32,58.74,19.86,3.72,0.48,
312,"MTD.ours2",2.4,33.9,46.06,15.22,2.4,0.02
312,"OBD.ours2",17.14,58.24,19.52,3.66,0.48,
312,"MTD.ours3",2.26,34.4,46,14.46,2.88,0
312,"OBD.ours3",16.44,56.36,20.76,4.7,0.84,
312,"MTD.titeet",1.8,41.8,41.3,12.8,2.2,2.3
312,"OBD.titeet",20.7,46.9,21.3,7.4,1.4,
312,"MTD.tite12",0.5,10.9,30.8,30.3,27.3,0.2
312,"OBD.tite12",18.6,41.8,24.5,10.7,4.1,
312,"MTD.bfet",,,,,,1.5
312,"OBD.bfet",19.2,56,19.1,3.8,0.5,
249,"MTD.ours0",0.12,6.36,40.94,37.84,14.74,0
249,"OBD.ours0",7.96,51.5,27.58,10.84,2.04,
249,"MTD.bf",0.14,6.22,40.52,38.28,14.84,0
249,"OBD.bf",5.88,50.54,28.06,12.8,2.68,
249,"MTD.ours1",0.12,6.46,39.34,38.32,15.76,0
249,"OBD.ours1",7.18,50.96,27.24,12.46,2.04,
249,"MTD.ours2",0.16,5.98,39.48,38.24,16.14,0
249,"OBD.ours2",7.28,50.52,28.48,11.36,2.18,
249,"MTD.ours3",0.14,5.8,39.98,37.66,16.42,0
249,"OBD.ours3",7.96,47.54,27.74,13.66,2.96,
249,"MTD.titeet",0.1,18.3,45.1,27.4,9.1,0
249,"OBD.titeet",16.8,43.6,22.5,13,4,
249,"MTD.tite12",0,1.8,17.3,35.5,45.3,0.04
249,"OBD.tite12",12,40.3,24.3,16.4,6.9,
249,"MTD.bfet",,,,,,0.2
249,"OBD.bfet",10.6,47.7,26.4,12.7,2.4,
270,"MTD.ours0",1.18,6.74,24.04,32.26,35.76,0.02
270,"OBD.ours0",5.5,45.42,27.1,15.76,5.86,
270,"MTD.bf",0.84,6.88,24.04,33.08,35.16,0
270,"OBD.bf",4.46,45.12,26.44,16.6,7.28,
270,"MTD.ours1",1.16,6,24.8,31.92,36.06,0.06
270,"OBD.ours1",5.44,46.04,25.16,16.1,6.78,
270,"MTD.ours2",1.14,6.64,24,30.72,37.46,0.04
270,"OBD.ours2",5.38,46.02,24.94,16.88,6.5,
270,"MTD.ours3",0.82,6.74,23.7,32.14,36.6,0
270,"OBD.ours3",4.68,44.92,25.64,16.78,7.76,
270,"MTD.titeet",0.3,23.4,33.2,27.1,16,0.5
270,"OBD.titeet",11.8,44.1,23.4,13.7,6.6,
270,"MTD.tite12",0.1,1.9,9.8,26.4,61.8,0.04
270,"OBD.tite12",7.7,35.2,23.9,19.8,13.3,
270,"MTD.bfet",,,,,,0.9
270,"OBD.bfet",8.8,47.7,25.6,12.6,4.5,
250,"MTD.ours0",1.14,6.62,23.76,31.88,36.56,0.04
250,"OBD.ours0",5.56,46.42,25.48,16.34,5.82,
250,"MTD.bf",0.92,7.06,23.38,32.1,36.54,0
250,"OBD.bf",4.78,44.62,26.24,17.1,7.14,
250,"MTD.ours1",0.9,6.02,23.1,30.86,39.12,0
250,"OBD.ours1",5.06,44.36,25.22,17.58,7.5,
250,"MTD.ours2",0.98,6.58,23.28,30.82,38.34,0
250,"OBD.ours2",6.02,44.72,25.92,16.14,7,
250,"MTD.ours3",1.02,6.9,23.24,32.34,36.5,0
250,"OBD.ours3",6.2,42.16,25.9,18.22,7.34,
250,"MTD.titeet",0.5,22,33.4,25.7,18.3,0.6
250,"OBD.titeet",12,42.1,24,13.8,7.5,
250,"MTD.tite12",0.1,2.3,9.2,27.5,60.9,0.06
250,"OBD.tite12",7.3,34.9,23.2,21.1,13.5,
250,"MTD.bfet",,,,,,1.3
250,"OBD.bfet",8.2,42.8,25.5,17.3,4.9,
342,"MTD.ours0",2.82,36.34,43.9,14.48,2.46,0
342,"OBD.ours0",15.74,59.98,19.54,3.46,0.34,
342,"MTD.bf",2.26,35.76,44.92,14.34,2.72,0
342,"OBD.bf",14.3,58,21.78,4.58,0.72,
342,"MTD.ours1",2.52,34.48,45.78,14.34,2.88,0
342,"OBD.ours1",16.58,57.46,20.92,3.58,0.6,
342,"MTD.ours2",2.62,35.12,45.86,14.12,2.28,0
342,"OBD.ours2",17.48,58.06,20,3.3,0.46,
342,"MTD.ours3",2.52,34.34,45.54,14.78,2.82,0
342,"OBD.ours3",16.02,55.46,21.92,4.72,0.76,
342,"MTD.titeet",2.2,41.1,42,12.5,2.2,2.1
342,"OBD.titeet",20.8,46.3,21.2,8.2,1.4,
342,"MTD.tite12",0.4,12.1,31,30,26.4,0.12
342,"OBD.tite12",18.3,44.2,23.3,10.2,3.8,
342,"MTD.bfet",,,,,,2.2
342,"OBD.bfet",19.8,55.6,18.7,3.2,0.5,
248,"MTD.ours0",5.34,16.98,34.14,31.42,11.92,0.2
248,"OBD.ours0",44.96,29.84,17.22,6.64,1.04,
248,"MTD.bf",4.5,15.96,33.72,32.58,13.12,0.12
248,"OBD.bf",41.24,28.68,18.92,8.94,2.06,
248,"MTD.ours1",5.06,15.4,33.06,31.82,14.5,0.16
248,"OBD.ours1",43.64,28.24,18.36,7.98,1.58,
248,"MTD.ours2",4.7,15.78,33.98,31.46,13.96,0.12
248,"OBD.ours2",42.52,30.4,18.04,7.42,1.46,
248,"MTD.ours3",4.46,15.82,33.54,31.82,14.26,0.1
248,"OBD.ours3",41.2,28.1,19.38,9.2,1.94,
248,"MTD.titeet",16,29.8,32,17.3,4.9,0.1
248,"OBD.titeet",46.9,26.4,16,8.3,2.2,
248,"MTD.tite12",1.1,4.8,28.4,29.1,36.4,0.12
248,"OBD.tite12",35.6,26.3,19.3,13.5,5.1,
248,"MTD.bfet",,,,,,0.8
248,"OBD.bfet",45.3,27.4,16.3,8.6,1.7,
355,"MTD.ours0",1.86,22.3,53.66,18.96,3.22,0
355,"OBD.ours0",13.82,20.88,53.86,6.14,0.7,
355,"MTD.bf",1.26,22.58,53.64,19.48,3.04,0
355,"OBD.bf",14.86,21.84,52.36,7.4,1.16,
355,"MTD.ours1",1.9,22.08,53.06,19.8,3.14,0.02
355,"OBD.ours1",16.44,20.28,52,6.46,0.94,
355,"MTD.ours2",2.18,21.8,53.2,19.46,3.3,0.06
355,"OBD.ours2",15.94,20.52,51.04,6.74,1.04,
355,"MTD.ours3",1.36,22.2,52.48,20.32,3.64,0
355,"OBD.ours3",15.54,20.9,49.44,8.62,1.62,
355,"MTD.titeet",0.9,21,55.3,20.3,2.5,3
355,"OBD.titeet",18.9,16.2,45.7,13.7,2.6,
355,"MTD.tite12",0.2,6.6,31,28.8,32.8,0.62
355,"OBD.tite12",17.7,16.1,43.8,15.6,6.2,
355,"MTD.bfet",,,,,,3.2
355,"OBD.bfet",19.4,20.1,48.5,7.5,1.2,
272,"MTD.ours0",3.06,34.3,44.58,14.46,3.6,0
272,"OBD.ours0",17.04,58.8,19.3,3.44,0.44,
272,"MTD.bf",2.7,34.6,45.16,14.54,3,0
272,"OBD.bf",15.6,57.24,21.7,4.16,0.76,
272,"MTD.ours1",2.7,34.24,43.96,15.34,3.76,0
272,"OBD.ours1",16.58,57.16,20.38,4,0.9,
272,"MTD.ours2",3,34.14,45.14,14.66,3.06,0
272,"OBD.ours2",17.44,56.56,20.42,4.04,0.54,
272,"MTD.ours3",2.62,33.9,44.28,15.88,3.32,0
272,"OBD.ours3",16.36,55.14,21.66,5.08,0.86,
272,"MTD.titeet",2.1,40.4,41.1,13.7,2.6,1.3
272,"OBD.titeet",20.6,46.6,21.3,8.4,1.8,
272,"MTD.tite12",0.4,12.1,31.2,30.4,25.6,0.24
272,"OBD.tite12",18.8,42.5,24.2,10.6,3.7,
272,"MTD.bfet",,,,,,1.1
272,"OBD.bfet",18.2,54.7,20.5,4.9,0.6,
295,"MTD.ours0",2,23.32,52.58,18.78,3.32,0
295,"OBD.ours0",14.74,20.94,52.6,6.24,0.8,
295,"MTD.bf",1.26,22.56,53.7,19.44,3.04,0
295,"OBD.bf",14.82,21.82,52.42,7.38,1.16,
295,"MTD.ours1",1.78,22.16,53.56,19,3.46,0.04
295,"OBD.ours1",16.6,20.1,51.68,6.7,0.9,
295,"MTD.ours2",1.9,21.06,53.72,19.3,3.98,0.04
295,"OBD.ours2",15.42,19.64,52.04,7.44,1.02,
295,"MTD.ours3",1.34,22.02,52.74,20.34,3.56,0
295,"OBD.ours3",15.68,20.72,49.8,8.24,1.72,
295,"MTD.titeet",1.2,20.6,56.5,19.1,2.6,3
295,"OBD.titeet",19.6,16.7,46.5,11.8,2.4,
295,"MTD.tite12",0.2,6.7,30.8,28.4,33.1,0.72
295,"OBD.tite12",17.7,16.8,43.1,15.6,6.1,
295,"MTD.bfet",,,,,,2.9
295,"OBD.bfet",17.9,19.7,50.1,8.1,1.3,
325,"MTD.ours0",1.98,22.9,52.9,18.72,3.5,0
325,"OBD.ours0",13.98,20.8,53.12,6.32,0.88,
325,"MTD.bf",1.26,22.56,53.7,19.44,3.04,0
325,"OBD.bf",14.82,21.82,52.42,7.38,1.16,
325,"MTD.ours1",1.66,21.72,53.46,19.8,3.36,0
325,"OBD.ours1",16.02,20.66,51.94,6.84,0.78,
325,"MTD.ours2",2.16,21.12,53.62,19.24,3.86,0
325,"OBD.ours2",15.34,19.92,51.9,7.44,1.04,
325,"MTD.ours3",1.34,22.1,52.5,20.52,3.54,0
325,"OBD.ours3",15.52,20.8,49.72,8.42,1.68,
325,"MTD.titeet",0.9,21.6,57,18,2.5,3.3
325,"OBD.titeet",18.6,16.9,46.5,12,2.7,
325,"MTD.tite12",0.3,6.9,31,29.1,32.2,0.44
325,"OBD.tite12",17.2,16.5,43.5,15.9,6.4,
325,"MTD.bfet",,,,,,3
325,"OBD.bfet",18.5,20,49.4,7.8,1.2,
305,"MTD.ours0",2.16,23.72,50.62,19.98,3.5,0.02
305,"OBD.ours0",15.66,21.48,50.74,7.3,0.82,
305,"MTD.bf",1.34,22.28,53.1,19.74,3.54,0
305,"OBD.bf",15.68,21.08,52.1,7.64,1.1,
305,"MTD.ours1",2.02,22.28,52.42,19.06,4.2,0.02
305,"OBD.ours1",16.52,20.78,50.64,7.52,0.94,
305,"MTD.ours2",1.92,23.24,50.24,20.08,4.5,0.02
305,"OBD.ours2",17.42,20.14,49.8,7.76,1.1,
305,"MTD.ours3",1.46,21.96,51.1,21.02,4.46,0
305,"OBD.ours3",15.22,20.14,49.58,9.94,1.3,
305,"MTD.titeet",1.4,19.3,55.8,20.1,3.4,2
305,"OBD.titeet",18.9,15.8,44.8,14.5,4,
305,"MTD.tite12",0.2,6.1,31.1,28.8,33.1,0.72
305,"OBD.tite12",16.5,16.6,44.2,15.5,6.5,
305,"MTD.bfet",,,,,,3.2
305,"OBD.bfet",19.8,19.8,47,9.1,1,
316,"MTD.ours0",0.06,2.62,18.28,55.46,23.58,0
316,"OBD.ours0",4.58,12.04,19.2,52.7,8.4,
316,"MTD.bf",0.14,2.56,17.64,56.54,23.12,0
316,"OBD.bf",7.92,11.22,19.08,51.3,9.34,
316,"MTD.ours1",0.1,2.54,18.38,54.64,24.34,0
316,"OBD.ours1",4.68,12.18,18.92,51.64,8.82,
316,"MTD.ours2",0.16,2.02,18.96,55.64,23.22,0
316,"OBD.ours2",5.58,11.84,19.48,50.46,9.06,
316,"MTD.ours3",0.12,1.94,18.42,55.74,23.78,0
316,"OBD.ours3",4.62,12.32,18.36,50.46,11.28,
316,"MTD.titeet",0.1,2.1,21.5,59,17.3,0.7
316,"OBD.titeet",12.9,15.7,16.4,42.3,12,
316,"MTD.tite12",0,0.8,7.7,31.4,59.9,0.1
316,"OBD.tite12",11.2,13.9,15.2,42,17.6,
316,"MTD.bfet",,,,,,1.4
316,"OBD.bfet",10.2,12.8,17.1,49.6,8.9,
346,"MTD.ours0",0.06,2.52,19.2,55.18,23.04,0
346,"OBD.ours0",5.04,12.36,19.36,52.5,7.7,
346,"MTD.bf",0.14,2.5,18.1,56.78,22.48,0
346,"OBD.bf",8.02,11.68,19.34,51.2,8.62,
346,"MTD.ours1",0.12,2.28,18.42,56.08,23.1,0
346,"OBD.ours1",5.58,13.12,18.16,51.92,8.18,
346,"MTD.ours2",0.16,2.14,18.38,55.3,24.02,0
346,"OBD.ours2",5.74,12.2,17.74,52.68,8.52,
346,"MTD.ours3",0.16,2.14,17.58,56.4,23.72,0
346,"OBD.ours3",4.66,11.64,18.64,51.34,10.84,
346,"MTD.titeet",0.1,2.2,20.4,60.3,17,0.8
346,"OBD.titeet",12.3,16.2,16,43.1,11.7,
346,"MTD.tite12",0,0.8,8,32.7,58.3,0.18
346,"OBD.tite12",10.4,14,15,43.5,17,
346,"MTD.bfet",,,,,,1.6
346,"OBD.bfet",10.9,13.9,17.7,48,7.9,
302,"MTD.ours0",3.06,35.08,43.7,15.62,2.54,0
302,"OBD.ours0",16.32,57.3,21.96,3.18,0.24,
302,"MTD.bf",2.68,34.3,45.26,14.54,3.22,0
302,"OBD.bf",15.12,57.08,21.88,4.48,0.78,
302,"MTD.ours1",3.02,33.96,44.4,15.1,3.5,0.02
302,"OBD.ours1",17.86,56.86,20,3.72,0.5,
302,"MTD.ours2",2.86,33.96,44.36,15.6,3.14,0.08
302,"OBD.ours2",17.16,56.96,20.46,3.88,0.56,
302,"MTD.ours3",2.78,33.66,44.54,15.62,3.4,0
302,"OBD.ours3",16.7,54.44,21.72,5.5,0.66,
302,"MTD.titeet",1.6,41.6,41.6,12.5,2.7,1.8
302,"OBD.titeet",20.5,45.9,21.4,8.5,1.9,
302,"MTD.tite12",0.6,11.6,31.4,29.4,26.5,0.36
302,"OBD.tite12",18.6,42.4,24.1,10.7,3.9,
302,"MTD.bfet",,,,,,2
302,"OBD.bfet",20.6,52.9,20,4.2,0.3,
322,"MTD.ours0",2.42,36.6,45.22,13.66,2.08,0.02
322,"OBD.ours0",15.62,60.18,20.1,3.02,0.22,
322,"MTD.bf",2.12,35.44,46.42,13.48,2.54,0
322,"OBD.bf",14.06,58.84,21.52,4.4,0.7,
322,"MTD.ours1",2.92,34.22,46.62,13.48,2.74,0.02
322,"OBD.ours1",17.34,58.84,19.34,3.18,0.4,
322,"MTD.ours2",3.14,36.24,44.78,13.18,2.66,0
322,"OBD.ours2",17,58.5,19.56,3.3,0.4,
322,"MTD.ours3",2.44,33.76,46.86,13.92,3.02,0
322,"OBD.ours3",15.98,56.38,20.88,4.86,0.82,
322,"MTD.titeet",1.6,43.2,40.5,13,1.7,2.5
322,"OBD.titeet",20.1,48.4,20.9,6.8,1.3,
322,"MTD.tite12",0.3,12.5,30.5,30,26.4,0.24
322,"OBD.tite12",18,44.5,22.7,10.6,4,
322,"MTD.bfet",,,,,,1.3
322,"OBD.bfet",19,57.1,18.4,3.8,0.6,
276,"MTD.ours0",0.04,2.44,18.92,55.26,23.34,0
276,"OBD.ours0",4.54,12.08,21.8,50.88,8.2,
276,"MTD.bf",0.14,2.68,17.92,56.2,23.06,0
276,"OBD.bf",7.8,11.92,19.62,50.62,8.94,
276,"MTD.ours1",0.08,2.32,19.1,53.1,25.4,0
276,"OBD.ours1",4.86,13.1,19.64,50.2,9.3,
276,"MTD.ours2",0.16,2.3,19.48,54.3,23.76,0
276,"OBD.ours2",5.06,13.38,19.46,50.72,8.2,
276,"MTD.ours3",0.16,2.24,18.2,54.94,24.46,0
276,"OBD.ours3",4.38,12.68,18.56,51.2,10.4,
276,"MTD.titeet",0.1,2.1,18.8,59.7,19.3,0.5
276,"OBD.titeet",11.9,15.6,15,42.3,14.7,
276,"MTD.tite12",0,0.8,8.2,31.9,58.8,0.24
276,"OBD.tite12",11.2,13.8,15.5,42.8,16.4,
276,"MTD.bfet",,,,,,1
276,"OBD.bfet",9.8,12.1,17,50.7,9.5,
352,"MTD.ours0",2.46,35.74,45.4,14.36,2.04,0
352,"OBD.ours0",15.44,59.46,20.76,3.18,0.26,
352,"MTD.bf",2.12,35.48,46.34,13.5,2.56,0
352,"OBD.bf",14.04,58.82,21.54,4.42,0.7,
352,"MTD.ours1",3.06,35.04,46.06,13.2,2.64,0
352,"OBD.ours1",16.72,59.38,19.32,3.12,0.4,
352,"MTD.ours2",2.78,37.26,43.68,14,2.26,0.02
352,"OBD.ours2",16.9,59.74,18.56,3.22,0.36,
352,"MTD.ours3",2.46,33.8,46.88,13.88,2.98,0
352,"OBD.ours3",16.06,56.34,20.96,4.76,0.82,
352,"MTD.titeet",1.8,44.2,39.3,12.8,1.9,2.7
352,"OBD.titeet",20,47.8,21.2,6.9,1.4,
352,"MTD.tite12",0.5,11.8,29.9,30.4,27.1,0.24
352,"OBD.tite12",18.6,43.2,23.2,10.8,4,
352,"MTD.bfet",,,,,,1.3
352,"OBD.bfet",19.5,57.4,17.7,3.6,0.5,
286,"MTD.ours0",0.18,2.42,19.24,55.1,23.06,0
286,"OBD.ours0",4.5,12.32,19.32,52.56,7.62,
286,"MTD.bf",0.14,2.58,17.62,56.58,23.08,0
286,"OBD.bf",7.92,11.2,19.1,51.3,9.34,
286,"MTD.ours1",0.1,2.5,18.36,54.98,24.06,0
286,"OBD.ours1",5.74,12.46,18.36,51.48,8.92,
286,"MTD.ours2",0.16,2.24,18.46,54.74,24.4,0
286,"OBD.ours2",5.16,11.74,18.22,52.76,8.62,
286,"MTD.ours3",0.12,2.02,18.34,55.52,24,0
286,"OBD.ours3",4.68,11.9,18.86,50.4,11.36,
286,"MTD.titeet",0.1,2.8,20.4,59.8,16.9,1
286,"OBD.titeet",12.1,16.6,16.7,41.6,12,
286,"MTD.tite12",0,0.9,7.7,31.8,59.3,0.28
286,"OBD.tite12",10.8,13.9,15.1,42.1,17.8,
286,"MTD.bfet",,,,,,1.3
286,"OBD.bfet",9.7,12.4,16.8,50,9.7,
335,"MTD.ours0",2.06,22.18,51.52,20.16,4.06,0.02
335,"OBD.ours0",15.08,21.54,51.14,7.2,0.82,
335,"MTD.bf",1.34,22.32,52.56,20.14,3.64,0
335,"OBD.bf",15.3,21.48,51.88,7.86,1.16,
335,"MTD.ours1",2.06,22.22,49.84,21.4,4.48,0
335,"OBD.ours1",16.74,20.02,50.42,7.7,1.18,
335,"MTD.ours2",1.84,22.66,52.24,19.72,3.52,0.02
335,"OBD.ours2",16.68,20.96,50.32,7.2,0.88,
335,"MTD.ours3",1.58,22.18,50.82,21.04,4.38,0
335,"OBD.ours3",15.08,20.48,49.44,9.34,1.64,
335,"MTD.titeet",1.3,20,55.4,19.7,3.7,1.9
335,"OBD.titeet",18.5,15.2,46.3,14.1,3.9,
335,"MTD.tite12",0.2,6.7,30.1,29,33.3,0.58
335,"OBD.tite12",16.9,16.1,43.9,15.8,6.8,
335,"MTD.bfet",,,,,,4.1
335,"OBD.bfet",20.7,20.6,44.9,8.5,1.1,
292,"MTD.ours0",2.66,36.46,44.74,13.82,2.3,0.02
292,"OBD.ours0",15.78,59.78,20.02,3.16,0.26,
292,"MTD.bf",2.12,35.44,46.42,13.48,2.54,0
292,"OBD.bf",14.06,58.84,21.52,4.4,0.7,
292,"MTD.ours1",2.94,35.42,45.22,13.68,2.68,0.06
292,"OBD.ours1",17.98,59.02,18.5,3.26,0.42,
292,"MTD.ours2",2.86,36.44,44.76,13.44,2.48,0.02
292,"OBD.ours2",17.02,59.08,19.1,3.3,0.32,
292,"MTD.ours3",2.38,33.82,46.58,14.2,3.02,0
292,"OBD.ours3",15.72,56.58,20.86,4.9,0.86,
292,"MTD.titeet",2,41.7,41.8,12.4,2.2,2.2
292,"OBD.titeet",21.3,47.1,21.8,6.3,1.3,
292,"MTD.tite12",0.7,12.5,30.2,30,26.3,0.28
292,"OBD.tite12",18.2,43.6,24.6,9.4,3.8,
292,"MTD.bfet",,,,,,1.2
292,"OBD.bfet",17.8,57.2,19.1,4,0.7,
332,"MTD.ours0",3.06,34.02,45.06,14.66,3.2,0
332,"OBD.ours0",16.6,58.3,20.34,3.46,0.46,
332,"MTD.bf",2.44,35.02,45,14.54,3,0
332,"OBD.bf",14.64,57.68,21.98,4.48,0.66,
332,"MTD.ours1",2.68,34.98,43.3,15.92,3.1,0.02
332,"OBD.ours1",17.7,57.16,19.44,4.2,0.54,
332,"MTD.ours2",2.98,34.74,44.86,14.14,3.28,0
332,"OBD.ours2",17.54,56.26,21.08,3.76,0.46,
332,"MTD.ours3",2.66,34.3,44.7,14.92,3.42,0
332,"OBD.ours3",16.66,55.02,21.62,4.64,0.76,
332,"MTD.titeet",2.5,41.1,40.9,12.9,2.6,1.7
332,"OBD.titeet",20.5,46.4,21,8,2.4,
332,"MTD.tite12",0.4,12.2,30.9,29.7,26.4,0.32
332,"OBD.tite12",17.8,42.5,24.9,10.1,4.3,
332,"MTD.bfet",,,,,,2.6
332,"OBD.bfet",23.4,50.3,19,4.2,0.5,
347,"MTD.ours0",2.5,35.94,45.28,13.52,2.72,0.04
347,"OBD.ours0",55.66,30.5,11.72,1.8,0.2,
347,"MTD.bf",2.42,35.52,44.94,14.82,2.3,0
347,"OBD.bf",51.06,31.46,13.92,3.06,0.48,
347,"MTD.ours1",2.86,35.12,45.38,13.88,2.76,0
347,"OBD.ours1",56.04,29.96,11.64,2.04,0.2,
347,"MTD.ours2",3.02,34.88,45.56,13.78,2.74,0.02
347,"OBD.ours2",56.26,29.92,11.42,2.06,0.26,
347,"MTD.ours3",2.48,34.5,45.12,15.18,2.72,0
347,"OBD.ours3",54.1,28.28,13.12,3.74,0.64,
347,"MTD.titeet",12.6,41,34.3,10.3,1.8,0.3
347,"OBD.titeet",52.9,27.4,13.8,4.8,0.9,
347,"MTD.tite12",0.9,12.6,38.4,24.8,23.1,0.16
347,"OBD.tite12",44.1,28.4,16.7,7.5,3.2,
347,"MTD.bfet",,,,,,0.3
347,"OBD.bfet",58.5,29.3,9.8,1.9,0.3,
326,"MTD.ours0",0.12,2.62,18.34,56.56,22.36,0
326,"OBD.ours0",4.76,12.64,19.72,52.72,7.32,
326,"MTD.bf",0.14,2.28,18.4,56.46,22.72,0
326,"OBD.bf",7.7,11.28,19.56,51.52,8.74,
326,"MTD.ours1",0.04,2.26,17.96,57.24,22.5,0
326,"OBD.ours1",5.36,12.5,18.4,52.48,7.92,
326,"MTD.ours2",0.04,2.3,18.62,56.48,22.56,0
326,"OBD.ours2",5.74,12.28,18.02,52.78,7.88,
326,"MTD.ours3",0.12,2.24,17.94,56.74,22.96,0
326,"OBD.ours3",4.92,12.34,18.16,51.26,10.42,
326,"MTD.titeet",0.1,2.4,21,60.3,16.2,1.3
326,"OBD.titeet",11.5,16.9,16.9,42.7,10.6,
326,"MTD.tite12",0,0.7,8.2,32.8,58,0.2
326,"OBD.tite12",10.8,14.1,15.6,42.2,17.1,
326,"MTD.bfet",,,,,,1.3
326,"OBD.bfet",10.2,12.7,17.3,49.4,9.1,
317,"MTD.ours0",2.6,35.34,45.94,13.84,2.28,0
317,"OBD.ours0",54.66,30.74,12.64,1.74,0.12,
317,"MTD.bf",2.6,35.98,44.98,13.9,2.54,0
317,"OBD.bf",50.8,31.7,13.78,3.12,0.58,
317,"MTD.ours1",2.86,34.28,45.6,14.5,2.76,0
317,"OBD.ours1",55.38,30.5,11.38,2.4,0.18,
317,"MTD.ours2",2.6,35.42,45.88,13.44,2.66,0
317,"OBD.ours2",56.36,30,11.12,2.26,0.14,
317,"MTD.ours3",2.46,34.16,45.56,14.94,2.88,0
317,"OBD.ours3",53.96,28.82,12.9,3.48,0.7,
317,"MTD.titeet",11.8,39.9,34.7,11.8,1.8,0.2
317,"OBD.titeet",51.7,28.8,13.2,5.1,0.9,
317,"MTD.tite12",0.7,12.4,38.2,26.2,22.5,0.12
317,"OBD.tite12",45,28.3,16,7.8,2.7,
317,"MTD.bfet",,,,,,0.1
317,"OBD.bfet",57.2,29.7,10.7,2,0.3,
356,"MTD.ours0",0.12,2.3,18.86,57.22,21.5,0
356,"OBD.ours0",4.68,12.4,19.92,53.26,6.8,
356,"MTD.bf",0.14,2.28,18.4,56.48,22.7,0
356,"OBD.bf",7.7,11.28,19.56,51.52,8.74,
356,"MTD.ours1",0.08,2.12,17.86,57.14,22.8,0
356,"OBD.ours1",5.64,13.32,17.76,52.3,8.26,
356,"MTD.ours2",0.08,2.02,18.76,56.74,22.4,0
356,"OBD.ours2",5.82,12.68,17.94,52.56,7.92,
356,"MTD.ours3",0.12,2.2,18.04,56.5,23.14,0
356,"OBD.ours3",4.84,12.32,18.28,51.1,10.6,
356,"MTD.titeet",0.1,2.6,21.2,59.1,17,1
356,"OBD.titeet",12.8,16.5,16.6,42.2,10.8,
356,"MTD.tite12",0,1,8.9,33.2,56.8,0.12
356,"OBD.tite12",11,14.3,15.9,42.4,16.3,
356,"MTD.bfet",,,,,,1.4
356,"OBD.bfet",10.5,12.8,17.8,48.9,8.7,
287,"MTD.ours0",2.46,35.46,46.54,13.32,2.2,0.02
287,"OBD.ours0",54.32,31.2,12.4,1.72,0.2,
287,"MTD.bf",2.6,35.98,44.98,13.9,2.54,0
287,"OBD.bf",50.8,31.72,13.76,3.12,0.58,
287,"MTD.ours1",2.76,36.06,44.04,14.44,2.64,0.06
287,"OBD.ours1",56.5,29.98,10.96,2.2,0.18,
287,"MTD.ours2",2.74,36.18,45,13.28,2.78,0.02
287,"OBD.ours2",56.22,29.64,11.42,2.38,0.2,
287,"MTD.ours3",2.44,34.32,45.54,14.74,2.96,0
287,"OBD.ours3",54,28.92,12.86,3.48,0.62,
287,"MTD.titeet",12.8,41.1,34.4,10.2,1.5,0.1
287,"OBD.titeet",52.4,27.6,13.9,4.8,1.3,
287,"MTD.tite12",0.9,12.2,38.5,25.8,22.6,0.06
287,"OBD.tite12",45.7,28,15.8,7.8,2.6,
287,"MTD.bfet",,,,,,0.1
287,"OBD.bfet",55.2,30.3,11.8,2.3,0.4,
296,"MTD.ours0",0.06,2.24,19.16,56.48,22.04,0.02
296,"OBD.ours0",4.82,13.14,19.58,52.34,7.08,
296,"MTD.bf",0.14,2.28,18.4,56.46,22.72,0
296,"OBD.bf",7.7,11.28,19.56,51.52,8.74,
296,"MTD.ours1",0.1,2.62,18.78,54.78,23.72,0
296,"OBD.ours1",5.54,13.02,18.2,51.46,8.32,
296,"MTD.ours2",0.14,2.2,18.86,55.44,23.36,0
296,"OBD.ours2",5.36,13.34,18.84,51,8.42,
296,"MTD.ours3",0.12,2.22,17.94,56.56,23.16,0
296,"OBD.ours3",4.84,12.28,18.18,51.38,10.44,
296,"MTD.titeet",0.1,2.9,22.4,59.8,14.9,1.2
296,"OBD.titeet",12.8,16.4,17.3,42.3,10.1,
296,"MTD.tite12",0,0.7,8.8,32.1,58,0.4
296,"OBD.tite12",10.8,13.8,15.9,43.3,15.7,
296,"MTD.bfet",,,,,,1.2
296,"OBD.bfet",9.8,12.7,17.1,49.5,9.7,
306,"MTD.ours0",0.24,2.52,18.12,56.34,22.78,0
306,"OBD.ours0",4.92,12.5,19.76,52.24,7.84,
306,"MTD.bf",0.14,2.5,18.14,55.6,23.62,0
306,"OBD.bf",7.66,11.78,19.78,50.62,9.08,
306,"MTD.ours1",0.14,2.34,18.52,54.46,24.54,0
306,"OBD.ours1",4.74,11.94,20.34,50.36,9.36,
306,"MTD.ours2",0.1,2.16,19.34,55.24,23.16,0
306,"OBD.ours2",5.28,13.02,19.6,51.12,8.16,
306,"MTD.ours3",0.18,2.24,17.64,55.2,24.74,0
306,"OBD.ours3",4.44,11.76,18.68,51.9,10.42,
306,"MTD.titeet",0.1,1.7,20,58.7,19.4,0.5
306,"OBD.titeet",11.5,16.1,14.8,43,14.1,
306,"MTD.tite12",0,0.9,7.6,32.7,58.5,0.26
306,"OBD.tite12",10.4,14.8,14.9,43,16.7,
306,"MTD.bfet",,,,,,1.1
306,"OBD.bfet",10.3,12.5,18.7,48.9,8.4,
277,"MTD.ours0",3.24,35.1,43.92,14.46,3.26,0.02
277,"OBD.ours0",55.48,29.7,12.06,2.2,0.38,
277,"MTD.bf",2.76,34.9,44.44,15.06,2.84,0
277,"OBD.bf",51.4,31.22,13.56,3.18,0.6,
277,"MTD.ours1",2.56,34.72,44.72,14.64,3.32,0.04
277,"OBD.ours1",54.74,30.84,11.04,2.68,0.54,
277,"MTD.ours2",2.92,33.98,43.54,16.14,3.42,0
277,"OBD.ours2",53.5,31.2,12.2,2.56,0.38,
277,"MTD.ours3",2.64,34.1,44.24,15.92,3.1,0
277,"OBD.ours3",53.68,29.04,12.96,3.66,0.52,
277,"MTD.titeet",11.7,39.5,35.3,11,2.4,0.1
277,"OBD.titeet",50.9,28.2,13.8,5.4,1.6,
277,"MTD.tite12",0.7,11.1,39.1,26.2,22.7,0.18
277,"OBD.tite12",45.5,26.8,16,8.7,2.8,
277,"MTD.bfet",,,,,,0.3
277,"OBD.bfet",53.5,30.6,12.3,2.9,0.4,
314,"MTD.ours0",0.04,0.24,2.64,26.62,70.46,0
314,"OBD.ours0",1.64,5.42,10.46,59.86,22.04,
314,"MTD.bf",0,0.3,2.52,27.06,70.12,0
314,"OBD.bf",2.34,4.6,9.46,59.24,24.2,
314,"MTD.ours1",0,0.3,3.28,25.24,71.18,0
314,"OBD.ours1",2.06,6.52,10.94,57.34,22.6,
314,"MTD.ours2",0,0.32,2.58,26.48,70.62,0
314,"OBD.ours2",1.6,6.26,10.62,58.28,22.9,
314,"MTD.ours3",0,0.26,2.56,26.14,71.04,0
314,"OBD.ours3",1.64,6.02,10.26,55.6,26,
314,"MTD.titeet",0,0.3,4.4,42.6,52.7,0.2
314,"OBD.titeet",9.6,13.5,14.6,42.8,19.4,
314,"MTD.tite12",0,0.1,1.6,12,86.3,0.02
314,"OBD.tite12",7.2,9.9,10.8,49.5,22.6,
314,"MTD.bfet",,,,,,0.3
314,"OBD.bfet",4.7,7.3,11.9,55.7,20.2,
274,"MTD.ours0",0.02,0.34,2.68,26.5,70.46,0
274,"OBD.ours0",2.24,5.08,10.82,59.82,21.64,
274,"MTD.bf",0,0.32,2.48,27.04,70.16,0
274,"OBD.bf",2.62,4.94,10.26,59.1,22.9,
274,"MTD.ours1",0,0.38,2.8,26.04,70.78,0
274,"OBD.ours1",1.82,5.9,11.06,58.96,21.78,
274,"MTD.ours2",0,0.3,2.58,27.42,69.7,0
274,"OBD.ours2",1.98,5.4,11.52,57.78,22.82,
274,"MTD.ours3",0,0.26,2.46,26.8,70.48,0
274,"OBD.ours3",1.66,5.5,10.64,57.56,24.12,
274,"MTD.titeet",0,0.2,3.3,40.7,55.8,0.1
274,"OBD.titeet",8.4,14,14.3,43.5,19.7,
274,"MTD.tite12",0,0.1,1.2,12.6,86.1,0.04
274,"OBD.tite12",6.3,10.3,12.7,49,21.7,
274,"MTD.bfet",,,,,,0.2
274,"OBD.bfet",3.5,6.8,10.8,57.1,21.8,
337,"MTD.ours0",3.24,34.2,45.84,14.26,2.42,0.04
337,"OBD.ours0",55.2,30.48,12.18,1.86,0.16,
337,"MTD.bf",2.5,34.96,45.54,14.24,2.76,0
337,"OBD.bf",50.9,31.32,14.22,3.1,0.44,
337,"MTD.ours1",3.22,33.46,45.4,14.66,3.22,0.04
337,"OBD.ours1",55.24,29.92,11.64,2.58,0.52,
337,"MTD.ours2",2.96,34.5,45.52,13.86,3.16,0
337,"OBD.ours2",55.8,29.32,12.16,2.28,0.34,
337,"MTD.ours3",2.7,34,44.76,15.34,3.2,0
337,"OBD.ours3",53.9,29.1,12.54,3.84,0.4,
337,"MTD.titeet",12,39.8,35.4,10.7,2.1,0.1
337,"OBD.titeet",52.6,27.1,13.1,5.5,1.5,
337,"MTD.tite12",0.9,11.7,38,25.8,23.5,0.18
337,"OBD.tite12",43.6,27.7,17.1,8.1,3.3,
337,"MTD.bfet",,,,,,1
337,"OBD.bfet",56.2,28.7,11.1,2.7,0.2,
284,"MTD.ours0",0.06,0.2,2.24,25.92,71.58,0
284,"OBD.ours0",1.98,5,10.4,59.6,22.58,
284,"MTD.bf",0,0.3,2.52,27.06,70.12,0
284,"OBD.bf",2.34,4.62,9.46,59.24,24.18,
284,"MTD.ours1",0.04,0.22,2.7,25.86,71.18,0
284,"OBD.ours1",1.74,5.94,10.6,58.56,22.64,
284,"MTD.ours2",0.04,0.26,2.84,26.32,70.54,0
284,"OBD.ours2",2.08,5.98,10.76,56.54,24.12,
284,"MTD.ours3",0,0.26,2.46,26.04,71.24,0
284,"OBD.ours3",1.68,5.8,10.62,55.34,26.08,
284,"MTD.titeet",0,0.4,4.1,41.7,53.8,0.2
284,"OBD.titeet",9.4,13.3,14.9,42.6,19.6,
284,"MTD.tite12",0,0.1,1.7,12.8,85.3,0.04
284,"OBD.tite12",6.7,9.6,12,48.2,23.4,
284,"MTD.bfet",,,,,,0.2
284,"OBD.bfet",4.4,6.4,11.5,54.7,22.7,
307,"MTD.ours0",2.72,36.06,43.86,14.12,3.22,0.02
307,"OBD.ours0",55.4,29.86,12.38,2.06,0.26,
307,"MTD.bf",2.8,34.62,44.92,14.6,3.06,0
307,"OBD.bf",50.6,31.18,14.44,3.1,0.66,
307,"MTD.ours1",2.82,34.54,43.96,15.2,3.46,0.02
307,"OBD.ours1",55.82,29.34,11.68,2.66,0.34,
307,"MTD.ours2",2.74,33.24,45.14,15.44,3.44,0
307,"OBD.ours2",54.04,30.36,12.56,2.46,0.48,
307,"MTD.ours3",2.64,33.68,45.26,15.3,3.12,0
307,"OBD.ours3",53.88,29.08,12.8,3.66,0.44,
307,"MTD.titeet",12.8,40,34.9,9.9,2.4,0.1
307,"OBD.titeet",51.1,28.1,13.8,5.3,1.6,
307,"MTD.tite12",0.8,12.7,39.2,25.8,21.5,0.12
307,"OBD.tite12",45.4,27.7,16.5,7.3,3.1,
307,"MTD.bfet",,,,,,0.5
307,"OBD.bfet",54.4,30.2,11.9,2.9,0.2,
336,"MTD.ours0",0.12,1.94,19,55,23.94,0
336,"OBD.ours0",4.74,12.28,19.78,53.1,7.52,
336,"MTD.bf",0.14,2.58,18.16,55.46,23.66,0
336,"OBD.bf",8.18,11.88,19.06,50.36,9.34,
336,"MTD.ours1",0.16,2.32,18.22,55.46,23.84,0
336,"OBD.ours1",5.4,11.92,20.1,51.66,8.32,
336,"MTD.ours2",0.14,2.62,17.98,56.02,23.24,0
336,"OBD.ours2",5.66,11.94,18.76,53.56,7.5,
336,"MTD.ours3",0.14,2.1,17.86,56.04,23.86,0
336,"OBD.ours3",4.7,11.82,19.52,50.84,10.34,
336,"MTD.titeet",0,1.8,18.4,59.4,20.3,0.4
336,"OBD.titeet",11.5,15.1,16.6,42.4,13.9,
336,"MTD.tite12",0,0.7,8,33.4,57.6,0.3
336,"OBD.tite12",10.9,14.1,15.4,42.6,16.6,
336,"MTD.bfet",,,,,,1.3
336,"OBD.bfet",10.8,13.2,18.9,47.7,8.1,
344,"MTD.ours0",0,0.12,2.56,26.76,70.56,0
344,"OBD.ours0",1.6,5.1,9.74,60.84,22.16,
344,"MTD.bf",0,0.28,2.64,26.6,70.48,0
344,"OBD.bf",1.96,4.96,9.6,59.3,24,
344,"MTD.ours1",0.04,0.3,2.94,26.82,69.9,0
344,"OBD.ours1",2.56,6,10.52,56.78,23.58,
344,"MTD.ours2",0,0.38,2.54,26.84,70.24,0
344,"OBD.ours2",2.02,5.94,10.06,58.48,23,
344,"MTD.ours3",0,0.34,2.6,26.64,70.42,0
344,"OBD.ours3",1.86,5.66,10.02,55.98,25.92,
344,"MTD.titeet",0,0.5,4,43.2,52.3,0.2
344,"OBD.titeet",9.3,13.4,14.1,44.2,18.8,
344,"MTD.tite12",0,0.1,1.7,12.4,85.8,0.02
344,"OBD.tite12",7,10,11.9,49,22.1,
344,"MTD.bfet",,,,,,0.3
344,"OBD.bfet",5.2,7.7,13,55.7,18,
297,"MTD.ours0",2.74,35.38,45.8,13.68,2.38,0.02
297,"OBD.ours0",55.22,30.6,11.92,1.92,0.2,
297,"MTD.bf",2.32,35.52,46.36,13.6,2.2,0
297,"OBD.bf",50.78,31.96,13.6,3.14,0.48,
297,"MTD.ours1",2.58,35.64,45.32,13.6,2.86,0
297,"OBD.ours1",56.44,29.42,11.48,2.26,0.32,
297,"MTD.ours2",2.38,35.3,45.68,14.2,2.44,0
297,"OBD.ours2",57.24,29.32,11.06,1.98,0.28,
297,"MTD.ours3",2.54,34.08,46.04,14.44,2.9,0
297,"OBD.ours3",54.74,28.76,12.42,3.4,0.58,
297,"MTD.titeet",12.1,42.8,33.6,9.9,1.5,0.1
297,"OBD.titeet",52.9,27.5,13.7,5,0.8,
297,"MTD.tite12",0.8,11.9,39.5,26.2,21.5,0.04
297,"OBD.tite12",45.3,27.4,17.2,7.2,2.9,
297,"MTD.bfet",,,,,,0
297,"OBD.bfet",56.1,30.3,10.6,2.6,0.4,
357,"MTD.ours0",2.56,34.28,47.28,13.22,2.64,0.02
357,"OBD.ours0",55.5,29.72,12.28,2.14,0.22,
357,"MTD.bf",2.32,35.54,46.28,13.64,2.22,0
357,"OBD.bf",50.76,31.92,13.66,3.14,0.48,
357,"MTD.ours1",2.58,34.68,45.62,13.96,3.16,0
357,"OBD.ours1",55.12,30.14,12.08,2.32,0.24,
357,"MTD.ours2",2.48,35.38,45.96,13.66,2.52,0
357,"OBD.ours2",57.7,28.82,11.36,1.84,0.18,
357,"MTD.ours3",2.46,34.24,46.42,14.06,2.82,0
357,"OBD.ours3",54.88,28.88,12.2,3.44,0.48,
357,"MTD.titeet",13.5,41.7,33.2,10,1.6,0.2
357,"OBD.titeet",52.9,27.8,13.9,4.2,1,
357,"MTD.tite12",0.7,12,39,25.2,23,0.12
357,"OBD.tite12",44.7,27.4,16.5,8,3.3,
357,"MTD.bfet",,,,,,0.1
357,"OBD.bfet",57.7,30.2,9.6,2.2,0.3,
304,"MTD.ours0",0.04,0.5,2.94,26.98,69.54,0
304,"OBD.ours0",2.02,5.74,11.04,59.7,21.06,
304,"MTD.bf",0,0.28,2.56,27.08,70.08,0
304,"OBD.bf",2.08,4.76,9.74,59.72,23.52,
304,"MTD.ours1",0,0.28,3.02,26.82,69.88,0
304,"OBD.ours1",1.86,5.98,10.7,58.8,22.18,
304,"MTD.ours2",0,0.48,3.08,26.58,69.86,0
304,"OBD.ours2",1.9,6.64,10.16,57.14,23.6,
304,"MTD.ours3",0,0.26,2.48,26.56,70.7,0
304,"OBD.ours3",1.62,5.54,10.2,57.16,25.02,
304,"MTD.titeet",0,0.3,3,40.6,56.1,0.1
304,"OBD.titeet",8.2,13.3,14.1,44.5,19.9,
304,"MTD.tite12",0,0.1,1.5,11.6,86.7,0.02
304,"OBD.tite12",7,10,11.7,47.1,24.2,
304,"MTD.bfet",,,,,,0.2
304,"OBD.bfet",4.4,7.2,13.3,56.7,18.1,
313,"MTD.ours0",0.06,2.26,24.18,55.24,18.26,0
313,"OBD.ours0",2.18,4.94,65.22,22.1,4.32,
313,"MTD.bf",0.14,2.48,22.9,56.34,18.14,0
313,"OBD.bf",2.3,5.38,63.38,23.04,5.06,
313,"MTD.ours1",0.06,2.38,22.64,56.96,17.96,0
313,"OBD.ours1",2.04,5.9,64.06,23.4,3.62,
313,"MTD.ours2",0.12,2.66,23.38,55.34,18.5,0
313,"OBD.ours2",2.34,6.98,62.8,22.56,4.36,
313,"MTD.ours3",0.12,1.96,22.76,55.92,19.24,0
313,"OBD.ours3",2.06,6.2,60.38,24.44,6.02,
313,"MTD.titeet",0,2.1,35.2,50.8,11.8,0.7
313,"OBD.titeet",7.6,10.6,50.9,23,7.2,
313,"MTD.tite12",0,0.7,8.3,32.3,58.6,0.1
313,"OBD.tite12",6.3,8.7,49.9,24.6,10.4,
313,"MTD.bfet",,,,,,1.3
313,"OBD.bfet",5.4,6.9,59.2,22.8,4.4,
327,"MTD.ours0",2.54,34.94,46.78,13.24,2.48,0.02
327,"OBD.ours0",55.8,29.58,12.28,1.98,0.24,
327,"MTD.bf",2.32,35.52,46.36,13.6,2.2,0
327,"OBD.bf",50.78,31.96,13.6,3.14,0.48,
327,"MTD.ours1",2.9,34.66,45.06,14.5,2.84,0.04
327,"OBD.ours1",56.6,29.26,11.26,2.42,0.28,
327,"MTD.ours2",2.28,34.88,46.46,14.06,2.32,0
327,"OBD.ours2",57.36,29.08,11.14,2.08,0.22,
327,"MTD.ours3",2.46,33.74,46.84,14.1,2.86,0
327,"OBD.ours3",54.68,28.88,12.42,3.36,0.56,
327,"MTD.titeet",13.4,42.8,32.6,10,1.2,0.2
327,"OBD.titeet",52.9,28,13.8,4.3,0.7,
327,"MTD.tite12",0.9,12.5,37.9,25.8,22.7,0.2
327,"OBD.tite12",44.8,27.2,17.1,7.9,2.7,
327,"MTD.bfet",,,,,,0.1
327,"OBD.bfet",57,30.2,10.1,2.4,0.3,
334,"MTD.ours0",0,0.3,2.46,25.92,71.32,0
334,"OBD.ours0",1.58,5.16,10.4,61.2,21.26,
334,"MTD.bf",0,0.26,2.66,27.32,69.76,0
334,"OBD.bf",2.08,5.04,9.96,59.58,23.14,
334,"MTD.ours1",0.02,0.28,2.52,26.44,70.74,0
334,"OBD.ours1",1.72,6.2,10.56,58.86,22.3,
334,"MTD.ours2",0,0.42,2.54,26.74,70.3,0
334,"OBD.ours2",2.02,5.96,9.96,58.66,23.02,
334,"MTD.ours3",0,0.3,2.28,26.26,71.16,0
334,"OBD.ours3",1.32,5.6,10.12,57.06,25.28,
334,"MTD.titeet",0,0.3,3.3,40.1,56.3,0.1
334,"OBD.titeet",9,13.2,13.5,44.2,20,
334,"MTD.tite12",0,0.1,1.7,11.5,86.6,0.04
334,"OBD.tite12",6.3,10,12.8,49.7,21.1,
334,"MTD.bfet",,,,,,0.2
334,"OBD.bfet",5.4,8.8,14.4,54.8,16.4,
273,"MTD.ours0",0.16,2.44,23.06,55.22,19.12,0
273,"OBD.ours0",2.62,5.26,63.6,23.64,4.06,
273,"MTD.bf",0.14,2.64,21.68,56.56,18.98,0
273,"OBD.bf",2.58,5.28,62.04,23.9,5.38,
273,"MTD.ours1",0.1,2.3,23.44,54.5,19.66,0
273,"OBD.ours1",1.96,6.34,63.88,22.94,3.82,
273,"MTD.ours2",0.1,2.4,23.04,54.08,20.38,0
273,"OBD.ours2",2.32,6.08,62.46,23.46,4.66,
273,"MTD.ours3",0.16,2.22,22.24,55.4,19.98,0
273,"OBD.ours3",2.4,6.26,59.42,25.16,5.76,
273,"MTD.titeet",0.1,1.5,34.3,49.6,14.4,0.4
273,"OBD.titeet",8.2,10.5,50.8,22.1,7.9,
273,"MTD.tite12",0,0.5,9,32.4,58,0.12
273,"OBD.tite12",6.1,8.5,49.1,25.7,10.4,
273,"MTD.bfet",,,,,,1
273,"OBD.bfet",5.1,6.8,56.8,25.3,5,
354,"MTD.ours0",0,0.38,2.66,27.06,69.9,0
354,"OBD.ours0",1.72,5.02,10.36,60.46,21.98,
354,"MTD.bf",0,0.34,2.5,26.58,70.58,0
354,"OBD.bf",2.1,4.74,9.12,60.1,23.74,
354,"MTD.ours1",0,0.28,3.1,26.28,70.34,0
354,"OBD.ours1",1.94,5.76,10.26,57.98,23.44,
354,"MTD.ours2",0.02,0.32,2.78,26.42,70.46,0
354,"OBD.ours2",2.24,5.76,10.54,58.58,22.44,
354,"MTD.ours3",0,0.3,2.16,25.7,71.84,0
354,"OBD.ours3",1.84,5.42,9.78,55.98,26.56,
354,"MTD.titeet",0,0.3,4.2,44.6,50.8,0.2
354,"OBD.titeet",9.2,12.8,15.4,43.9,18.5,
354,"MTD.tite12",0,0.1,1.7,13.1,85.1,0.02
354,"OBD.tite12",6.7,10.2,11,50.1,22,
354,"MTD.bfet",,,,,,0.3
354,"OBD.bfet",4.4,7.5,12.6,56.2,18.9,
288,"MTD.ours0",4.64,16.82,35.44,31.42,11.54,0.14
288,"OBD.ours0",44.12,29.94,17.6,7.1,1.08,
288,"MTD.bf",4.02,16.18,34.94,33.32,11.44,0.1
288,"OBD.bf",41,29.86,18.86,8.26,1.88,
288,"MTD.ours1",4.5,16.3,34.86,31.82,12.4,0.12
288,"OBD.ours1",45.5,29.5,16.76,6.78,1.3,
288,"MTD.ours2",5.2,15.5,34.2,33.12,11.82,0.16
288,"OBD.ours2",43.88,30.34,17.54,6.86,1.14,
288,"MTD.ours3",4.02,15.94,35.18,31.64,13.12,0.1
288,"OBD.ours3",43.24,28.16,17.14,8.66,2.58,
288,"MTD.titeet",18.1,31.3,31.6,15.1,3.9,0.1
288,"OBD.titeet",47,27.9,15.9,7.2,2,
288,"MTD.tite12",0.8,6.2,28,27.1,37.8,0.04
288,"OBD.tite12",34.4,26.8,20.1,13.5,5.2,
288,"MTD.bfet",,,,,,0.1
288,"OBD.bfet",51,27.1,15,5.3,1.4,
324,"MTD.ours0",0,0.4,2.58,27.22,69.8,0
324,"OBD.ours0",2.12,4.66,10.34,61.46,20.84,
324,"MTD.bf",0,0.34,2.5,26.62,70.54,0
324,"OBD.bf",2.1,4.74,9.14,60.08,23.74,
324,"MTD.ours1",0.06,0.28,2.8,25.44,71.42,0
324,"OBD.ours1",2.2,6.1,10.22,57.36,23.58,
324,"MTD.ours2",0.02,0.42,2.54,26.1,70.92,0
324,"OBD.ours2",2,5.94,9.78,57.88,23.82,
324,"MTD.ours3",0,0.28,2.14,26.12,71.46,0
324,"OBD.ours3",1.86,5.72,9.72,55.68,26.6,
324,"MTD.titeet",0,0.4,4,44.7,50.9,0.2
324,"OBD.titeet",9.1,14,14.6,44,18.1,
324,"MTD.tite12",0,0.2,1.6,12.9,85.3,0.02
324,"OBD.tite12",6.9,10.3,11.6,49,22.2,
324,"MTD.bfet",,,,,,0.3
324,"OBD.bfet",4.4,6.9,12,55.3,21.1,
283,"MTD.ours0",0.1,2.02,24.08,56.46,17.34,0
283,"OBD.ours0",1.78,5.58,66.08,21.9,3.84,
283,"MTD.bf",0.14,2.5,22.86,56.38,18.12,0
283,"OBD.bf",2.3,5.4,63.4,23,5.06,
283,"MTD.ours1",0.08,2.34,23.32,55.6,18.66,0
283,"OBD.ours1",2.1,6.12,62.68,24.26,3.88,
283,"MTD.ours2",0.12,2.3,22.78,56.32,18.48,0
283,"OBD.ours2",2.38,6.18,62.4,23.78,4.32,
283,"MTD.ours3",0.12,2.02,22.76,55.94,19.16,0
283,"OBD.ours3",2.08,6.3,60.18,24.74,5.82,
283,"MTD.titeet",0,2.1,35.4,49.5,13,0.7
283,"OBD.titeet",8.7,11.3,48.7,23,7.5,
283,"MTD.tite12",0,0.5,9,33.3,57.1,0.08
283,"OBD.tite12",7.1,8.6,50,23.5,10.6,
283,"MTD.bfet",,,,,,1.3
283,"OBD.bfet",5.1,6.7,59,22.8,5.2,
318,"MTD.ours0",5.1,16.68,36.2,30.72,11.14,0.16
318,"OBD.ours0",44.46,30.22,17.44,6.66,1.02,
318,"MTD.bf",4.02,16.16,34.9,33.36,11.46,0.1
318,"OBD.bf",41,29.86,18.88,8.24,1.88,
318,"MTD.ours1",4.7,17.08,34.36,31.1,12.64,0.12
318,"OBD.ours1",45.18,29.44,16.44,7.6,1.18,
318,"MTD.ours2",4.54,15.9,34.7,32.32,12.42,0.12
318,"OBD.ours2",44.96,29.98,17.02,6.5,1.36,
318,"MTD.ours3",4.04,15.82,34.5,32.2,13.34,0.1
318,"OBD.ours3",43,28.18,16.96,9.02,2.62,
318,"MTD.titeet",16.4,31.4,31.4,17.1,3.6,0.1
318,"OBD.titeet",45.5,28.4,16.7,7.9,1.5,
318,"MTD.tite12",0.7,5.5,27.9,29.1,36.7,0.02
318,"OBD.tite12",35.5,26,19.2,14.1,5.2,
318,"MTD.bfet",,,,,,0.2
318,"OBD.bfet",52.3,26.5,14.9,5.1,1,
348,"MTD.ours0",5.28,16.16,35.76,31.78,10.86,0.16
348,"OBD.ours0",45.36,29.18,17.78,6.3,1.16,
348,"MTD.bf",4.16,15.68,35.44,32.38,12.24,0.1
348,"OBD.bf",40.76,30.08,18.52,8.36,2.14,
348,"MTD.ours1",5.56,15.7,34.68,31.66,12.2,0.2
348,"OBD.ours1",45.32,28.74,17.26,7.14,1.26,
348,"MTD.ours2",5.02,16,34.68,31.4,12.72,0.18
348,"OBD.ours2",44.06,29.92,16.92,7.4,1.46,
348,"MTD.ours3",3.96,16.16,34.78,31.86,13.14,0.1
348,"OBD.ours3",43.14,28.44,17.32,8.52,2.42,
348,"MTD.titeet",17.2,32.4,30.3,16.3,3.8,0.1
348,"OBD.titeet",47.2,27.5,15.8,7.3,2,
348,"MTD.tite12",0.9,6,27.4,28.2,37.6,0.02
348,"OBD.tite12",35.4,26.9,19.2,13.3,5.1,
348,"MTD.bfet",,,,,,0.4
348,"OBD.bfet",53.3,26.5,14,4.8,1,
279,"MTD.ours0",0.08,6.44,40,38.04,15.44,0
279,"OBD.ours0",7.3,52.7,26.84,11.1,1.92,
279,"MTD.bf",0.14,6.2,41.2,37.5,14.96,0
279,"OBD.bf",6.24,51.14,28.04,11.32,3.22,
279,"MTD.ours1",0.12,5.76,40.48,38.3,15.34,0
279,"OBD.ours1",8.02,51.7,27.02,11.1,2.1,
279,"MTD.ours2",0.14,6.3,39.62,36.96,16.98,0
279,"OBD.ours2",8.04,51.64,26.06,11.44,2.68,
279,"MTD.ours3",0.16,6.2,40.4,37.64,15.6,0
279,"OBD.ours3",7.8,49.62,27.44,11.72,3.34,
279,"MTD.titeet",0,17.2,44.9,28.3,9.6,0.1
279,"OBD.titeet",16.7,41.9,24.8,12.5,4,
279,"MTD.tite12",0,2,17.2,35.2,45.6,0.02
279,"OBD.tite12",12.7,39,25.4,16.1,6.8,
279,"MTD.bfet",,,,,,0.1
279,"OBD.bfet",8.2,49.8,28.5,11.2,2.2,
343,"MTD.ours0",0.16,2.78,23.06,56.08,17.9,0.02
343,"OBD.ours0",2.18,5.46,63.98,23.7,3.56,
343,"MTD.bf",0.14,2.42,23.08,57.18,17.18,0
343,"OBD.bf",2.4,5.3,63.78,23.1,4.58,
343,"MTD.ours1",0.14,2.18,22.8,56.16,18.72,0
343,"OBD.ours1",2.5,6.3,62.82,23.36,4.14,
343,"MTD.ours2",0.14,2.3,23.18,55.4,18.98,0
343,"OBD.ours2",2.32,6.2,62.6,23.44,4.5,
343,"MTD.ours3",0.16,2.14,21.84,56.88,18.98,0
343,"OBD.ours3",2.26,6.48,59.46,25,5.76,
343,"MTD.titeet",0.1,2,34.5,50.7,12.7,0.8
343,"OBD.titeet",8.8,11.2,49.6,23,6.7,
343,"MTD.tite12",0,0.6,9.3,32.2,57.8,0.2
343,"OBD.tite12",6.2,9,48.8,25.7,10.1,
343,"MTD.bfet",,,,,,1.5
343,"OBD.bfet",5.8,7.9,59.2,21.6,4,
289,"MTD.ours0",0.16,6.12,41.94,37.68,14.1,0
289,"OBD.ours0",6.82,52.06,29.14,10.24,1.7,
289,"MTD.bf",0.14,6.08,42.16,37.62,14,0
289,"OBD.bf",5.9,52.04,27.82,11.62,2.6,
289,"MTD.ours1",0.1,5.56,41.82,38.68,13.84,0
289,"OBD.ours1",8.34,51.9,27.2,10.24,2.16,
289,"MTD.ours2",0.12,5.64,42.18,36.8,15.26,0
289,"OBD.ours2",7.48,52.82,26.92,10.72,1.92,
289,"MTD.ours3",0.12,5.82,41.5,37.06,15.5,0
289,"OBD.ours3",8.1,49.74,26.8,11.64,3.6,
289,"MTD.titeet",0.1,19.6,45.7,27.1,7.4,0.2
289,"OBD.titeet",16,45.2,24.2,11.3,3.1,
289,"MTD.tite12",0,2,17.6,34.4,45.9,0.04
289,"OBD.tite12",11.7,40.2,25.2,16.3,6.6,
289,"MTD.bfet",,,,,,0.2
289,"OBD.bfet",9.3,50,28.2,10.4,1.9,
333,"MTD.ours0",0.12,2.46,24.24,54.18,19,0
333,"OBD.ours0",2.6,5.86,64.34,22.3,3.88,
333,"MTD.bf",0.14,2.54,22.96,55.52,18.84,0
333,"OBD.bf",2.76,5.48,61.96,23.82,5.12,
333,"MTD.ours1",0.14,2.18,23.22,54.94,19.52,0
333,"OBD.ours1",2.6,6.46,62.46,23.26,4.24,
333,"MTD.ours2",0.18,2.42,23.48,54.74,19.18,0
333,"OBD.ours2",2.44,6.34,63.42,22.62,4.2,
333,"MTD.ours3",0.14,2.12,22.24,55.94,19.56,0
333,"OBD.ours3",2.2,6.02,60.26,25.16,5.42,
333,"MTD.titeet",0.1,1.9,34.3,50.1,13.6,0.4
333,"OBD.titeet",8.2,11.5,50.3,22,7.6,
333,"MTD.tite12",0,0.6,9.3,30.6,59.3,0.16
333,"OBD.tite12",6.6,8.7,47.7,26.1,10.7,
333,"MTD.bfet",,,,,,1.2
333,"OBD.bfet",6.4,8.8,56.2,23,4.3,
353,"MTD.ours0",0.14,1.86,23.36,56.64,18,0
353,"OBD.ours0",1.6,5.46,65.1,22.76,4.02,
353,"MTD.bf",0.14,2.22,23.22,56.58,17.84,0
353,"OBD.bf",2.32,4.7,64.04,23.22,4.88,
353,"MTD.ours1",0.22,2.2,23.28,55.72,18.54,0.04
353,"OBD.ours1",2.54,6.52,62.78,22.94,4.26,
353,"MTD.ours2",0.12,2.22,23.16,56.48,18.02,0
353,"OBD.ours2",2.54,5.72,63.72,22.68,4.3,
353,"MTD.ours3",0.12,2.24,21.78,57.4,18.46,0
353,"OBD.ours3",2.22,6.4,60.16,24.18,6.02,
353,"MTD.titeet",0,2.7,37.2,49.1,11,1
353,"OBD.titeet",8.8,11.6,50.4,22.1,6,
353,"MTD.tite12",0,0.5,10,31.8,57.6,0.18
353,"OBD.tite12",7,9.5,50.2,23.6,9.6,
353,"MTD.bfet",,,,,,1.2
353,"OBD.bfet",5,7.3,59.2,22.9,4.4,
290,"MTD.ours0",1.24,6.5,24.22,32.2,35.76,0.08
290,"OBD.ours0",5.02,46.56,26.8,15.36,5.78,
290,"MTD.bf",0.8,6.92,23.3,33.64,35.34,0
290,"OBD.bf",4.22,44.84,26.1,17.14,7.58,
290,"MTD.ours1",1.34,6.58,23.2,33.38,35.5,0
290,"OBD.ours1",5.62,45.8,25.82,16.24,6.2,
290,"MTD.ours2",1.28,6.42,23.92,32.7,35.68,0
290,"OBD.ours2",5.74,45.04,26.52,16.58,5.94,
290,"MTD.ours3",0.86,6.32,23.64,32.38,36.8,0
290,"OBD.ours3",5,44.16,25.8,16.24,8.56,
290,"MTD.titeet",0.3,24.1,35,26.9,13.6,0.4
290,"OBD.titeet",12.4,42.8,24.6,14.3,5.6,
290,"MTD.tite12",0.1,2.2,9.1,25.7,62.8,0.1
290,"OBD.tite12",7.7,34.9,23.8,21.5,12,
290,"MTD.bfet",,,,,,1
290,"OBD.bfet",8.7,47.4,25.5,12.6,4.9,
323,"MTD.ours0",0.1,2.4,22.42,56.76,18.32,0
323,"OBD.ours0",2.04,5.5,63.04,24.1,4.18,
323,"MTD.bf",0.14,2.22,23.22,56.62,17.8,0
323,"OBD.bf",2.32,4.7,64.04,23.26,4.84,
323,"MTD.ours1",0.2,2.1,23.3,56.42,17.96,0.02
323,"OBD.ours1",2.44,6.1,63.12,23.54,3.84,
323,"MTD.ours2",0.08,2.76,23.76,55.3,18.08,0.02
323,"OBD.ours2",2.88,6.72,62.8,22.08,4.42,
323,"MTD.ours3",0.12,2.3,21.76,57.7,18.12,0
323,"OBD.ours3",2.28,6.54,60.2,24.12,5.84,
323,"MTD.titeet",0.1,2.2,37.2,49.1,11.5,0.9
323,"OBD.titeet",8.5,10.8,51.9,21.7,6.2,
323,"MTD.tite12",0,0.7,9.2,31.9,58.1,0.08
323,"OBD.tite12",6.8,8.8,49.1,24.4,10.8,
323,"MTD.bfet",,,,,,1.2
323,"OBD.bfet",4.9,7,58.9,23.2,4.9,
349,"MTD.ours0",0.16,5.92,42.56,37.3,14.06,0
349,"OBD.ours0",7.78,51.82,27.62,10.98,1.74,
349,"MTD.bf",0.16,5.8,42.78,37.76,13.5,0
349,"OBD.bf",5.9,51.82,27.78,11.74,2.74,
349,"MTD.ours1",0.12,5.82,41.38,38,14.68,0
349,"OBD.ours1",7.68,51.48,28.32,10.38,1.98,
349,"MTD.ours2",0.12,5.36,41.86,37.46,15.18,0.02
349,"OBD.ours2",7.26,51.12,28.76,10.7,2.02,
349,"MTD.ours3",0.16,5.74,41.08,38.12,14.9,0
349,"OBD.ours3",7.84,49.92,26.58,12.46,3.06,
349,"MTD.titeet",0.1,18.8,45.4,27.9,7.8,0.3
349,"OBD.titeet",16.4,43.9,24.2,12.1,3.2,
349,"MTD.tite12",0,2,18,35.6,44.4,0.02
349,"OBD.tite12",12,40.1,24.8,16.7,6.4,
349,"MTD.bfet",,,,,,0.4
349,"OBD.bfet",10.9,51.4,26.7,9.1,1.5,
320,"MTD.ours0",1.02,6.5,24.18,32.6,35.64,0.06
320,"OBD.ours0",5.08,47.62,25.94,15.44,5.46,
320,"MTD.bf",0.8,6.92,23.32,33.68,35.28,0
320,"OBD.bf",4.2,44.88,26.12,17.14,7.54,
320,"MTD.ours1",1.4,6.22,23.7,32.48,36.2,0
320,"OBD.ours1",6,45.56,25.92,16.12,6.18,
320,"MTD.ours2",1.22,5.58,23.6,33.14,36.46,0
320,"OBD.ours2",5.68,45.12,25.74,16.7,6.46,
320,"MTD.ours3",0.86,6.28,23.96,32.74,36.16,0
320,"OBD.ours3",5.16,43.92,26.02,16.44,8.24,
320,"MTD.titeet",0.4,23.6,35.8,25.9,14.3,0.6
320,"OBD.titeet",12.3,44,24.3,13.2,5.5,
320,"MTD.tite12",0.1,2,10.1,26.6,61.2,0.02
320,"OBD.tite12",8.3,34.8,24,20.1,12.8,
320,"MTD.bfet",,,,,,1.2
320,"OBD.bfet",9.2,48.9,25,12.1,3.7,
294,"MTD.ours0",0,0.34,2.74,26.54,70.38,0
294,"OBD.ours0",1.96,4.96,10.38,61.6,20.56,
294,"MTD.bf",0,0.34,2.5,26.62,70.54,0
294,"OBD.bf",2.1,4.74,9.14,60.08,23.74,
294,"MTD.ours1",0.02,0.2,2.6,25.38,71.8,0
294,"OBD.ours1",2.06,5.76,10.06,57.54,24.22,
294,"MTD.ours2",0,0.32,2.6,26.34,70.74,0
294,"OBD.ours2",1.74,6.2,10.22,56.82,24.62,
294,"MTD.ours3",0,0.28,2.18,25.82,71.72,0
294,"OBD.ours3",1.92,5.72,9.72,55.3,26.92,
294,"MTD.titeet",0,0.6,4.5,42.7,52.2,0.2
294,"OBD.titeet",9.7,13.7,14.6,43.9,17.9,
294,"MTD.tite12",0,0.1,1.7,12.3,85.9,0.02
294,"OBD.tite12",6.5,9.9,11.1,50,22.5,
294,"MTD.bfet",,,,,,0.3
294,"OBD.bfet",3.9,6.5,11.8,55.1,22.4,
293,"MTD.ours0",0.18,2.48,23.6,55.42,18.32,0
293,"OBD.ours0",1.84,5.7,65.14,22.26,4.06,
293,"MTD.bf",0.14,2.22,23.22,56.62,17.8,0
293,"OBD.bf",2.32,4.7,64.04,23.26,4.84,
293,"MTD.ours1",0.1,2.34,23.84,55.36,18.34,0.02
293,"OBD.ours1",2.84,6.38,62.86,22.38,4.56,
293,"MTD.ours2",0.12,2.22,24.12,55.96,17.56,0.02
293,"OBD.ours2",2.76,5.9,63.52,22.4,4.46,
293,"MTD.ours3",0.12,2.28,21.96,57.38,18.26,0
293,"OBD.ours3",2.3,6.46,60.12,24.26,5.86,
293,"MTD.titeet",0.1,2.4,37.3,48.1,12.1,1
293,"OBD.titeet",8.8,12.1,51.1,21.3,5.7,
293,"MTD.tite12",0,0.6,9.3,32.2,57.8,0.12
293,"OBD.tite12",5.9,9.2,49,25.9,9.9,
293,"MTD.bfet",,,,,,1.1
293,"OBD.bfet",4.7,6.8,58.3,23.6,5.4,
350,"MTD.ours0",1.32,6.58,25.56,32.38,34.14,0.02
350,"OBD.ours0",5.38,46.62,26.56,15.24,5.8,
350,"MTD.bf",0.8,6.88,23.78,33.8,34.74,0
350,"OBD.bf",4.34,44.92,26.24,16.84,7.56,
350,"MTD.ours1",1.48,6.68,24.32,31.72,35.78,0.02
350,"OBD.ours1",6.44,46.18,25.6,15.24,6.2,
350,"MTD.ours2",0.94,6.66,23.94,31.64,36.8,0.02
350,"OBD.ours2",5.64,46.18,24.9,16.28,6.72,
350,"MTD.ours3",0.9,6.46,23.12,33.42,36.1,0
350,"OBD.ours3",5.46,43.9,26.36,16.42,7.58,
350,"MTD.titeet",0.4,23.3,34.3,27.8,14.2,0.6
350,"OBD.titeet",12.3,43.9,23.3,13.9,5.9,
350,"MTD.tite12",0.1,2,10.3,27.7,59.8,0.08
350,"OBD.tite12",7.9,35.8,24.1,20.2,11.9,
350,"MTD.bfet",,,,,,1.6
350,"OBD.bfet",9.8,48.8,25,11.7,3.2,
319,"MTD.ours0",0.14,6.56,42.26,37.92,13.12,0
319,"OBD.ours0",6.86,53.26,27.78,10.34,1.68,
319,"MTD.bf",0.14,6.08,42.18,37.58,14.02,0
319,"OBD.bf",5.92,52.02,27.8,11.62,2.62,
319,"MTD.ours1",0.1,5.58,41.64,38.2,14.48,0
319,"OBD.ours1",8.04,53,26.4,10.36,2.12,
319,"MTD.ours2",0.1,5.4,41.42,38.46,14.62,0
319,"OBD.ours2",7.08,53.48,26.28,11.14,1.9,
319,"MTD.ours3",0.12,5.84,41.42,37.06,15.56,0
319,"OBD.ours3",7.82,49.8,26.76,11.86,3.62,
319,"MTD.titeet",0.1,17.1,45.7,28.7,8.3,0.3
319,"OBD.titeet",17,43.2,23.4,12.7,3.4,
319,"MTD.tite12",0,2.3,18,35.4,44.3,0
319,"OBD.tite12",12.7,40,24.5,16.5,6.2,
319,"MTD.bfet",,,,,,0.3
319,"OBD.bfet",9.6,51.3,27.4,10,1.5,
303,"MTD.ours0",0.22,2.3,22.98,56.02,18.48,0
303,"OBD.ours0",2.08,6.08,64.7,22.7,3.56,
303,"MTD.bf",0.14,2.44,22,56.58,18.84,0
303,"OBD.bf",2.46,5.34,62.3,23.86,5.26,
303,"MTD.ours1",0.16,2.16,23.04,54.2,20.44,0
303,"OBD.ours1",2.06,6,63,23.46,4.48,
303,"MTD.ours2",0.14,2.22,23.36,54.6,19.68,0
303,"OBD.ours2",2.62,6.22,63.2,22.78,4.3,
303,"MTD.ours3",0.18,2.34,21.66,54.98,20.84,0
303,"OBD.ours3",2.3,6.04,58.66,26.44,5.56,
303,"MTD.titeet",0.1,1.8,34.8,49,14.4,0.4
303,"OBD.titeet",8.6,9.9,50.4,22.7,8,
303,"MTD.tite12",0,0.8,8.8,30.4,59.9,0.14
303,"OBD.tite12",6.1,9.2,49.4,25,10.2,
303,"MTD.bfet",,,,,,1.1
303,"OBD.bfet",5.8,7.3,58.3,23.1,4.4,
280,"MTD.ours0",1.06,6.62,23.42,32.18,36.72,0
280,"OBD.ours0",5.26,45.22,26.7,16.2,6.46,
280,"MTD.bf",0.84,6.74,24.26,32.66,35.5,0
280,"OBD.bf",4.6,44.76,26.36,16.68,7.48,
280,"MTD.ours1",1.04,7.08,21.9,31.2,38.76,0.02
280,"OBD.ours1",5.14,45.02,26.24,16.44,6.82,
280,"MTD.ours2",1.5,6.34,22.92,31.46,37.78,0
280,"OBD.ours2",5.7,44.44,25.94,16.56,7.08,
280,"MTD.ours3",1.04,6.92,23.86,31.3,36.88,0
280,"OBD.ours3",5.22,43.94,26.16,16.4,8,
280,"MTD.titeet",0.2,22.5,34.1,26.5,16.7,0.3
280,"OBD.titeet",11.7,43.4,24.2,13.7,6.8,
280,"MTD.tite12",0.1,2.2,9.3,27.2,61.1,0.06
280,"OBD.tite12",8.1,34.6,23.8,20.4,13.1,
280,"MTD.bfet",,,,,,0.9
280,"OBD.bfet",8,46,25.7,14.3,5.2,
309,"MTD.ours0",0.04,6.26,40.94,37.12,15.64,0
309,"OBD.ours0",6.94,52.44,27.42,11.1,2.04,
309,"MTD.bf",0.14,5.98,41.56,37.96,14.36,0
309,"OBD.bf",5.96,51.52,28.18,11.72,2.58,
309,"MTD.ours1",0.14,5.98,40.58,37.9,15.4,0
309,"OBD.ours1",7.66,52.1,26.8,11.16,2.22,
309,"MTD.ours2",0.12,6,41.08,36.9,15.9,0
309,"OBD.ours2",8.02,53.14,26.4,9.92,2.48,
309,"MTD.ours3",0.18,5.96,40.42,38.44,15,0
309,"OBD.ours3",7.2,49.36,26.7,13.38,3.16,
309,"MTD.titeet",0.1,17.1,46,28.1,8.7,0.1
309,"OBD.titeet",16.8,43.7,23.5,12.1,3.7,
309,"MTD.tite12",0,2,17.6,34.8,45.6,0.02
309,"OBD.tite12",11.2,40.8,25.1,16,6.9,
309,"MTD.bfet",,,,,,0.3
309,"OBD.bfet",10.2,50.1,27.2,10.4,1.9,
328,"MTD.ours0",5.02,15.9,36.18,31.26,11.46,0.18
328,"OBD.ours0",44.26,31.08,17.44,5.9,1,
328,"MTD.bf",3.92,16.24,35.96,32.48,11.3,0.1
328,"OBD.bf",40.56,30.2,19.22,7.6,2.28,
328,"MTD.ours1",4.6,14.98,36.08,32.72,11.5,0.12
328,"OBD.ours1",44.52,30.06,16.84,7.36,1.06,
328,"MTD.ours2",4.36,15.44,36.14,32.24,11.72,0.1
328,"OBD.ours2",43.18,31.58,16.7,7,1.4,
328,"MTD.ours3",4.04,15.54,35.12,32.72,12.48,0.1
328,"OBD.ours3",42.82,29.08,17.32,8.22,2.38,
328,"MTD.titeet",18.2,32.4,29.8,15.7,3.8,0.1
328,"OBD.titeet",46.9,28.8,14.7,7.4,2.1,
328,"MTD.tite12",0.8,5,28.3,28.2,37.7,0.02
328,"OBD.tite12",33.6,27.2,19.4,13.6,6.1,
328,"MTD.bfet",,,,,,0.1
328,"OBD.bfet",52.2,28.7,12.9,5.1,1,
338,"MTD.ours0",4.76,16.06,33.98,33.28,11.78,0.14
338,"OBD.ours0",43.94,29.18,18,7.28,1.4,
338,"MTD.bf",4.24,16.16,35.08,32.42,12,0.1
338,"OBD.bf",40.86,29.64,18.62,8.8,1.94,
338,"MTD.ours1",4.98,16.72,33.12,32.14,12.84,0.2
338,"OBD.ours1",45,28.66,17.1,7.74,1.28,
338,"MTD.ours2",4.9,15.9,34.82,31.44,12.82,0.12
338,"OBD.ours2",44.96,28.7,17.46,7.54,1.18,
338,"MTD.ours3",4.26,16,33.92,32.52,13.18,0.12
338,"OBD.ours3",42.66,27.44,18.2,9.54,1.92,
338,"MTD.titeet",16.5,30.2,29.8,17.8,5.6,0.3
338,"OBD.titeet",46.4,27.4,15.6,8.3,2.2,
338,"MTD.tite12",0.9,6.1,26.8,29.1,37.1,0
338,"OBD.tite12",34.9,26.5,20.1,12.9,5.5,
338,"MTD.bfet",,,,,,1.6
338,"OBD.bfet",49.5,27.4,14.1,6,1.3,
339,"MTD.ours0",0.1,5.9,40.54,38.4,15.06,0
339,"OBD.ours0",7.3,51.5,27.76,11.2,2.12,
339,"MTD.bf",0.14,5.96,42.06,37.24,14.6,0
339,"OBD.bf",6,50.72,28.34,12.16,2.74,
339,"MTD.ours1",0.16,6.56,41.78,37.32,14.18,0
339,"OBD.ours1",8.08,52.4,26.44,11.26,1.72,
339,"MTD.ours2",0.12,6.06,41.26,37.62,14.94,0
339,"OBD.ours2",7.48,52.06,26.8,11.52,2.08,
339,"MTD.ours3",0.14,5.76,41.48,37.26,15.36,0
339,"OBD.ours3",7.74,50,26.92,12.12,3.08,
339,"MTD.titeet",0.1,17.9,44.2,28.4,9.4,0.2
339,"OBD.titeet",15.8,43.9,23,13,4.2,
339,"MTD.tite12",0,2.3,17.8,35.4,44.4,0.04
339,"OBD.tite12",12.9,39.3,24.2,16.5,7.1,
339,"MTD.bfet",,,,,,0.5
339,"OBD.bfet",11.9,49.6,26,10.1,1.9,
329,"MTD.ours0",0.02,6.28,42.72,37.2,13.78,0
329,"OBD.ours0",7.54,51.82,28.1,10.58,1.82,
329,"MTD.bf",0.16,5.66,43.74,37.24,13.2,0
329,"OBD.bf",5.7,51.96,28.66,10.5,3.14,
329,"MTD.ours1",0.14,5.38,42.5,38.38,13.6,0
329,"OBD.ours1",8.78,51.16,27.44,10.74,1.78,
329,"MTD.ours2",0.1,5,43.4,37.56,13.94,0
329,"OBD.ours2",8.96,51.64,27.48,10.06,1.74,
329,"MTD.ours3",0.14,5.86,41.86,37.46,14.68,0
329,"OBD.ours3",7.78,51.2,26.04,11.76,3.04,
329,"MTD.titeet",0.2,20,45.8,27.4,6.7,0.2
329,"OBD.titeet",16.6,44.7,24,11.9,2.6,
329,"MTD.tite12",0,1.8,18.4,34.3,45.5,0.04
329,"OBD.tite12",13.1,39.6,23.6,17,6.7,
329,"MTD.bfet",,,,,,0.2
329,"OBD.bfet",8.7,53.7,26.2,9,2.2,
298,"MTD.ours0",5.08,15.48,35.88,31.58,11.8,0.18
298,"OBD.ours0",44.48,30.54,17.06,6.46,1.16,
298,"MTD.bf",3.92,16.24,35.96,32.48,11.3,0.1
298,"OBD.bf",40.56,30.2,19.22,7.6,2.28,
298,"MTD.ours1",4.76,15.3,35.58,32.44,11.84,0.08
298,"OBD.ours1",43.54,30.84,16.9,7.46,1.12,
298,"MTD.ours2",4.76,15.32,35.54,32.32,11.96,0.1
298,"OBD.ours2",43.66,31.92,15.96,6.98,1.34,
298,"MTD.ours3",4.04,15.56,34.92,32.72,12.66,0.1
298,"OBD.ours3",42.88,29.24,17.06,8.24,2.4,
298,"MTD.titeet",18.7,32.5,29.5,16.1,3.2,0
298,"OBD.titeet",47.8,27.2,15.9,7.5,1.6,
298,"MTD.tite12",0.8,5.1,28.8,28.1,37.2,0
298,"OBD.tite12",35.1,27.1,19.2,13.2,5.5,
298,"MTD.bfet",,,,,,0.1
298,"OBD.bfet",51.3,28.5,13.5,5.4,1.2,
358,"MTD.ours0",4.8,15.96,36.66,31.6,10.84,0.14
358,"OBD.ours0",44.62,30.08,17.88,6.16,1.04,
358,"MTD.bf",3.92,16.24,35.94,32.52,11.28,0.1
358,"OBD.bf",40.54,30.2,19.24,7.6,2.28,
358,"MTD.ours1",4.24,15.24,35.54,32.72,12.16,0.1
358,"OBD.ours1",44.68,30.34,16.4,7.46,1,
358,"MTD.ours2",4.36,15.54,35.02,32.98,12,0.1
358,"OBD.ours2",44.34,30.1,16.76,7.3,1.36,
358,"MTD.ours3",4.02,15.66,34.98,32.94,12.3,0.1
358,"OBD.ours3",42.84,29.16,17.38,8.22,2.22,
358,"MTD.titeet",18.4,32.2,30.3,15.7,3.3,0.1
358,"OBD.titeet",47.3,27.3,16.3,7.4,1.6,
358,"MTD.tite12",0.8,5.3,27.2,28,38.6,0.06
358,"OBD.tite12",35.1,26.1,20,12.9,5.8,
358,"MTD.bfet",,,,,,0.2
358,"OBD.bfet",53.2,28.4,12.6,4.7,0.9,
308,"MTD.ours0",4.96,16.88,34.86,30.9,12.28,0.12
308,"OBD.ours0",43.54,30.78,17.36,6.74,1.42,
308,"MTD.bf",4.16,16.36,34.34,32.88,12.16,0.1
308,"OBD.bf",41.34,29.68,18.7,8.26,1.88,
308,"MTD.ours1",4.7,15.78,33.84,32.18,13.46,0.04
308,"OBD.ours1",44.76,28.84,17.36,7.7,1.22,
308,"MTD.ours2",5.04,16.66,33.18,31.9,13.04,0.18
308,"OBD.ours2",44.32,29.84,16.62,7.56,1.38,
308,"MTD.ours3",4.18,15.62,33.96,32.92,13.2,0.12
308,"OBD.ours3",43.1,27.36,18.48,8.94,1.92,
308,"MTD.titeet",15.9,30.3,31.6,17.4,4.8,0.1
308,"OBD.titeet",46.1,27.7,16.3,7.3,2.5,
308,"MTD.tite12",0.9,5.5,28.1,28.4,37.1,0
308,"OBD.tite12",35,25.6,20,13.9,5.5,
308,"MTD.bfet",,,,,,0.7
308,"OBD.bfet",49.3,27.4,15.4,5.6,1.5,
299,"MTD.ours0",0.06,6.08,42.64,37.7,13.52,0
299,"OBD.ours0",7.34,51.9,28.52,10.32,1.88,
299,"MTD.bf",0.16,5.66,43.74,37.24,13.2,0
299,"OBD.bf",5.7,51.96,28.66,10.5,3.14,
299,"MTD.ours1",0.16,5.6,42.7,37.5,14.04,0
299,"OBD.ours1",8.5,52.46,26.7,10.3,1.88,
299,"MTD.ours2",0.08,5.62,43.28,37.96,13.06,0
299,"OBD.ours2",8.4,51.42,27.94,10.24,1.86,
299,"MTD.ours3",0.14,5.98,41.46,37.84,14.58,0
299,"OBD.ours3",7.92,50.92,25.92,12.06,3,
299,"MTD.titeet",0.1,19.8,46.7,27.1,6.3,0.3
299,"OBD.titeet",17.5,44.9,22.7,11.5,3.1,
299,"MTD.tite12",0,2.4,17.4,35.3,45,0
299,"OBD.tite12",11.9,40.1,25,16.5,6.4,
299,"MTD.bfet",,,,,,0.2
299,"OBD.bfet",8.2,53,26.7,9.5,2.5,
278,"MTD.ours0",4.82,16.54,34.94,30.94,12.6,0.16
278,"OBD.ours0",44.54,30,17.26,6.76,1.22,
278,"MTD.bf",4.3,15.62,34.28,32.82,12.86,0.12
278,"OBD.bf",41.46,28.88,18.82,8.3,2.36,
278,"MTD.ours1",4.6,16.78,32.96,31.86,13.7,0.1
278,"OBD.ours1",45.34,28.6,16.96,7.42,1.56,
278,"MTD.ours2",4.78,16.46,34.02,31.2,13.48,0.06
278,"OBD.ours2",43.02,30.24,17.22,7.88,1.56,
278,"MTD.ours3",4.24,16.42,33.7,32.38,13.16,0.1
278,"OBD.ours3",42.32,28.24,17.8,9.12,2.34,
278,"MTD.titeet",16.5,29.7,31.2,17.5,5,0.1
278,"OBD.titeet",44.8,27.5,17.1,8.3,2.2,
278,"MTD.tite12",0.6,5.6,29.3,28.3,36.1,0.06
278,"OBD.tite12",35.4,27.5,18.9,13.3,4.9,
278,"MTD.bfet",,,,,,0.3
278,"OBD.bfet",47.9,27.8,16,6.4,1.5,
359,"MTD.ours0",0.06,6.42,41.9,38.32,13.3,0
359,"OBD.ours0",7.58,51.52,28.1,10.4,2.28,
359,"MTD.bf",0.16,5.66,43.7,37.28,13.2,0
359,"OBD.bf",5.7,51.94,28.68,10.5,3.14,
359,"MTD.ours1",0.16,5.3,41.56,38.94,14.04,0
359,"OBD.ours1",7.98,52.82,26.38,10.72,2,
359,"MTD.ours2",0.08,5.38,42.2,38.28,14.06,0
359,"OBD.ours2",7.92,51.7,27.58,10.66,2.06,
359,"MTD.ours3",0.14,5.84,41.52,37.98,14.52,0
359,"OBD.ours3",7.62,50.74,26.28,12.14,3.04,
359,"MTD.titeet",0.1,18.8,46.3,28.1,6.7,0.4
359,"OBD.titeet",16.6,44.8,23.3,11.8,3.1,
359,"MTD.tite12",0,2.1,18.7,34.7,44.4,0.04
359,"OBD.tite12",12.9,40,23.9,16,7.1,
359,"MTD.bfet",,,,,,0.2
359,"OBD.bfet",9.2,54.5,25.4,8.7,1.9,
360,"MTD.ours0",1.08,6.86,24.48,32.5,35.02,0.06
360,"OBD.ours0",5.04,46.16,26.3,15.06,7.06,
360,"MTD.bf",0.82,6.46,24.52,33.2,35,0
360,"OBD.bf",4.18,45.64,26.22,16,7.86,
360,"MTD.ours1",1,6.16,23.76,32.7,36.34,0.04
360,"OBD.ours1",5.56,45.74,25.78,16.04,6.6,
360,"MTD.ours2",1.14,6.38,23.92,34,34.52,0.04
360,"OBD.ours2",5.62,47.12,25.46,16.02,5.5,
360,"MTD.ours3",0.9,6.3,24.2,32.44,36.16,0
360,"OBD.ours3",5,44.94,26.38,15.36,8.08,
360,"MTD.titeet",0.6,24.5,36.4,26.7,11.9,1
360,"OBD.titeet",12.6,44.7,23.6,13.3,4.8,
360,"MTD.tite12",0.1,2.3,9.3,25.5,62.7,0.08
360,"OBD.tite12",7.9,34.5,23.6,20.5,13.5,
360,"MTD.bfet",,,,,,1
360,"OBD.bfet",9.2,49.3,23.6,12.5,4.3,
310,"MTD.ours0",1.22,6.88,23.32,31.44,37.14,0
310,"OBD.ours0",5.6,46.14,25.08,16.58,6.32,
310,"MTD.bf",0.84,6.7,23.98,33.04,35.44,0
310,"OBD.bf",4.64,44.96,26.18,17.04,7.06,
310,"MTD.ours1",1.18,6.8,23.94,32.16,35.9,0.02
310,"OBD.ours1",5.66,45.14,26.66,16.46,5.7,
310,"MTD.ours2",1.04,6.9,23.58,31.76,36.7,0.02
310,"OBD.ours2",5.74,45.44,25.94,16.12,6.56,
310,"MTD.ours3",1.04,6.9,23.82,31.22,37.02,0
310,"OBD.ours3",4.74,44.4,25.78,17.4,7.38,
310,"MTD.titeet",0.4,22.1,33.4,27.1,17.1,0.5
310,"OBD.titeet",11.9,42.1,23.8,15.1,6.5,
310,"MTD.tite12",0,1.9,9.6,26,62.5,0
310,"OBD.tite12",7.5,34.8,24.4,20.3,13.1,
310,"MTD.bfet",,,,,,1.5
310,"OBD.bfet",9.2,45.7,25.3,13.9,4.5,
330,"MTD.ours0",1.2,6.36,24.66,33,34.72,0.06
330,"OBD.ours0",4.84,46.66,26.6,15.2,6.24,
330,"MTD.bf",0.82,6.48,24.56,33.14,35,0
330,"OBD.bf",4.18,45.64,26.24,15.96,7.88,
330,"MTD.ours1",1.08,6.38,24.28,33.32,34.86,0.08
330,"OBD.ours1",5.88,45.82,26.46,15.58,6.02,
330,"MTD.ours2",1.12,6.46,23.16,33.42,35.84,0
330,"OBD.ours2",5.84,46.34,24.84,16.1,6.6,
330,"MTD.ours3",0.9,6.26,24.18,32.5,36.16,0
330,"OBD.ours3",4.92,44.88,26.42,15.58,7.96,
330,"MTD.titeet",0.4,23.6,36.5,27.1,12.4,0.8
330,"OBD.titeet",12.2,43.8,24.4,13.4,5.4,
330,"MTD.tite12",0,2.3,9.6,26.6,61.4,0.04
330,"OBD.tite12",7.8,35.2,23.4,20.7,12.9,
330,"MTD.bfet",,,,,,1
330,"OBD.bfet",8.7,48.8,24.3,12.5,4.6,
340,"MTD.ours0",1.38,6.3,24.02,32.04,36.22,0.04
340,"OBD.ours0",5.56,45.6,25.98,16.08,6.3,
340,"MTD.bf",0.86,6.72,24.28,32.64,35.5,0
340,"OBD.bf",4.62,44.82,26.94,16.52,6.98,
340,"MTD.ours1",1.24,6,23.64,31.16,37.96,0
340,"OBD.ours1",5.3,45.62,25.72,16.52,6.66,
340,"MTD.ours2",1.3,6.74,24.04,31.34,36.52,0.06
340,"OBD.ours2",5.9,45.36,25.82,16.14,6.38,
340,"MTD.ours3",0.88,7.36,24.16,31.1,36.5,0
340,"OBD.ours3",5.48,44.58,25.46,16.46,7.8,
340,"MTD.titeet",0.4,22.2,33.5,28,15.9,0.7
340,"OBD.titeet",11.8,41,24.5,15.6,6.5,
340,"MTD.tite12",0.2,2.1,8.7,28.3,60.5,0.08
340,"OBD.tite12",7.2,34.9,23.7,20.9,13.3,
340,"MTD.bfet",,,,,,1.8
340,"OBD.bfet",10.1,45.1,25.1,13.5,4.4,
300,"MTD.ours0",1.12,6.9,24.26,32.24,35.42,0.06
300,"OBD.ours0",4.76,46.56,26.5,15.56,6.16,
300,"MTD.bf",0.82,6.48,24.56,33.14,35,0
300,"OBD.bf",4.18,45.64,26.24,15.96,7.88,
300,"MTD.ours1",0.82,6.72,25.18,32.72,34.54,0.02
300,"OBD.ours1",5.46,46.74,26.02,15.66,5.9,
300,"MTD.ours2",1.1,6.26,24.78,33.14,34.68,0.04
300,"OBD.ours2",5.46,47.06,25.02,15.64,6.44,
300,"MTD.ours3",0.9,6.26,24.02,32.38,36.44,0
300,"OBD.ours3",5,44.76,26.3,15.68,8.02,
300,"MTD.titeet",0.3,25.7,36.2,24.8,13,0.8
300,"OBD.titeet",11.3,44.7,24.8,12.7,5.7,
300,"MTD.tite12",0.1,1.8,9.4,26.2,62.3,0.14
300,"OBD.tite12",8,33.7,24.2,21,12.9,
300,"MTD.bfet",,,,,,1
300,"OBD.bfet",8.3,48.6,24.4,12.8,5,
