"setting.idx","method","Dose 1","Dose 2","Dose 3","Dose 4","Dose 5","EN","EN.Overdose","DLT_pts","duration"
1,"ours0.s1",11.35,9.38,4.02,1.09,0.24,26.08,5.35,0,29.21
1,"ours0.s2",1.07,0.43,0.23,0.08,0.01,1.82,0.32,0,2.16
1,"ours0.total",12.43,9.81,4.25,1.16,0.25,27.9,5.67,6.04,31.37
1,"bf.s1",10.81,9.49,4.31,1.14,0.24,26,5.7,0,29.12
1,"bf.s2",0,0,0,0,0,0,0,0,0
1,"bf.total",10.81,9.49,4.31,1.14,0.24,26,5.7,6.03,29.12
1,"ours1.s1",10.1,9.09,4.25,1.28,0.33,25.06,5.87,0,26.29
1,"ours1.s2",2.17,0.84,0.29,0.09,0.02,3.4,0.4,0,3.86
1,"ours1.total",12.27,9.93,4.55,1.37,0.35,28.46,6.27,5.9,30.15
1,"ours2.s1",10.3,9.16,4.22,1.27,0.31,25.25,5.79,0,26.76
1,"ours2.s2",2,0.79,0.3,0.1,0.01,3.19,0.41,0,3.65
1,"ours2.total",12.29,9.95,4.52,1.36,0.32,28.44,6.2,5.92,30.41
1,"ours3.s1",10.22,9.07,4.28,1.17,0.31,25.05,5.76,0,26.54
1,"ours3.s2",0,0,0,0,0,0,0,0,0
1,"ours3.total",10.22,9.07,4.28,1.17,0.31,25.05,5.76,5.87,26.54
1,"titeet",16.1,9.3,3.3,0.8,0.1,29.6,4.2,6.3,30.46
1,"tite12",8.3,6.7,4.3,2.4,1,22.7,7.7,6,22.91
1,"bfet",9.83,9.71,5.41,1.95,0.56,27.47,7.92,6.78,27.8
61,"ours0.s1",12.4,9.78,4.16,1.1,0.22,27.65,5.48,0,37.81
61,"ours0.s2",0.24,0.2,0.17,0.07,0,0.69,0.25,0,1.21
61,"ours0.total",12.63,9.98,4.32,1.18,0.22,28.34,5.72,6.28,39.02
61,"bf.s1",11.99,10.02,4.31,1.11,0.22,27.65,5.64,0,37.88
61,"bf.s2",0,0,0,0,0,0,0,0,0
61,"bf.total",11.99,10.02,4.31,1.11,0.22,27.65,5.64,6.3,37.88
61,"ours1.s1",10.29,9.04,4.13,1.21,0.28,24.95,5.62,0,28.6
61,"ours1.s2",2,0.76,0.29,0.08,0.01,3.14,0.39,0,4.49
61,"ours1.total",12.29,9.8,4.43,1.29,0.29,28.09,6.01,5.85,33.08
61,"ours2.s1",10.5,9.1,4.17,1.15,0.26,25.18,5.59,0,29.12
61,"ours2.s2",1.83,0.72,0.3,0.09,0.02,2.95,0.41,0,4.26
61,"ours2.total",12.32,9.81,4.47,1.24,0.28,28.13,6,5.88,33.39
61,"ours3.s1",10.46,9.1,4.24,1.16,0.29,25.25,5.69,0,29.09
61,"ours3.s2",0,0,0,0,0,0,0,0,0
61,"ours3.total",10.46,9.1,4.24,1.16,0.29,25.25,5.69,5.89,29.09
61,"titeet",16.1,9.4,3.3,0.8,0.1,29.7,4.2,6.3,35.9
61,"tite12",8.2,6.7,4.4,2.5,1.1,22.9,8,5.9,28.09
61,"bfet",9.8,9.67,5.41,1.96,0.56,27.4,7.93,6.78,29.5
41,"ours0.s1",12.4,9.84,4.21,1.1,0.26,27.81,5.57,0,35.61
41,"ours0.s2",0.3,0.25,0.19,0.07,0.01,0.83,0.28,0,1.23
41,"ours0.total",12.7,10.09,4.4,1.18,0.27,28.63,5.84,6.29,36.84
41,"bf.s1",11.8,9.99,4.41,1.1,0.22,27.52,5.73,0,35.26
41,"bf.s2",0,0,0,0,0,0,0,0,0
41,"bf.total",11.8,9.99,4.41,1.1,0.22,27.52,5.73,6.3,35.26
41,"ours1.s1",11.23,9.32,4.21,1.15,0.25,26.17,5.62,0,30.35
41,"ours1.s2",1.25,0.63,0.3,0.09,0.02,2.3,0.41,0,3.08
41,"ours1.total",12.48,9.95,4.52,1.24,0.27,28.46,6.03,6.08,33.42
41,"ours2.s1",11.44,9.27,4.11,1.11,0.25,26.18,5.47,0,30.89
41,"ours2.s2",1.06,0.62,0.28,0.12,0.02,2.09,0.41,0,2.86
41,"ours2.total",12.5,9.89,4.39,1.23,0.27,28.28,5.89,6.05,33.76
41,"ours3.s1",11.21,9.19,4.28,1.24,0.29,26.2,5.81,0,30.7
41,"ours3.s2",0,0,0,0,0,0,0,0,0
41,"ours3.total",11.21,9.19,4.28,1.24,0.29,26.2,5.81,6.04,30.7
41,"titeet",15.8,9.2,3.6,1,0.2,29.8,4.8,6.4,33.55
41,"tite12",8.2,6.6,4.3,2.5,1.1,22.7,7.9,5.9,25.81
41,"bfet",10.14,9.69,5.45,1.97,0.56,27.81,7.98,6.71,30.2
81,"ours0.s1",12.86,9.94,4.22,1.04,0.18,28.23,5.44,0,41.33
81,"ours0.s2",0.07,0.11,0.13,0.07,0.01,0.39,0.21,0,0.68
81,"ours0.total",12.93,10.05,4.35,1.11,0.19,28.62,5.64,6.35,42.01
81,"bf.s1",12.43,10.32,4.44,1.09,0.2,28.48,5.73,0,41.61
81,"bf.s2",0,0,0,0,0,0,0,0,0
81,"bf.total",12.43,10.32,4.44,1.09,0.2,28.48,5.73,6.46,41.61
81,"ours1.s1",11.97,9.53,4.25,1.15,0.25,27.14,5.65,0,34.72
81,"ours1.s2",0.64,0.45,0.24,0.09,0.01,1.44,0.35,0,2.3
81,"ours1.total",12.61,9.98,4.49,1.24,0.26,28.58,5.99,6.26,37.02
81,"ours2.s1",12.1,9.64,4.18,1.08,0.22,27.22,5.48,0,35.46
81,"ours2.s2",0.55,0.37,0.23,0.07,0.01,1.23,0.31,0,2.05
81,"ours2.total",12.65,10.02,4.4,1.16,0.23,28.45,5.79,6.27,37.5
81,"ours3.s1",12.07,9.59,4.3,1.21,0.26,27.43,5.77,0,35.48
81,"ours3.s2",0,0,0,0,0,0,0,0,0
81,"ours3.total",12.07,9.59,4.3,1.21,0.26,27.43,5.77,6.26,35.48
81,"titeet",15.6,9.3,3.8,0.9,0.2,29.8,4.9,6.5,37.12
81,"tite12",7.9,6.7,4.5,2.7,1.2,23,8.4,6.1,29.59
81,"bfet",10.44,9.74,5.18,1.77,0.49,27.61,7.44,6.48,32.2
31,"ours0.s1",11.93,9.54,4.2,1.07,0.23,26.96,5.49,0,33.14
31,"ours0.s2",0.54,0.33,0.17,0.06,0.01,1.1,0.24,0,1.65
31,"ours0.total",12.47,9.87,4.37,1.13,0.23,28.07,5.73,6.18,34.79
31,"bf.s1",11.46,9.77,4.33,1.13,0.23,26.91,5.68,0,33.23
31,"bf.s2",0,0,0,0,0,0,0,0,0
31,"bf.total",11.46,9.77,4.33,1.13,0.23,26.91,5.68,6.18,33.23
31,"ours1.s1",10.15,8.95,4.24,1.29,0.31,24.94,5.85,0,27.31
31,"ours1.s2",2.09,0.81,0.32,0.1,0.01,3.34,0.43,0,4.22
31,"ours1.total",12.24,9.77,4.56,1.39,0.32,28.28,6.28,5.88,31.53
31,"ours2.s1",10.33,9.22,4.26,1.15,0.29,25.25,5.7,0,27.81
31,"ours2.s2",1.92,0.72,0.29,0.09,0.02,3.03,0.39,0,3.92
31,"ours2.total",12.25,9.94,4.54,1.24,0.31,28.29,6.09,5.92,31.73
31,"ours3.s1",10.27,9.08,4.28,1.17,0.29,25.09,5.74,0,27.67
31,"ours3.s2",0,0,0,0,0,0,0,0,0
31,"ours3.total",10.27,9.08,4.28,1.17,0.29,25.09,5.74,5.87,27.67
31,"titeet",16.2,9.3,3.3,0.8,0.2,29.8,4.3,6.5,32.98
31,"tite12",8.1,6.7,4.3,2.5,1.1,22.7,7.9,5.8,25.14
31,"bfet",9.83,9.7,5.42,1.96,0.56,27.47,7.94,6.79,28.6
11,"ours0.s1",12.41,9.77,4.16,1.11,0.26,27.71,5.52,0,35.56
11,"ours0.s2",0.31,0.26,0.19,0.07,0.01,0.85,0.28,0,1.28
11,"ours0.total",12.72,10.03,4.35,1.18,0.27,28.55,5.8,6.27,36.84
11,"bf.s1",11.79,9.99,4.4,1.1,0.22,27.5,5.72,0,35.19
11,"bf.s2",0,0,0,0,0,0,0,0,0
11,"bf.total",11.79,9.99,4.4,1.1,0.22,27.5,5.72,6.29,35.19
11,"ours1.s1",11.12,9.24,4.32,1.22,0.3,26.19,5.83,0,30.43
11,"ours1.s2",1.29,0.66,0.29,0.1,0.02,2.37,0.42,0,3.15
11,"ours1.total",12.41,9.9,4.61,1.32,0.32,28.56,6.25,6.09,33.58
11,"ours2.s1",11.34,9.24,4.14,1.13,0.26,26.11,5.53,0,30.78
11,"ours2.s2",1.11,0.61,0.3,0.11,0.02,2.15,0.43,0,2.92
11,"ours2.total",12.45,9.85,4.45,1.24,0.28,28.26,5.96,6.04,33.71
11,"ours3.s1",11.21,9.19,4.29,1.24,0.28,26.2,5.8,0,30.69
11,"ours3.s2",0,0,0,0,0,0,0,0,0
11,"ours3.total",11.21,9.19,4.29,1.24,0.28,26.2,5.8,6.04,30.69
11,"titeet",15.7,9.4,3.6,0.9,0.2,29.8,4.7,6.5,33.29
11,"tite12",8.1,6.6,4.4,2.6,1.1,22.8,8.1,5.8,25.24
11,"bfet",10.15,9.72,5.45,1.97,0.56,27.84,7.98,6.73,30.1
71,"ours0.s1",12.63,9.91,4.24,1.08,0.22,28.08,5.54,0,39.48
71,"ours0.s2",0.14,0.16,0.16,0.07,0.01,0.53,0.23,0,0.95
71,"ours0.total",12.77,10.07,4.39,1.15,0.23,28.62,5.78,6.36,40.43
71,"bf.s1",12.2,10.16,4.4,1.11,0.22,28.08,5.72,0,39.5
71,"bf.s2",0,0,0,0,0,0,0,0,0
71,"bf.total",12.2,10.16,4.4,1.11,0.22,28.08,5.72,6.39,39.5
71,"ours1.s1",11.11,9.31,4.27,1.22,0.3,26.22,5.79,0,31.56
71,"ours1.s2",1.27,0.64,0.3,0.09,0.01,2.31,0.39,0,3.46
71,"ours1.total",12.39,9.96,4.57,1.31,0.31,28.53,6.18,6.09,35.02
71,"ours2.s1",11.37,9.23,4.19,1.12,0.24,26.15,5.55,0,31.84
71,"ours2.s2",1.09,0.57,0.23,0.1,0.02,2.02,0.36,0,3.13
71,"ours2.total",12.46,9.8,4.42,1.22,0.26,28.17,5.91,6.03,34.96
71,"ours3.s1",11.27,9.25,4.28,1.19,0.27,26.26,5.74,0,31.85
71,"ours3.s2",0,0,0,0,0,0,0,0,0
71,"ours3.total",11.27,9.25,4.28,1.19,0.27,26.26,5.74,6.04,31.85
71,"titeet",15.9,9.4,3.4,0.8,0.2,29.7,4.4,6.4,36.22
71,"tite12",8,6.6,4.4,2.6,1.2,22.8,8.2,5.9,28.53
71,"bfet",10.12,9.66,5.46,1.97,0.55,27.76,7.98,6.7,31
51,"ours0.s1",12.86,9.95,4.1,0.97,0.17,28.06,5.25,0,41.27
51,"ours0.s2",0.07,0.1,0.11,0.06,0.01,0.35,0.17,0,0.62
51,"ours0.total",12.94,10.05,4.21,1.03,0.17,28.41,5.42,6.35,41.9
51,"bf.s1",12.42,10.31,4.44,1.1,0.21,28.47,5.74,0,41.51
51,"bf.s2",0,0,0,0,0,0,0,0,0
51,"bf.total",12.42,10.31,4.44,1.1,0.21,28.47,5.74,6.45,41.51
51,"ours1.s1",11.93,9.52,4.25,1.14,0.21,27.05,5.61,0,34.63
51,"ours1.s2",0.67,0.46,0.25,0.08,0.02,1.48,0.35,0,2.37
51,"ours1.total",12.6,9.97,4.49,1.22,0.24,28.53,5.96,6.26,37
51,"ours2.s1",12.07,9.49,4.21,1.11,0.22,27.11,5.54,0,35.31
51,"ours2.s2",0.54,0.39,0.24,0.09,0.01,1.27,0.34,0,2.06
51,"ours2.total",12.61,9.88,4.45,1.2,0.24,28.37,5.89,6.25,37.37
51,"ours3.s1",12.07,9.6,4.3,1.21,0.26,27.44,5.77,0,35.49
51,"ours3.s2",0,0,0,0,0,0,0,0,0
51,"ours3.total",12.07,9.6,4.3,1.21,0.26,27.44,5.77,6.26,35.49
51,"titeet",15.6,9.5,3.6,0.9,0.2,29.8,4.7,6.5,36.76
51,"tite12",8,6.7,4.4,2.6,1.2,22.9,8.2,5.9,28.82
51,"bfet",10.46,9.76,5.17,1.76,0.48,27.63,7.41,6.47,32.1
45,"ours0.s1",7.92,10.16,9.67,4.6,1.26,33.62,5.86,0,41.66
45,"ours0.s2",0.26,0.4,0.77,0.52,0.12,2.06,0.63,0,2.88
45,"ours0.total",8.18,10.56,10.43,5.12,1.38,35.67,6.5,5.75,44.54
45,"bf.s1",6.69,10.35,9.69,4.78,1.16,32.68,5.95,0,41.62
45,"bf.s2",0,0,0,0,0,0,0,0,0
45,"bf.total",6.69,10.35,9.69,4.78,1.16,32.68,5.95,5.82,41.62
45,"ours1.s1",6.7,8.99,9.19,4.68,1.35,30.9,6.03,0,34.75
45,"ours1.s2",1.26,1.43,1.16,0.63,0.11,4.59,0.74,0,5.88
45,"ours1.total",7.96,10.42,10.35,5.31,1.46,35.49,6.77,5.59,40.63
45,"ours2.s1",7.1,9.38,9.15,4.35,1.19,31.16,5.53,0,35.48
45,"ours2.s2",1.04,1.13,1.1,0.64,0.1,4.01,0.74,0,5.23
45,"ours2.total",8.14,10.51,10.25,4.99,1.29,35.17,6.27,5.57,40.71
45,"ours3.s1",7.01,9.19,9.11,4.65,1.28,31.24,5.93,0,35.28
45,"ours3.s2",0,0,0,0,0,0,0,0,0
45,"ours3.total",7.01,9.19,9.11,4.65,1.28,31.24,5.93,5.57,35.28
45,"titeet",5.7,8.5,10.9,3.9,0.9,29.9,4.8,5.5,34.92
45,"tite12",5,5.7,7.6,5.1,2.6,26,7.7,5.5,30.25
45,"bfet",5.74,8.1,9.85,5.86,2.11,31.66,7.97,6.2,35.1
21,"ours0.s1",12.91,9.99,4.16,1.01,0.17,28.24,5.34,0,41.42
21,"ours0.s2",0.07,0.11,0.13,0.06,0.01,0.39,0.21,0,0.66
21,"ours0.total",12.99,10.09,4.29,1.07,0.19,28.63,5.55,6.4,42.08
21,"bf.s1",12.42,10.3,4.44,1.09,0.2,28.45,5.73,0,41.46
21,"bf.s2",0,0,0,0,0,0,0,0,0
21,"bf.total",12.42,10.3,4.44,1.09,0.2,28.45,5.73,6.45,41.46
21,"ours1.s1",11.96,9.63,4.2,1.15,0.26,27.19,5.61,0,34.89
21,"ours1.s2",0.63,0.45,0.25,0.08,0.02,1.43,0.35,0,2.29
21,"ours1.total",12.58,10.08,4.45,1.23,0.27,28.62,5.96,6.24,37.18
21,"ours2.s1",12.07,9.49,4.2,1.11,0.24,27.11,5.55,0,35.37
21,"ours2.s2",0.53,0.39,0.25,0.1,0.01,1.28,0.37,0,2.09
21,"ours2.total",12.6,9.89,4.45,1.21,0.26,28.4,5.91,6.23,37.46
21,"ours3.s1",12.09,9.59,4.3,1.2,0.25,27.44,5.76,0,35.48
21,"ours3.s2",0,0,0,0,0,0,0,0,0
21,"ours3.total",12.09,9.59,4.3,1.2,0.25,27.44,5.76,6.27,35.48
21,"titeet",15.4,9.4,3.7,1.1,0.2,29.8,5,6.6,36.55
21,"tite12",8,6.6,4.3,2.6,1.2,22.7,8.1,5.9,28.36
21,"bfet",10.48,9.78,5.18,1.76,0.48,27.67,7.42,6.49,32.1
42,"ours0.s1",8.91,11.5,8.47,3.68,1.02,33.59,4.71,0,41.07
42,"ours0.s2",0.42,0.55,0.55,0.27,0.07,1.86,0.34,0,2.67
42,"ours0.total",9.33,12.05,9.02,3.96,1.09,35.45,5.05,5.95,43.74
42,"bf.s1",7.86,11.57,8.83,3.8,0.96,33.03,4.76,0,41.12
42,"bf.s2",0,0,0,0,0,0,0,0,0
42,"bf.total",7.86,11.57,8.83,3.8,0.96,33.03,4.76,6.02,41.12
42,"ours1.s1",7.54,10.16,8.15,3.69,1.07,30.6,4.76,0,34.16
42,"ours1.s2",1.68,1.68,0.95,0.43,0.09,4.82,0.51,0,6.12
42,"ours1.total",9.21,11.84,9.1,4.12,1.16,35.42,5.27,5.63,40.28
42,"ours2.s1",7.7,10.38,8.18,3.66,1.08,30.99,4.74,0,35.15
42,"ours2.s2",1.4,1.47,0.94,0.43,0.09,4.33,0.52,0,5.58
42,"ours2.total",9.1,11.85,9.12,4.09,1.18,35.33,5.26,5.67,40.73
42,"ours3.s1",7.71,10.37,8.23,3.74,1.1,31.15,4.83,0,35.04
42,"ours3.s2",0,0,0,0,0,0,0,0,0
42,"ours3.total",7.71,10.37,8.23,3.74,1.1,31.15,4.83,5.69,35.04
42,"titeet",6.5,12.6,7.5,2.7,0.6,29.9,3.3,5.4,34.53
42,"tite12",5.2,7.5,6.2,4.1,2,25,6.1,5.2,28.94
42,"bfet",6.55,10.14,9.14,4.95,1.86,32.64,6.81,6.49,35.6
5,"ours0.s1",7.01,9.33,9.1,4.46,1.23,31.14,5.69,0,34.19
5,"ours0.s2",0.95,0.92,1.04,0.56,0.1,3.57,0.66,0,4.22
5,"ours0.total",7.96,10.26,10.14,5.02,1.33,34.71,6.35,5.55,38.41
5,"bf.s1",6.08,9.41,9.17,4.65,1.23,30.54,5.88,0,34.12
5,"bf.s2",0,0,0,0,0,0,0,0,0
5,"bf.total",6.08,9.41,9.17,4.65,1.23,30.54,5.88,5.57,34.12
5,"ours1.s1",6.01,8.4,8.73,4.58,1.34,29.06,5.92,0,29.82
5,"ours1.s2",2.48,1.97,1.36,0.6,0.11,6.54,0.72,0,7.29
5,"ours1.total",8.49,10.37,10.1,5.18,1.45,35.6,6.63,5.34,37.11
5,"ours2.s1",6.18,8.69,8.76,4.43,1.35,29.4,5.78,0,30.58
5,"ours2.s2",2.06,1.78,1.4,0.62,0.12,5.97,0.74,0,6.71
5,"ours2.total",8.24,10.47,10.16,5.05,1.47,35.38,6.51,5.34,37.29
5,"ours3.s1",6.18,8.62,8.8,4.55,1.33,29.48,5.89,0,30.54
5,"ours3.s2",0,0,0,0,0,0,0,0,0
5,"ours3.total",6.18,8.62,8.8,4.55,1.33,29.48,5.89,5.36,30.54
5,"titeet",5.6,8.7,10.9,3.9,0.9,30,4.8,5.6,31.2
5,"tite12",5,5.6,7.7,5.1,2.4,25.8,7.5,5.5,26.66
5,"bfet",5.63,8.25,9.88,5.85,2.18,31.79,8.03,6.33,32.5
15,"ours0.s1",7.95,10.13,9.58,4.61,1.26,33.53,5.86,0,41.39
15,"ours0.s2",0.24,0.41,0.75,0.52,0.09,2.02,0.61,0,2.83
15,"ours0.total",8.19,10.54,10.34,5.13,1.35,35.54,6.48,5.81,44.22
15,"bf.s1",6.68,10.34,9.68,4.78,1.16,32.63,5.94,0,41.51
15,"bf.s2",0,0,0,0,0,0,0,0,0
15,"bf.total",6.68,10.34,9.68,4.78,1.16,32.63,5.94,5.81,41.51
15,"ours1.s1",6.79,9.03,9.08,4.64,1.29,30.83,5.93,0,34.57
15,"ours1.s2",1.33,1.38,1.19,0.67,0.12,4.69,0.79,0,6
15,"ours1.total",8.12,10.41,10.27,5.3,1.42,35.53,6.72,5.56,40.57
15,"ours2.s1",7.07,9.14,9.03,4.59,1.35,31.19,5.94,0,35.4
15,"ours2.s2",1.01,1.22,1.18,0.71,0.14,4.26,0.85,0,5.56
15,"ours2.total",8.07,10.37,10.21,5.3,1.5,35.45,6.8,5.51,40.96
15,"ours3.s1",7.01,9.19,9.11,4.65,1.28,31.24,5.93,0,35.28
15,"ours3.s2",0,0,0,0,0,0,0,0,0
15,"ours3.total",7.01,9.19,9.11,4.65,1.28,31.24,5.93,5.57,35.28
15,"titeet",5.6,8.4,11.1,3.8,1,29.9,4.8,5.4,34.65
15,"tite12",5,5.6,7.5,5.2,2.6,25.9,7.8,5.3,29.7
15,"bfet",5.74,8.13,9.86,5.84,2.1,31.67,7.94,6.21,35
2,"ours0.s1",7.89,10.48,8.05,3.55,0.99,30.96,4.54,0,33.82
2,"ours0.s2",1.12,1.27,0.76,0.37,0.07,3.59,0.44,0,4.22
2,"ours0.total",9.01,11.75,8.81,3.92,1.06,34.55,4.98,5.63,38.04
2,"bf.s1",7.05,10.53,8.33,3.67,1,30.57,4.67,0,33.74
2,"bf.s2",0,0,0,0,0,0,0,0,0
2,"bf.total",7.05,10.53,8.33,3.67,1,30.57,4.67,5.71,33.74
2,"ours1.s1",6.6,9.48,8.01,3.64,1.14,28.88,4.78,0,29.7
2,"ours1.s2",2.87,2.19,1.06,0.44,0.07,6.62,0.51,0,7.38
2,"ours1.total",9.47,11.66,9.07,4.08,1.21,35.49,5.29,5.47,37.08
2,"ours2.s1",6.8,9.7,7.97,3.59,1.09,29.16,4.68,0,30.27
2,"ours2.s2",2.44,2.09,1,0.43,0.07,6.03,0.5,0,6.75
2,"ours2.total",9.24,11.79,8.98,4.02,1.16,35.19,5.18,5.49,37.02
2,"ours3.s1",6.79,9.63,8.01,3.68,1.11,29.22,4.79,0,30.27
2,"ours3.s2",0,0,0,0,0,0,0,0,0
2,"ours3.total",6.79,9.63,8.01,3.68,1.11,29.22,4.79,5.46,30.27
2,"titeet",6.5,12.9,7.5,2.5,0.6,30,3.1,5.3,31.09
2,"tite12",5.1,7.7,6.2,4,1.9,24.9,5.9,5.2,25.6
2,"bfet",6.39,10.12,9.24,4.93,1.83,32.51,6.76,6.56,33.1
75,"ours0.s1",8.2,10.35,9.76,4.72,1.17,34.2,5.89,0,47.07
75,"ours0.s2",0.09,0.23,0.59,0.46,0.11,1.48,0.56,0,2.43
75,"ours0.total",8.29,10.58,10.35,5.18,1.28,35.68,6.46,5.88,49.5
75,"bf.s1",7.06,10.69,9.91,4.76,1.13,33.55,5.89,0,47.2
75,"bf.s2",0,0,0,0,0,0,0,0,0
75,"bf.total",7.06,10.69,9.91,4.76,1.13,33.55,5.89,5.93,47.2
75,"ours1.s1",6.89,9.02,9.14,4.7,1.34,31.08,6.03,0,36.19
75,"ours1.s2",1.26,1.37,1.25,0.67,0.13,4.68,0.8,0,6.65
75,"ours1.total",8.15,10.38,10.39,5.36,1.47,35.76,6.83,5.58,42.84
75,"ours2.s1",7.13,9.31,9.13,4.43,1.2,31.2,5.63,0,36.8
75,"ours2.s2",0.99,1.2,1.14,0.65,0.13,4.11,0.79,0,5.96
75,"ours2.total",8.12,10.51,10.27,5.09,1.33,35.31,6.42,5.55,42.76
75,"ours3.s1",7.09,9.25,9.13,4.59,1.29,31.35,5.87,0,36.77
75,"ours3.s2",0,0,0,0,0,0,0,0,0
75,"ours3.total",7.09,9.25,9.13,4.59,1.29,31.35,5.87,5.55,36.77
75,"titeet",5.6,8.5,11,3.9,0.9,29.9,4.8,5.5,38.81
75,"tite12",4.8,5.6,7.7,5.3,2.7,26.1,8,5.6,33.73
75,"bfet",5.75,8.1,9.84,5.87,2.12,31.68,7.99,6.22,36
35,"ours0.s1",7.74,9.76,9.31,4.6,1.25,32.66,5.85,0,39.96
35,"ours0.s2",0.38,0.49,0.86,0.56,0.12,2.41,0.69,0,3.35
35,"ours0.total",8.12,10.25,10.17,5.17,1.37,35.07,6.54,5.67,43.31
35,"bf.s1",6.55,10.05,9.47,4.72,1.22,32.01,5.94,0,40.08
35,"bf.s2",0,0,0,0,0,0,0,0,0
35,"bf.total",6.55,10.05,9.47,4.72,1.22,32.01,5.94,5.72,40.08
35,"ours1.s1",6.05,8.54,8.79,4.52,1.33,29.23,5.85,0,31.33
35,"ours1.s2",2.39,1.85,1.35,0.6,0.13,6.32,0.73,0,7.73
35,"ours1.total",8.44,10.39,10.14,5.12,1.46,35.55,6.58,5.36,39.06
35,"ours2.s1",6.32,8.68,8.77,4.43,1.28,29.48,5.7,0,31.97
35,"ours2.s2",2.02,1.67,1.32,0.64,0.08,5.74,0.72,0,7.14
35,"ours2.total",8.34,10.36,10.09,5.07,1.36,35.21,6.42,5.42,39.11
35,"ours3.s1",6.25,8.7,8.8,4.55,1.35,29.64,5.89,0,31.98
35,"ours3.s2",0,0,0,0,0,0,0,0,0
35,"ours3.total",6.25,8.7,8.8,4.55,1.35,29.64,5.89,5.38,31.98
35,"titeet",5.9,8.7,10.8,3.7,0.8,29.9,4.5,5.4,34.54
35,"tite12",4.9,5.6,7.7,5.2,2.5,25.9,7.7,5.5,29.76
35,"bfet",5.64,8.24,9.86,5.87,2.17,31.77,8.04,6.34,33.3
65,"ours0.s1",8.13,10.29,9.58,4.65,1.23,33.88,5.88,0,46.09
65,"ours0.s2",0.15,0.31,0.7,0.53,0.11,1.8,0.65,0,2.94
65,"ours0.total",8.28,10.6,10.28,5.18,1.34,35.68,6.53,5.81,49.03
65,"bf.s1",6.99,10.54,9.76,4.69,1.11,33.1,5.8,0,46.12
65,"bf.s2",0,0,0,0,0,0,0,0,0
65,"bf.total",6.99,10.54,9.76,4.69,1.11,33.1,5.8,5.86,46.12
65,"ours1.s1",6.25,8.67,8.93,4.5,1.3,29.65,5.8,0,33.33
65,"ours1.s2",2.04,1.74,1.32,0.65,0.12,5.87,0.77,0,7.95
65,"ours1.total",8.29,10.42,10.24,5.15,1.42,35.52,6.57,5.43,41.28
65,"ours2.s1",6.38,8.79,8.93,4.5,1.26,29.86,5.76,0,33.97
65,"ours2.s2",1.77,1.64,1.28,0.66,0.11,5.45,0.77,0,7.53
65,"ours2.total",8.15,10.43,10.21,5.16,1.37,35.31,6.52,5.41,41.5
65,"ours3.s1",6.45,8.79,8.91,4.56,1.28,29.99,5.84,0,33.99
65,"ours3.s2",0,0,0,0,0,0,0,0,0
65,"ours3.total",6.45,8.79,8.91,4.56,1.28,29.99,5.84,5.41,33.99
65,"titeet",5.7,8.7,11,3.7,0.8,29.9,4.5,5.4,38.44
65,"tite12",5,5.6,7.7,5.3,2.5,26.1,7.8,5.4,33.49
65,"bfet",5.65,8.22,9.87,5.88,2.17,31.79,8.05,6.34,34.3
85,"ours0.s1",8.28,10.81,9.94,4.61,1.14,34.77,5.74,0,49.12
85,"ours0.s2",0.06,0.16,0.57,0.5,0.1,1.39,0.6,0,2.19
85,"ours0.total",8.34,10.97,10.51,5.11,1.24,36.17,6.35,5.94,51.31
85,"bf.s1",7.17,10.93,10.15,4.8,1.1,34.16,5.9,0,48.97
85,"bf.s2",0,0,0,0,0,0,0,0,0
85,"bf.total",7.17,10.93,10.15,4.8,1.1,34.16,5.9,6.01,48.97
85,"ours1.s1",7.59,9.74,9.35,4.54,1.24,32.46,5.78,0,39.94
85,"ours1.s2",0.61,0.87,0.98,0.69,0.12,3.26,0.81,0,4.87
85,"ours1.total",8.2,10.6,10.33,5.24,1.36,35.73,6.59,5.72,44.81
85,"ours2.s1",7.73,9.88,9.43,4.5,1.25,32.78,5.75,0,40.91
85,"ours2.s2",0.46,0.73,0.96,0.7,0.13,2.98,0.83,0,4.5
85,"ours2.total",8.19,10.6,10.39,5.2,1.38,35.76,6.58,5.73,45.4
85,"ours3.s1",7.65,9.84,9.49,4.61,1.31,32.9,5.92,0,40.76
85,"ours3.s2",0,0,0,0,0,0,0,0,0
85,"ours3.total",7.65,9.84,9.49,4.61,1.31,32.9,5.92,5.75,40.76
85,"titeet",5.7,8.4,10.8,4,1.1,30,5.1,5.5,39.54
85,"tite12",4.8,5.6,7.6,5.2,2.8,26,8,5.4,34.58
85,"bfet",5.8,8.25,9.95,5.65,1.95,31.6,7.6,6.09,38.2
52,"ours0.s1",9.42,12.23,8.91,3.7,0.89,35.15,4.6,0,48.19
52,"ours0.s2",0.09,0.18,0.44,0.29,0.05,1.05,0.34,0,1.77
52,"ours0.total",9.51,12.41,9.34,3.99,0.95,36.21,4.94,6.16,49.96
52,"bf.s1",8.49,12.27,9.15,3.76,0.87,34.55,4.63,0,48.19
52,"bf.s2",0,0,0,0,0,0,0,0,0
52,"bf.total",8.49,12.27,9.15,3.76,0.87,34.55,4.63,6.2,48.19
52,"ours1.s1",8.45,11.1,8.5,3.73,1.02,32.8,4.75,0,39.62
52,"ours1.s2",0.87,1.01,0.84,0.42,0.09,3.23,0.51,0,4.85
52,"ours1.total",9.33,12.11,9.33,4.15,1.11,36.03,5.26,5.92,44.47
52,"ours2.s1",8.64,11.19,8.38,3.69,1.03,32.93,4.72,0,40.45
52,"ours2.s2",0.74,0.91,0.74,0.43,0.08,2.9,0.51,0,4.42
52,"ours2.total",9.38,12.1,9.12,4.12,1.11,35.83,5.23,5.86,44.87
52,"ours3.s1",8.55,11.23,8.43,3.67,1.05,32.93,4.72,0,40.34
52,"ours3.s2",0,0,0,0,0,0,0,0,0
52,"ours3.total",8.55,11.23,8.43,3.67,1.05,32.93,4.72,5.89,40.34
52,"titeet",6.4,12.7,7.6,2.7,0.7,30.1,3.4,5.3,38.51
52,"tite12",5,7.4,6.2,4.3,2.2,25.1,6.5,5.2,32.46
52,"bfet",6.56,10.43,9.1,4.72,1.65,32.46,6.37,6.31,38
25,"ours0.s1",8.24,10.79,9.97,4.58,1.15,34.73,5.73,0,48.73
25,"ours0.s2",0.05,0.14,0.53,0.48,0.09,1.28,0.56,0,2.1
25,"ours0.total",8.29,10.93,10.49,5.06,1.24,36.01,6.29,5.97,50.84
25,"bf.s1",7.16,10.91,10.15,4.8,1.1,34.13,5.9,0,48.85
25,"bf.s2",0,0,0,0,0,0,0,0,0
25,"bf.total",7.16,10.91,10.15,4.8,1.1,34.13,5.9,6.01,48.85
25,"ours1.s1",7.59,9.71,9.4,4.6,1.3,32.59,5.89,0,39.81
25,"ours1.s2",0.64,0.81,1,0.69,0.12,3.27,0.81,0,4.94
25,"ours1.total",8.23,10.52,10.41,5.29,1.42,35.86,6.71,5.76,44.75
25,"ours2.s1",7.71,9.93,9.53,4.46,1.19,32.82,5.65,0,40.86
25,"ours2.s2",0.47,0.73,0.91,0.69,0.13,2.93,0.83,0,4.39
25,"ours2.total",8.18,10.65,10.44,5.15,1.32,35.75,6.47,5.72,45.24
25,"ours3.s1",7.65,9.84,9.51,4.62,1.31,32.92,5.92,0,40.77
25,"ours3.s2",0,0,0,0,0,0,0,0,0
25,"ours3.total",7.65,9.84,9.51,4.62,1.31,32.92,5.92,5.76,40.77
25,"titeet",5.5,8.4,10.9,4,1.1,29.9,5.1,5.5,38.85
25,"tite12",4.9,5.6,7.4,5.2,2.7,25.8,7.9,5.5,33.65
25,"bfet",5.76,8.29,9.96,5.66,1.95,31.61,7.61,6.07,38.1
55,"ours0.s1",8.27,10.79,10.05,4.64,1.16,34.91,5.8,0,48.97
55,"ours0.s2",0.05,0.15,0.55,0.47,0.1,1.32,0.57,0,2.11
55,"ours0.total",8.32,10.94,10.6,5.1,1.27,36.23,6.37,5.96,51.08
55,"bf.s1",7.16,10.92,10.15,4.8,1.1,34.13,5.9,0,48.88
55,"bf.s2",0,0,0,0,0,0,0,0,0
55,"bf.total",7.16,10.92,10.15,4.8,1.1,34.13,5.9,6.01,48.88
55,"ours1.s1",7.55,9.79,9.36,4.51,1.3,32.51,5.81,0,39.83
55,"ours1.s2",0.63,0.86,0.97,0.72,0.13,3.31,0.86,0,4.96
55,"ours1.total",8.18,10.65,10.33,5.24,1.43,35.83,6.67,5.73,44.78
55,"ours2.s1",7.7,9.94,9.62,4.45,1.18,32.88,5.62,0,40.91
55,"ours2.s2",0.46,0.74,0.91,0.68,0.14,2.93,0.82,0,4.45
55,"ours2.total",8.16,10.67,10.53,5.13,1.31,35.8,6.45,5.72,45.36
55,"ours3.s1",7.65,9.84,9.5,4.62,1.31,32.91,5.93,0,40.78
55,"ours3.s2",0,0,0,0,0,0,0,0,0
55,"ours3.total",7.65,9.84,9.5,4.62,1.31,32.91,5.93,5.75,40.78
55,"titeet",5.6,8.4,10.8,4.1,1,29.9,5.1,5.5,39.07
55,"tite12",4.9,5.5,7.5,5.2,2.7,25.8,7.9,5.5,33.96
55,"bfet",5.79,8.26,9.96,5.66,1.96,31.63,7.62,6.08,38.1
62,"ours0.s1",9.13,11.61,8.55,3.7,0.97,33.96,4.67,0,45.22
62,"ours0.s2",0.27,0.36,0.55,0.28,0.07,1.54,0.35,0,2.59
62,"ours0.total",9.4,11.97,9.1,3.98,1.04,35.5,5.02,5.99,47.81
62,"bf.s1",8.17,11.79,8.88,3.7,0.9,33.45,4.61,0,45.23
62,"bf.s2",0,0,0,0,0,0,0,0,0
62,"bf.total",8.17,11.79,8.88,3.7,0.9,33.45,4.61,6.05,45.23
62,"ours1.s1",6.93,9.65,8.02,3.67,1.11,29.38,4.78,0,32.82
62,"ours1.s2",2.41,2.1,1.02,0.41,0.09,6.03,0.5,0,8.19
62,"ours1.total",9.34,11.74,9.04,4.08,1.2,35.41,5.28,5.53,41.01
62,"ours2.s1",6.98,9.79,8.11,3.6,1,29.47,4.6,0,33.25
62,"ours2.s2",2.17,1.98,0.95,0.45,0.08,5.63,0.53,0,7.69
62,"ours2.total",9.15,11.76,9.06,4.05,1.08,35.1,5.13,5.47,40.94
62,"ours3.s1",7.01,9.83,8.02,3.66,1.1,29.61,4.76,0,33.41
62,"ours3.s2",0,0,0,0,0,0,0,0,0
62,"ours3.total",7.01,9.83,8.02,3.66,1.1,29.61,4.76,5.5,33.41
62,"titeet",6.8,12.8,7.3,2.5,0.5,29.9,3,5.2,37.72
62,"tite12",5,7.6,6.3,4.2,2.1,25.2,6.3,5.2,31.86
62,"bfet",6.36,10.07,9.2,4.95,1.83,32.42,6.78,6.54,34.8
4,"ours0.s1",4.79,5.38,6.1,8.68,8.61,33.56,-1,0,35.61
4,"ours0.s2",0.47,1,1.54,2.07,0.72,5.8,-1,0,6.69
4,"ours0.total",5.26,6.37,7.65,10.75,9.33,39.36,-1,3.56,42.3
4,"bf.s1",3.59,4.57,6.17,9.09,8.53,31.95,-1,0,35.47
4,"bf.s2",0,0,0,0,0,0,-1,0,0
4,"bf.total",3.59,4.57,6.17,9.09,8.53,31.95,-1,3.57,35.47
4,"ours1.s1",4,4.4,5.33,7.81,8.51,30.05,-1,0,30.46
4,"ours1.s2",2.11,2.76,2.64,2.86,0.7,11.07,-1,0,11.96
4,"ours1.total",6.11,7.16,7.96,10.67,9.21,41.12,-1,3.43,42.42
4,"ours2.s1",4.2,4.64,5.41,7.87,8.52,30.64,-1,0,31.23
4,"ours2.s2",1.52,2.42,2.62,2.84,0.79,10.19,-1,0,11.26
4,"ours2.total",5.72,7.06,8.03,10.72,9.31,40.83,-1,3.4,42.49
4,"ours3.s1",4.18,4.61,5.39,7.93,8.5,30.63,-1,0,31.2
4,"ours3.s2",0,0,0,0,0,0,-1,0,0
4,"ours3.total",4.18,4.61,5.39,7.93,8.5,30.63,-1,3.44,31.2
4,"titeet",3.5,4.2,5.4,10.2,6.8,30.1,-1,3.1,31.72
4,"tite12",3.5,4,4.8,8.6,5.9,26.8,-1,2.8,27.99
4,"bfet",3.78,5.03,6.41,8.04,9.98,33.23,-1,3.85,34.2
44,"ours0.s1",5.35,6.38,7.25,9.73,8.47,37.18,-1,0,43.9
44,"ours0.s2",0.14,0.37,0.77,1.29,0.8,3.38,-1,0,4.68
44,"ours0.total",5.49,6.75,8.02,11.02,9.28,40.56,-1,3.73,48.59
44,"bf.s1",3.78,5.22,7.53,10.38,8.5,35.41,-1,0,43.92
44,"bf.s2",0,0,0,0,0,0,-1,0,0
44,"bf.total",3.78,5.22,7.53,10.38,8.5,35.41,-1,3.83,43.92
44,"ours1.s1",4.6,5.17,5.87,8.44,8.6,32.67,-1,0,35.69
44,"ours1.s2",0.87,1.8,2.34,2.53,0.74,8.28,-1,0,10.1
44,"ours1.total",5.48,6.97,8.2,10.96,9.34,40.95,-1,3.53,45.79
44,"ours2.s1",4.78,5.44,6.12,8.51,8.49,33.34,-1,0,36.7
44,"ours2.s2",0.68,1.43,2.14,2.45,0.84,7.54,-1,0,9.37
44,"ours2.total",5.46,6.87,8.26,10.96,9.33,40.88,-1,3.54,46.07
44,"ours3.s1",4.72,5.44,6.2,8.53,8.47,33.36,-1,0,36.68
44,"ours3.s2",0,0,0,0,0,0,-1,0,0
44,"ours3.total",4.72,5.44,6.2,8.53,8.47,33.36,-1,3.56,36.68
44,"titeet",3.5,4.3,5.4,9.9,6.9,30,-1,3.1,36.38
44,"tite12",3.5,4.1,5,8.5,6,27.1,-1,2.7,32.02
44,"bfet",3.82,4.96,6.24,8.29,9.78,33.1,-1,3.76,37.6
32,"ours0.s1",8.54,11.21,8.35,3.58,0.94,32.62,4.52,0,39.22
32,"ours0.s2",0.58,0.7,0.64,0.35,0.07,2.35,0.42,0,3.3
32,"ours0.total",9.12,11.91,8.99,3.93,1.02,34.97,4.94,5.82,42.52
32,"bf.s1",7.65,11.22,8.66,3.76,1,32.29,4.76,0,39.43
32,"bf.s2",0,0,0,0,0,0,0,0,0
32,"bf.total",7.65,11.22,8.66,3.76,1,32.29,4.76,5.91,39.43
32,"ours1.s1",6.74,9.59,7.94,3.62,1.1,28.98,4.72,0,31.06
32,"ours1.s2",2.63,2.17,1.01,0.41,0.1,6.32,0.51,0,7.73
32,"ours1.total",9.37,11.76,8.95,4.03,1.2,35.3,5.23,5.45,38.79
32,"ours2.s1",6.85,9.67,8.05,3.61,1.07,29.25,4.69,0,31.42
32,"ours2.s2",2.32,2.05,0.99,0.5,0.1,5.96,0.59,0,7.29
32,"ours2.total",9.17,11.72,9.04,4.11,1.17,35.21,5.28,5.45,38.72
32,"ours3.s1",6.85,9.7,8,3.66,1.12,29.34,4.78,0,31.6
32,"ours3.s2",0,0,0,0,0,0,0,0,0
32,"ours3.total",6.85,9.7,8,3.66,1.12,29.34,4.78,5.48,31.6
32,"titeet",6.7,13,7.3,2.5,0.5,30,3,5.2,34
32,"tite12",5.1,7.6,6.1,4.2,2.1,25.1,6.3,5.2,28.27
32,"bfet",6.37,10.09,9.22,4.93,1.83,32.46,6.76,6.54,33.9
12,"ours0.s1",8.86,11.49,8.43,3.66,0.96,33.39,4.62,0,40.95
12,"ours0.s2",0.39,0.55,0.61,0.3,0.06,1.92,0.36,0,2.74
12,"ours0.total",9.25,12.04,9.04,3.96,1.02,35.31,4.98,5.92,43.69
12,"bf.s1",7.85,11.55,8.82,3.79,0.96,32.97,4.75,0,41.03
12,"bf.s2",0,0,0,0,0,0,0,0,0
12,"bf.total",7.85,11.55,8.82,3.79,0.96,32.97,4.75,6.01,41.03
12,"ours1.s1",7.54,10.22,8.18,3.64,1.03,30.6,4.67,0,34.17
12,"ours1.s2",1.6,1.62,0.91,0.44,0.06,4.64,0.5,0,5.93
12,"ours1.total",9.14,11.84,9.09,4.08,1.09,35.24,5.17,5.63,40.11
12,"ours2.s1",7.77,10.34,8.12,3.69,1.07,30.99,4.77,0,35.08
12,"ours2.s2",1.43,1.49,0.92,0.45,0.08,4.36,0.53,0,5.64
12,"ours2.total",9.19,11.83,9.03,4.15,1.15,35.35,5.3,5.69,40.72
12,"ours3.s1",7.71,10.37,8.24,3.73,1.09,31.14,4.82,0,35.03
12,"ours3.s2",0,0,0,0,0,0,0,0,0
12,"ours3.total",7.71,10.37,8.24,3.73,1.09,31.14,4.82,5.69,35.03
12,"titeet",6.4,12.8,7.3,2.7,0.7,29.9,3.4,5.3,34.36
12,"tite12",5,7.5,6.2,4.2,2.1,25,6.3,5.2,28.46
12,"bfet",6.57,10.15,9.14,4.96,1.88,32.7,6.84,6.5,35.5
72,"ours0.s1",9.28,11.96,8.69,3.6,0.95,34.48,4.55,0,46.36
72,"ours0.s2",0.19,0.29,0.47,0.31,0.05,1.3,0.36,0,2.2
72,"ours0.total",9.46,12.25,9.16,3.91,1,35.79,4.91,6.05,48.57
72,"bf.s1",8.3,11.99,8.99,3.75,0.9,33.94,4.65,0,46.38
72,"bf.s2",0,0,0,0,0,0,0,0,0
72,"bf.total",8.3,11.99,8.99,3.75,0.9,33.94,4.65,6.12,46.38
72,"ours1.s1",7.65,10.24,8.07,3.69,1.06,30.71,4.75,0,35.44
72,"ours1.s2",1.6,1.6,0.93,0.41,0.08,4.61,0.49,0,6.55
72,"ours1.total",9.25,11.84,9,4.09,1.14,35.32,5.23,5.66,41.99
72,"ours2.s1",7.89,10.48,8.17,3.62,1.05,31.21,4.67,0,36.52
72,"ours2.s2",1.38,1.47,0.93,0.48,0.08,4.34,0.56,0,6.27
72,"ours2.total",9.27,11.95,9.1,4.1,1.13,35.55,5.23,5.66,42.79
72,"ours3.s1",7.78,10.43,8.24,3.69,1.06,31.2,4.75,0,36.35
72,"ours3.s2",0,0,0,0,0,0,0,0,0
72,"ours3.total",7.78,10.43,8.24,3.69,1.06,31.2,4.75,5.67,36.35
72,"titeet",6.6,12.7,7.4,2.6,0.6,29.9,3.2,5.2,38.09
72,"tite12",5,7.5,6.3,4.2,2.1,25.1,6.3,5.3,32.26
72,"bfet",6.56,10.11,9.1,4.95,1.88,32.61,6.83,6.5,36.4
91,"ours0.s1",12.4,9.84,4.21,1.1,0.26,27.81,5.57,0,17.81
91,"ours0.s2",0.3,0.25,0.19,0.07,0.01,0.83,0.28,0,0.61
91,"ours0.total",12.7,10.09,4.4,1.18,0.27,28.63,5.84,6.29,18.42
91,"bf.s1",11.8,9.99,4.41,1.1,0.22,27.52,5.73,0,17.63
91,"bf.s2",0,0,0,0,0,0,0,0,0
91,"bf.total",11.8,9.99,4.41,1.1,0.22,27.52,5.73,6.3,17.63
91,"ours1.s1",11.23,9.32,4.21,1.15,0.25,26.17,5.62,0,15.17
91,"ours1.s2",1.25,0.63,0.3,0.09,0.02,2.3,0.41,0,1.54
91,"ours1.total",12.48,9.95,4.52,1.24,0.27,28.46,6.03,6.08,16.71
91,"ours2.s1",11.44,9.27,4.11,1.11,0.25,26.18,5.47,0,15.45
91,"ours2.s2",1.06,0.62,0.28,0.12,0.02,2.09,0.41,0,1.43
91,"ours2.total",12.5,9.89,4.39,1.23,0.27,28.28,5.89,6.05,16.88
91,"ours3.s1",11.21,9.19,4.28,1.24,0.29,26.2,5.81,0,15.35
91,"ours3.s2",0,0,0,0,0,0,0,0,0
91,"ours3.total",11.21,9.19,4.28,1.24,0.29,26.2,5.81,6.04,15.35
91,"titeet",15.8,9.2,3.6,1,0.2,29.8,4.8,6.4,16.78
91,"tite12",8.2,6.6,4.3,2.5,1.1,22.7,7.9,5.9,12.91
91,"bfet",10.14,9.69,5.45,1.97,0.56,27.81,7.98,6.72,15.1
161,"ours0.s1",13.31,10.35,4.21,0.96,0.15,28.97,5.31,0,28.16
161,"ours0.s2",0.01,0.05,0.11,0.05,0.01,0.23,0.17,0,0.25
161,"ours0.total",13.31,10.4,4.32,1,0.15,29.2,5.48,6.51,28.41
161,"bf.s1",12.93,10.64,4.39,0.98,0.14,29.08,5.51,0,28.16
161,"bf.s2",0,0,0,0,0,0,0,0,0
161,"bf.total",12.93,10.64,4.39,0.98,0.14,29.08,5.51,6.56,28.16
161,"ours1.s1",12.6,9.97,4.37,1.07,0.19,28.2,5.64,0,21.03
161,"ours1.s2",0.28,0.25,0.19,0.09,0.03,0.84,0.31,0,0.99
161,"ours1.total",12.87,10.22,4.56,1.16,0.22,29.03,5.94,6.44,22.02
161,"ours2.s1",12.72,10.09,4.39,1.1,0.18,28.48,5.67,0,21.46
161,"ours2.s2",0.21,0.21,0.21,0.09,0.01,0.74,0.31,0,0.88
161,"ours2.total",12.93,10.3,4.6,1.19,0.19,29.21,5.98,6.45,22.33
161,"ours3.s1",12.65,9.96,4.35,1.15,0.23,28.33,5.73,0,21.39
161,"ours3.s2",0,0,0,0,0,0,0,0,0
161,"ours3.total",12.65,9.96,4.35,1.15,0.23,28.33,5.73,6.42,21.39
161,"titeet",15.4,9.5,3.7,1,0.2,29.8,4.9,6.5,23.76
161,"tite12",8,6.6,4.5,2.6,1.2,22.9,8.3,6.1,19.78
161,"bfet",10.82,9.64,5.01,1.61,0.4,27.48,7.02,6.34,18.2
77,"ours0.s1",11.15,11.62,8.57,3.66,0.88,35.88,4.54,0,46.15
77,"ours0.s2",0.27,0.35,0.34,0.24,0.05,1.26,0.29,0,2.15
77,"ours0.total",11.42,11.97,8.92,3.9,0.93,37.14,4.83,6.1,48.3
77,"bf.s1",9.96,12.2,9.03,3.76,0.88,35.82,4.64,0,46.16
77,"bf.s2",0,0,0,0,0,0,0,0,0
77,"bf.total",9.96,12.2,9.03,3.76,0.88,35.82,4.64,6.25,46.16
77,"ours1.s1",8.62,9.92,8.14,3.67,1.04,31.4,4.72,0,35.57
77,"ours1.s2",2.46,1.65,0.78,0.36,0.06,5.3,0.42,0,7.49
77,"ours1.total",11.08,11.56,8.92,4.03,1.1,36.69,5.13,5.65,43.06
77,"ours2.s1",8.99,10.04,8.09,3.62,1,31.73,4.62,0,36.27
77,"ours2.s2",2.07,1.51,0.77,0.36,0.05,4.76,0.41,0,6.86
77,"ours2.total",11.05,11.55,8.86,3.98,1.05,36.49,5.02,5.67,43.13
77,"ours3.s1",8.87,10.02,8.17,3.72,1.03,31.82,4.75,0,36.29
77,"ours3.s2",0,0,0,0,0,0,0,0,0
77,"ours3.total",8.87,10.02,8.17,3.72,1.03,31.82,4.75,5.69,36.29
77,"titeet",11.4,10.4,5.8,2,0.4,30,2.4,4.6,37.33
77,"tite12",7,6.4,5,3.5,1.8,23.7,5.3,4.5,29.86
77,"bfet",8.43,10.48,9.24,4.98,1.85,34.97,6.83,6.68,38.2
7,"ours0.s1",8.81,9.99,8.08,3.66,1.03,31.58,4.69,0,33.74
7,"ours0.s2",2.1,1.34,0.6,0.26,0.04,4.35,0.31,0,5.05
7,"ours0.total",10.91,11.34,8.68,3.93,1.07,35.93,5,5.63,38.8
7,"bf.s1",7.75,10.62,8.38,3.66,0.96,31.37,4.63,0,33.7
7,"bf.s2",0,0,0,0,0,0,0,0,0
7,"bf.total",7.75,10.62,8.38,3.66,0.96,31.37,4.63,5.75,33.7
7,"ours1.s1",6.99,9.32,7.87,3.69,1.16,29.04,4.85,0,29.61
7,"ours1.s2",3.99,2.17,0.91,0.37,0.06,7.5,0.42,0,8.33
7,"ours1.total",10.99,11.49,8.79,4.06,1.22,36.54,5.28,5.45,37.94
7,"ours2.s1",7.33,9.57,7.82,3.61,1.13,29.44,4.73,0,30.15
7,"ours2.s2",3.64,1.97,0.83,0.38,0.07,6.91,0.46,0,7.69
7,"ours2.total",10.97,11.55,8.65,3.99,1.2,36.35,5.19,5.45,37.84
7,"ours3.s1",7.21,9.47,8.01,3.69,1.09,29.46,4.77,0,30.29
7,"ours3.s2",0,0,0,0,0,0,0,0,0
7,"ours3.total",7.21,9.47,8.01,3.69,1.09,29.46,4.77,5.47,30.29
7,"titeet",11.4,10.3,6,1.9,0.4,30,2.3,4.5,30.98
7,"tite12",7,6.5,5,3.3,1.6,23.4,4.9,4.4,23.87
7,"bfet",8.16,10.51,9.31,4.96,1.84,34.79,6.8,6.72,35.2
46,"ours0.s1",5.86,7.42,8.92,9.06,4.43,35.7,4.43,0,43.7
46,"ours0.s2",0.17,0.41,0.72,1.17,0.56,3.03,0.56,0,4.16
46,"ours0.total",6.03,7.82,9.64,10.23,4.99,38.72,4.99,4.98,47.86
46,"bf.s1",4.35,6.65,9.43,9.36,4.34,34.12,4.34,0,43.49
46,"bf.s2",0,0,0,0,0,0,0,0,0
46,"bf.total",4.35,6.65,9.43,9.36,4.34,34.12,4.34,4.98,43.49
46,"ours1.s1",5.08,6.18,8.09,8.57,4.44,32.35,4.44,0,35.9
46,"ours1.s2",1.08,1.84,1.7,1.63,0.5,6.75,0.5,0,8.31
46,"ours1.total",6.16,8.02,9.78,10.2,4.94,39.1,4.94,4.7,44.21
46,"ours2.s1",5.23,6.48,8.24,8.46,4.42,32.84,4.42,0,36.64
46,"ours2.s2",0.76,1.47,1.49,1.61,0.56,5.89,0.56,0,7.45
46,"ours2.total",6,7.95,9.73,10.07,4.98,38.73,4.98,4.73,44.1
46,"ours3.s1",5.19,6.39,8.13,8.57,4.5,32.77,4.5,0,36.62
46,"ours3.s2",0,0,0,0,0,0,0,0,0
46,"ours3.total",5.19,6.39,8.13,8.57,4.5,32.77,4.5,4.72,36.62
46,"titeet",4,5.2,7.5,9.8,3.4,29.9,3.4,4.5,35.99
46,"tite12",4.1,4.8,5.5,7.9,4.9,27.2,4.9,4.3,32.11
46,"bfet",4.2,5.9,8.04,9.36,5.9,33.4,5.9,5.31,37.7
47,"ours0.s1",10.66,11.12,8.43,3.56,0.92,34.68,4.48,0,41.01
47,"ours0.s2",0.62,0.61,0.49,0.24,0.05,2.01,0.29,0,2.9
47,"ours0.total",11.28,11.72,8.92,3.8,0.97,36.69,4.77,5.93,43.9
47,"bf.s1",9.22,11.72,8.84,3.82,0.96,34.56,4.78,0,41.08
47,"bf.s2",0,0,0,0,0,0,0,0,0
47,"bf.total",9.22,11.72,8.84,3.82,0.96,34.56,4.78,6.1,41.08
47,"ours1.s1",8.5,9.93,8.12,3.65,1.06,31.27,4.72,0,34.18
47,"ours1.s2",2.63,1.66,0.81,0.32,0.05,5.47,0.37,0,6.94
47,"ours1.total",11.14,11.59,8.93,3.97,1.12,36.75,5.09,5.64,41.12
47,"ours2.s1",8.81,10.02,8.2,3.55,1,31.58,4.55,0,35.04
47,"ours2.s2",2.26,1.53,0.75,0.34,0.06,4.94,0.4,0,6.37
47,"ours2.total",11.07,11.55,8.95,3.88,1.06,36.52,4.95,5.64,41.41
47,"ours3.s1",8.79,9.96,8.17,3.75,1.07,31.74,4.82,0,35.05
47,"ours3.s2",0,0,0,0,0,0,0,0,0
47,"ours3.total",8.79,9.96,8.17,3.75,1.07,31.74,4.82,5.68,35.05
47,"titeet",11.4,10.3,5.9,1.9,0.4,29.9,2.3,4.6,34.31
47,"tite12",7,6.4,5,3.3,1.7,23.4,5,4.5,26.94
47,"bfet",8.42,10.48,9.24,4.96,1.83,34.93,6.79,6.67,37.3
22,"ours0.s1",9.47,12.33,8.88,3.65,0.87,35.2,4.52,0,48.44
22,"ours0.s2",0.09,0.19,0.43,0.3,0.07,1.07,0.37,0,1.81
22,"ours0.total",9.56,12.52,9.3,3.95,0.94,36.27,4.89,6.15,50.25
22,"bf.s1",8.49,12.27,9.16,3.76,0.87,34.54,4.63,0,48.17
22,"bf.s2",0,0,0,0,0,0,0,0,0
22,"bf.total",8.49,12.27,9.16,3.76,0.87,34.54,4.63,6.2,48.17
22,"ours1.s1",8.4,10.99,8.47,3.71,1.04,32.61,4.75,0,39.39
22,"ours1.s2",0.89,1.06,0.8,0.44,0.1,3.29,0.53,0,4.94
22,"ours1.total",9.29,12.05,9.26,4.15,1.14,35.89,5.28,5.88,44.33
22,"ours2.s1",8.48,11.21,8.45,3.66,1.01,32.81,4.67,0,40.28
22,"ours2.s2",0.77,0.9,0.76,0.41,0.08,2.91,0.48,0,4.45
22,"ours2.total",9.25,12.12,9.21,4.06,1.09,35.73,5.15,5.86,44.73
22,"ours3.s1",8.55,11.25,8.43,3.67,1.06,32.96,4.73,0,40.36
22,"ours3.s2",0,0,0,0,0,0,0,0,0
22,"ours3.total",8.55,11.25,8.43,3.67,1.06,32.96,4.73,5.88,40.36
22,"titeet",6.4,12.7,7.4,2.8,0.7,30,3.5,5.3,38.27
22,"tite12",5,7.4,6.1,4.3,2.2,25,6.5,5.2,32.21
22,"bfet",6.58,10.43,9.11,4.72,1.65,32.48,6.37,6.32,38
56,"ours0.s1",6.07,7.82,9.6,9.57,4.41,37.47,4.41,0,51.56
56,"ours0.s2",0.03,0.12,0.41,0.94,0.57,2.08,0.57,0,3.29
56,"ours0.total",6.1,7.94,10.01,10.51,4.98,39.55,4.98,5.12,54.85
56,"bf.s1",4.64,7.33,10.14,9.7,4.22,36.03,4.22,0,51.4
56,"bf.s2",0,0,0,0,0,0,0,0,0
56,"bf.total",4.64,7.33,10.14,9.7,4.22,36.03,4.22,5.16,51.4
56,"ours1.s1",5.55,6.92,8.64,8.88,4.39,34.38,4.39,0,41.65
56,"ours1.s2",0.45,0.93,1.25,1.5,0.55,4.68,0.55,0,6.74
56,"ours1.total",6,7.84,9.89,10.38,4.95,39.06,4.95,4.92,48.39
56,"ours2.s1",5.71,7.18,8.85,8.9,4.24,34.88,4.24,0,42.57
56,"ours2.s2",0.31,0.75,1.1,1.38,0.63,4.17,0.63,0,6.21
56,"ours2.total",6.02,7.93,9.95,10.28,4.87,39.05,4.87,4.9,48.78
56,"ours3.s1",5.6,7.12,8.75,8.94,4.47,34.87,4.47,0,42.63
56,"ours3.s2",0,0,0,0,0,0,0,0,0
56,"ours3.total",5.6,7.12,8.75,8.94,4.47,34.87,4.47,4.89,42.63
56,"titeet",4,5.2,7.3,9.8,3.7,30,3.7,4.6,40.76
56,"tite12",4,4.7,5.5,8,4.9,27.1,4.9,4.5,36.36
56,"bfet",4.2,5.91,7.89,9.49,5.74,33.24,5.74,5.19,41.4
76,"ours0.s1",6.01,7.68,9.36,9.36,4.4,36.82,4.4,0,50.14
76,"ours0.s2",0.05,0.17,0.54,1.05,0.55,2.36,0.55,0,3.71
76,"ours0.total",6.06,7.85,9.89,10.41,4.96,39.18,4.96,5.09,53.85
76,"bf.s1",4.6,7.18,9.87,9.51,4.26,35.42,4.26,0,50.06
76,"bf.s2",0,0,0,0,0,0,0,0,0
76,"bf.total",4.6,7.18,9.87,9.51,4.26,35.42,4.26,5.07,50.06
76,"ours1.s1",5.24,6.33,8.04,8.39,4.45,32.45,4.45,0,37.51
76,"ours1.s2",0.85,1.61,1.68,1.71,0.58,6.42,0.58,0,8.75
76,"ours1.total",6.09,7.94,9.73,10.09,5.02,38.88,5.02,4.69,46.26
76,"ours2.s1",5.38,6.54,8.29,8.45,4.28,32.94,4.28,0,38.34
76,"ours2.s2",0.75,1.35,1.5,1.69,0.59,5.89,0.59,0,8.22
76,"ours2.total",6.13,7.89,9.79,10.14,4.87,38.83,4.87,4.73,46.56
76,"ours3.s1",5.26,6.46,8.18,8.59,4.45,32.95,4.45,0,38.31
76,"ours3.s2",0,0,0,0,0,0,0,0,0
76,"ours3.total",5.26,6.46,8.18,8.59,4.45,32.95,4.45,4.74,38.31
76,"titeet",4,5.3,7.5,9.7,3.5,30,3.5,4.4,40.49
76,"tite12",4,4.7,5.6,8,5,27.3,5,4.5,36.34
76,"bfet",4.22,5.92,8.03,9.34,5.89,33.41,5.89,5.31,38.7
16,"ours0.s1",5.86,7.47,8.96,9.04,4.39,35.72,4.39,0,43.56
16,"ours0.s2",0.16,0.37,0.65,1.15,0.55,2.89,0.55,0,4.04
16,"ours0.total",6.01,7.84,9.61,10.19,4.95,38.61,4.95,4.96,47.6
16,"bf.s1",4.34,6.64,9.4,9.35,4.34,34.07,4.34,0,43.39
16,"bf.s2",0,0,0,0,0,0,0,0,0
16,"bf.total",4.34,6.64,9.4,9.35,4.34,34.07,4.34,4.98,43.39
16,"ours1.s1",5.09,6.2,8.16,8.51,4.32,32.28,4.32,0,35.87
16,"ours1.s2",0.95,1.8,1.61,1.67,0.56,6.58,0.56,0,8.15
16,"ours1.total",6.04,8,9.77,10.18,4.88,38.86,4.88,4.7,44.02
16,"ours2.s1",5.25,6.52,8.23,8.51,4.31,32.81,4.31,0,36.73
16,"ours2.s2",0.73,1.52,1.5,1.62,0.55,5.92,0.55,0,7.42
16,"ours2.total",5.98,8.04,9.73,10.12,4.86,38.74,4.86,4.74,44.15
16,"ours3.s1",5.19,6.39,8.13,8.56,4.52,32.78,4.52,0,36.62
16,"ours3.s2",0,0,0,0,0,0,0,0,0
16,"ours3.total",5.19,6.39,8.13,8.56,4.52,32.78,4.52,4.73,36.62
16,"titeet",3.9,5.1,7.4,9.9,3.6,29.9,3.6,4.6,35.73
16,"tite12",4.1,4.8,5.5,7.9,4.8,27.1,4.8,4.4,31.75
16,"bfet",4.19,5.87,8.05,9.35,5.9,33.35,5.9,5.3,37.6
171,"ours0.s1",13.61,10.65,4.28,0.98,0.15,29.66,5.41,0,30.49
171,"ours0.s2",0,0.04,0.09,0.05,0.01,0.2,0.16,0,0.23
171,"ours0.total",13.61,10.69,4.37,1.03,0.17,29.86,5.57,6.63,30.72
171,"bf.s1",13.19,10.91,4.45,0.96,0.14,29.65,5.55,0,30.29
171,"bf.s2",0,0,0,0,0,0,0,0,0
171,"bf.total",13.19,10.91,4.45,0.96,0.14,29.65,5.55,6.68,30.29
171,"ours1.s1",13.23,10.59,4.47,1.14,0.19,29.62,5.8,0,24.78
171,"ours1.s2",0.05,0.13,0.15,0.07,0.01,0.4,0.23,0,0.48
171,"ours1.total",13.28,10.72,4.62,1.21,0.2,30.02,6.02,6.74,25.26
171,"ours2.s1",13.28,10.63,4.52,1.1,0.17,29.69,5.79,0,25.29
171,"ours2.s2",0.03,0.09,0.15,0.06,0.01,0.34,0.22,0,0.4
171,"ours2.total",13.31,10.72,4.67,1.16,0.18,30.03,6,6.75,25.69
171,"ours3.s1",13.25,10.55,4.44,1.08,0.19,29.51,5.72,0,25.12
171,"ours3.s2",0,0,0,0,0,0,0,0,0
171,"ours3.total",13.25,10.55,4.44,1.08,0.19,29.51,5.72,6.68,25.12
171,"titeet",15.6,9.4,3.7,1,0.2,29.9,4.9,6.4,24.57
171,"tite12",7.9,6.6,4.5,2.8,1.3,23.1,8.6,6.1,21.05
171,"bfet",11.58,9.82,4.67,1.3,0.29,27.67,6.26,6.09,20.2
101,"ours0.s1",13.14,10.39,4.31,1.02,0.17,29.03,5.5,0,24.02
101,"ours0.s2",0.02,0.06,0.11,0.05,0.01,0.26,0.18,0,0.25
101,"ours0.total",13.16,10.45,4.42,1.07,0.18,29.29,5.68,6.57,24.26
101,"bf.s1",12.79,10.57,4.38,1.02,0.18,28.94,5.58,0,23.87
101,"bf.s2",0,0,0,0,0,0,0,0,0
101,"bf.total",12.79,10.57,4.38,1.02,0.18,28.94,5.58,6.53,23.87
101,"ours1.s1",12.61,10.08,4.28,1.13,0.23,28.33,5.64,0,19.85
101,"ours1.s2",0.3,0.3,0.23,0.08,0.01,0.92,0.32,0,0.87
101,"ours1.total",12.91,10.38,4.51,1.21,0.24,29.25,5.96,6.43,20.72
101,"ours2.s1",12.72,9.94,4.28,1.12,0.21,28.27,5.61,0,20.22
101,"ours2.s2",0.23,0.25,0.21,0.09,0.01,0.79,0.31,0,0.73
101,"ours2.total",12.95,10.19,4.49,1.21,0.22,29.06,5.92,6.42,20.96
101,"ours3.s1",12.6,9.95,4.37,1.14,0.24,28.31,5.76,0,20.15
101,"ours3.s2",0,0,0,0,0,0,0,0,0
101,"ours3.total",12.6,9.95,4.37,1.14,0.24,28.31,5.76,6.41,20.15
101,"titeet",15.6,9.3,3.7,1,0.2,29.8,4.9,6.5,20.19
101,"tite12",7.9,6.6,4.4,2.7,1.3,22.9,8.4,6,16.14
101,"bfet",10.96,9.7,5.03,1.63,0.4,27.73,7.06,6.39,17.3
111,"ours0.s1",13.58,10.62,4.3,0.97,0.14,29.61,5.41,0,30.31
111,"ours0.s2",0.01,0.05,0.08,0.05,0.01,0.2,0.15,0,0.24
111,"ours0.total",13.59,10.67,4.38,1.02,0.16,29.82,5.55,6.66,30.55
111,"bf.s1",13.19,10.91,4.44,0.96,0.14,29.64,5.54,0,30.21
111,"bf.s2",0,0,0,0,0,0,0,0,0
111,"bf.total",13.19,10.91,4.44,0.96,0.14,29.64,5.54,6.68,30.21
111,"ours1.s1",13.27,10.64,4.43,1.09,0.17,29.61,5.69,0,24.8
111,"ours1.s2",0.05,0.1,0.16,0.06,0.01,0.39,0.24,0,0.45
111,"ours1.total",13.32,10.75,4.6,1.15,0.18,29.99,5.93,6.71,25.25
111,"ours2.s1",13.3,10.57,4.4,1.04,0.16,29.49,5.61,0,25.11
111,"ours2.s2",0.04,0.09,0.15,0.08,0.02,0.38,0.25,0,0.44
111,"ours2.total",13.34,10.66,4.56,1.12,0.18,29.87,5.86,6.7,25.55
111,"ours3.s1",13.25,10.56,4.43,1.08,0.18,29.51,5.69,0,25.1
111,"ours3.s2",0,0,0,0,0,0,0,0,0
111,"ours3.total",13.25,10.56,4.43,1.08,0.18,29.51,5.69,6.66,25.1
111,"titeet",15.8,9.3,3.6,1,0.2,29.9,4.8,6.5,23.96
111,"tite12",7.9,6.5,4.4,2.8,1.3,22.9,8.5,6,19.83
111,"bfet",11.64,9.92,4.7,1.29,0.29,27.84,6.28,6.12,20.1
6,"ours0.s1",5.25,6.37,8.2,8.67,4.43,32.91,4.43,0,35.61
6,"ours0.s2",0.62,1.06,1.19,1.45,0.53,4.85,0.53,0,5.58
6,"ours0.total",5.87,7.44,9.39,10.12,4.95,37.76,4.95,4.73,41.2
6,"bf.s1",4.08,5.82,8.4,8.84,4.41,31.56,4.41,0,35.46
6,"bf.s2",0,0,0,0,0,0,0,0,0
6,"bf.total",4.08,5.82,8.4,8.84,4.41,31.56,4.41,4.72,35.46
6,"ours1.s1",4.47,5.42,7.53,8.24,4.64,30.3,4.64,0,30.93
6,"ours1.s2",2.35,2.87,1.96,1.8,0.52,9.5,0.52,0,10.31
6,"ours1.total",6.82,8.29,9.49,10.04,5.17,39.8,5.17,4.58,41.24
6,"ours2.s1",4.66,5.63,7.66,8.21,4.53,30.69,4.53,0,31.57
6,"ours2.s2",1.81,2.68,1.9,1.76,0.46,8.62,0.46,0,9.48
6,"ours2.total",6.47,8.31,9.56,9.97,4.99,39.3,4.99,4.57,41.05
6,"ours3.s1",4.64,5.61,7.58,8.3,4.58,30.71,4.58,0,31.51
6,"ours3.s2",0,0,0,0,0,0,0,0,0
6,"ours3.total",4.64,5.61,7.58,8.3,4.58,30.71,4.58,4.6,31.51
6,"titeet",4,5.3,7.6,9.7,3.4,30,3.4,4.5,31.57
6,"tite12",4.1,4.8,5.5,7.9,4.8,27.1,4.8,4.4,28.13
6,"bfet",4.25,6.07,8.22,9.28,6.12,33.95,6.12,5.38,34.9
141,"ours0.s1",13.6,10.59,4.26,0.97,0.15,29.56,5.37,0,30.32
141,"ours0.s2",0.01,0.05,0.08,0.05,0.01,0.2,0.14,0,0.23
141,"ours0.total",13.61,10.64,4.34,1.01,0.16,29.76,5.51,6.64,30.55
141,"bf.s1",13.19,10.91,4.44,0.96,0.14,29.64,5.54,0,30.21
141,"bf.s2",0,0,0,0,0,0,0,0,0
141,"bf.total",13.19,10.91,4.44,0.96,0.14,29.64,5.54,6.68,30.21
141,"ours1.s1",13.2,10.62,4.55,1.1,0.18,29.64,5.83,0,24.78
141,"ours1.s2",0.05,0.11,0.16,0.06,0.01,0.39,0.22,0,0.46
141,"ours1.total",13.25,10.73,4.71,1.16,0.19,30.04,6.06,6.73,25.24
141,"ours2.s1",13.24,10.57,4.48,1.09,0.18,29.56,5.74,0,25.22
141,"ours2.s2",0.04,0.1,0.15,0.07,0.02,0.38,0.24,0,0.44
141,"ours2.total",13.29,10.67,4.63,1.16,0.19,29.94,5.98,6.7,25.66
141,"ours3.s1",13.25,10.57,4.43,1.07,0.18,29.5,5.68,0,25.11
141,"ours3.s2",0,0,0,0,0,0,0,0,0
141,"ours3.total",13.25,10.57,4.43,1.07,0.18,29.5,5.68,6.68,25.11
141,"titeet",15.5,9.5,3.7,1,0.2,29.9,4.9,6.5,24.18
141,"tite12",7.8,6.6,4.4,2.8,1.4,23,8.6,6,20.31
141,"bfet",11.62,9.87,4.68,1.31,0.29,27.77,6.28,6.12,20.1
121,"ours0.s1",12.78,10.06,4.22,1.01,0.18,28.25,5.41,0,21.87
121,"ours0.s2",0.06,0.1,0.12,0.05,0.01,0.34,0.18,0,0.35
121,"ours0.total",12.84,10.16,4.34,1.06,0.2,28.59,5.59,6.38,22.22
121,"bf.s1",12.41,10.29,4.43,1.03,0.17,28.33,5.63,0,21.98
121,"bf.s2",0,0,0,0,0,0,0,0,0
121,"bf.total",12.41,10.29,4.43,1.03,0.17,28.33,5.63,6.44,21.98
121,"ours1.s1",11.37,9.37,4.14,1.11,0.24,26.22,5.48,0,16.42
121,"ours1.s2",1.19,0.57,0.24,0.1,0.02,2.12,0.36,0,1.78
121,"ours1.total",12.56,9.94,4.38,1.21,0.25,28.34,5.84,6.07,18.2
121,"ours2.s1",11.37,9.39,4.26,1.16,0.25,26.42,5.66,0,16.69
121,"ours2.s2",1.04,0.55,0.31,0.11,0.01,2.02,0.43,0,1.74
121,"ours2.total",12.41,9.94,4.57,1.27,0.26,28.45,6.09,6.05,18.43
121,"ours3.s1",11.39,9.3,4.28,1.16,0.25,26.37,5.69,0,16.63
121,"ours3.s2",0,0,0,0,0,0,0,0,0
121,"ours3.total",11.39,9.3,4.28,1.16,0.25,26.37,5.69,6.05,16.63
121,"titeet",15.7,9.4,3.5,0.9,0.2,29.7,4.6,6.3,19.81
121,"tite12",8.1,6.7,4.3,2.5,1.1,22.7,7.9,5.9,15.74
121,"bfet",10.07,9.61,5.48,1.95,0.55,27.67,7.98,6.67,15.9
3,"ours0.s1",5.14,6.24,9.24,8.5,3.83,32.95,3.83,0,35.69
3,"ours0.s2",0.5,0.98,1.9,1.18,0.29,4.84,0.29,0,5.6
3,"ours0.total",5.63,7.22,11.14,9.68,4.11,37.78,4.11,4.84,41.28
3,"bf.s1",4.09,5.89,9.12,8.8,3.86,31.75,3.86,0,35.42
3,"bf.s2",0,0,0,0,0,0,0,0,0
3,"bf.total",4.09,5.89,9.12,8.8,3.86,31.75,3.86,4.86,35.42
3,"ours1.s1",4.42,5.34,8.16,8.22,4.06,30.2,4.06,0,30.79
3,"ours1.s2",2.08,2.55,2.89,1.45,0.32,9.28,0.32,0,10.23
3,"ours1.total",6.5,7.89,11.05,9.67,4.37,39.48,4.37,4.66,41.02
3,"ours2.s1",4.63,5.59,8.35,8.17,3.92,30.65,3.92,0,31.57
3,"ours2.s2",1.6,2.26,2.69,1.43,0.33,8.32,0.33,0,9.15
3,"ours2.total",6.23,7.85,11.04,9.6,4.25,38.98,4.25,4.67,40.71
3,"ours3.s1",4.59,5.53,8.28,8.28,4.02,30.71,4.02,0,31.5
3,"ours3.s2",0,0,0,0,0,0,0,0,0
3,"ours3.total",4.59,5.53,8.28,8.28,4.02,30.71,4.02,4.7,31.5
3,"titeet",4,5.2,11.3,7.1,2.5,30.1,2.5,4.2,31.4
3,"tite12",3.8,4.4,7.9,6.6,3.7,26.4,3.7,4.2,27.23
3,"bfet",4.24,5.95,9.49,9.23,5.4,34.31,5.4,5.53,35.2
14,"ours0.s1",5.34,6.47,7.18,9.73,8.49,37.22,-1,0,43.91
14,"ours0.s2",0.13,0.36,0.73,1.34,0.81,3.36,-1,0,4.71
14,"ours0.total",5.47,6.83,7.91,11.07,9.3,40.58,-1,3.74,48.62
14,"bf.s1",3.77,5.21,7.51,10.36,8.51,35.37,-1,0,43.85
14,"bf.s2",0,0,0,0,0,0,-1,0,0
14,"bf.total",3.77,5.21,7.51,10.36,8.51,35.37,-1,3.83,43.85
14,"ours1.s1",4.6,5.2,5.85,8.4,8.6,32.65,-1,0,35.71
14,"ours1.s2",0.82,1.74,2.34,2.5,0.8,8.21,-1,0,9.97
14,"ours1.total",5.43,6.94,8.2,10.9,9.4,40.87,-1,3.55,45.68
14,"ours2.s1",4.78,5.43,6.18,8.58,8.45,33.42,-1,0,36.78
14,"ours2.s2",0.65,1.47,2.13,2.38,0.89,7.52,-1,0,9.32
14,"ours2.total",5.43,6.9,8.32,10.96,9.33,40.94,-1,3.57,46.1
14,"ours3.s1",4.72,5.44,6.2,8.52,8.49,33.37,-1,0,36.68
14,"ours3.s2",0,0,0,0,0,0,-1,0,0
14,"ours3.total",4.72,5.44,6.2,8.52,8.49,33.37,-1,3.55,36.68
14,"titeet",3.4,4.1,5.3,10.2,6.9,29.9,-1,3.1,36.24
14,"tite12",3.5,4,4.8,8.5,6,26.8,-1,2.7,31.63
14,"bfet",3.81,4.96,6.24,8.31,9.81,33.13,-1,3.76,37.6
34,"ours0.s1",5.23,6.26,6.99,9.36,8.36,36.22,-1,0,42.49
34,"ours0.s2",0.2,0.44,0.97,1.54,0.8,3.94,-1,0,5.45
34,"ours0.total",5.43,6.7,7.96,10.9,9.16,40.16,-1,3.74,47.93
34,"bf.s1",3.76,5.12,7.17,9.87,8.5,34.43,-1,0,42.44
34,"bf.s2",0,0,0,0,0,0,-1,0,0
34,"bf.total",3.76,5.12,7.17,9.87,8.5,34.43,-1,3.75,42.44
34,"ours1.s1",4.16,4.55,5.28,7.82,8.56,30.37,-1,0,32.14
34,"ours1.s2",1.68,2.57,2.71,2.89,0.66,10.51,-1,0,12.35
34,"ours1.total",5.84,7.12,8,10.71,9.22,40.89,-1,3.43,44.48
34,"ours2.s1",4.3,4.75,5.49,7.89,8.47,30.89,-1,0,32.87
34,"ours2.s2",1.36,2.36,2.65,2.8,0.72,9.89,-1,0,11.75
34,"ours2.total",5.66,7.1,8.14,10.69,9.19,40.78,-1,3.44,44.62
34,"ours3.s1",4.28,4.73,5.48,7.93,8.49,30.91,-1,0,32.85
34,"ours3.s2",0,0,0,0,0,0,-1,0,0
34,"ours3.total",4.28,4.73,5.48,7.93,8.49,30.91,-1,3.44,32.85
34,"titeet",3.5,4.3,5.4,10.2,6.5,29.9,-1,3,35.87
34,"tite12",3.5,4,4.9,8.6,6.1,27.1,-1,2.7,31.55
34,"bfet",3.78,5.02,6.4,8.02,9.96,33.17,-1,3.84,35
82,"ours0.s1",9.53,12.29,8.73,3.66,0.93,35.14,4.6,0,48.43
82,"ours0.s2",0.11,0.19,0.44,0.28,0.06,1.07,0.33,0,1.8
82,"ours0.total",9.64,12.48,9.17,3.94,0.99,36.21,4.93,6.18,50.23
82,"bf.s1",8.5,12.28,9.16,3.76,0.87,34.57,4.63,0,48.29
82,"bf.s2",0,0,0,0,0,0,0,0,0
82,"bf.total",8.5,12.28,9.16,3.76,0.87,34.57,4.63,6.21,48.29
82,"ours1.s1",8.45,10.96,8.44,3.73,1.08,32.68,4.82,0,39.5
82,"ours1.s2",0.94,1.06,0.8,0.45,0.08,3.33,0.53,0,4.98
82,"ours1.total",9.39,12.03,9.24,4.19,1.16,36,5.35,5.87,44.48
82,"ours2.s1",8.65,11.18,8.43,3.61,0.95,32.81,4.56,0,40.33
82,"ours2.s2",0.78,0.94,0.77,0.48,0.07,3.04,0.55,0,4.65
82,"ours2.total",9.43,12.12,9.19,4.09,1.02,35.85,5.11,5.87,44.98
82,"ours3.s1",8.55,11.24,8.43,3.65,1.05,32.92,4.7,0,40.34
82,"ours3.s2",0,0,0,0,0,0,0,0,0
82,"ours3.total",8.55,11.24,8.43,3.65,1.05,32.92,4.7,5.88,40.34
82,"titeet",6.6,12.4,7.5,2.7,0.7,29.9,3.4,5.3,38.8
82,"tite12",5,7.5,6.2,4.3,2.2,25.2,6.5,5.2,33.08
82,"bfet",6.56,10.43,9.09,4.72,1.64,32.44,6.36,6.32,38.1
74,"ours0.s1",5.55,6.82,7.82,10.32,8.47,38.99,-1,0,50.68
74,"ours0.s2",0.05,0.16,0.47,0.94,0.78,2.4,-1,0,3.98
74,"ours0.total",5.6,6.97,8.3,11.26,9.26,41.39,-1,3.89,54.66
74,"bf.s1",3.98,5.82,8.39,10.8,8.4,37.39,-1,0,50.79
74,"bf.s2",0,0,0,0,0,0,-1,0,0
74,"bf.total",3.98,5.82,8.39,10.8,8.4,37.39,-1,3.92,50.79
74,"ours1.s1",4.76,5.31,5.95,8.37,8.6,32.98,-1,0,37.67
74,"ours1.s2",0.78,1.6,2.33,2.53,0.82,8.06,-1,0,10.84
74,"ours1.total",5.54,6.91,8.28,10.9,9.42,41.05,-1,3.53,48.51
74,"ours2.s1",4.84,5.48,6.16,8.6,8.52,33.61,-1,0,38.52
74,"ours2.s2",0.67,1.38,2.04,2.39,0.81,7.29,-1,0,9.93
74,"ours2.total",5.51,6.86,8.2,10.99,9.34,40.9,-1,3.59,48.45
74,"ours3.s1",4.81,5.53,6.24,8.59,8.46,33.62,-1,0,38.48
74,"ours3.s2",0,0,0,0,0,0,-1,0,0
74,"ours3.total",4.81,5.53,6.24,8.59,8.46,33.62,-1,3.58,38.48
74,"titeet",3.5,4.3,5.5,10.1,6.7,30.1,-1,3.1,41.27
74,"tite12",3.5,3.9,4.9,8.6,6.1,27,-1,2.8,36.18
74,"bfet",3.82,4.97,6.25,8.26,9.78,33.07,-1,3.75,38.4
57,"ours0.s1",11.4,11.95,8.71,3.6,0.92,36.59,4.52,0,48.19
57,"ours0.s2",0.17,0.26,0.33,0.23,0.05,1.04,0.28,0,1.77
57,"ours0.total",11.57,12.21,9.04,3.84,0.97,37.63,4.81,6.19,49.96
57,"bf.s1",10.27,12.5,9.17,3.76,0.86,36.56,4.61,0,48.15
57,"bf.s2",0,0,0,0,0,0,0,0,0
57,"bf.total",10.27,12.5,9.17,3.76,0.86,36.56,4.61,6.32,48.15
57,"ours1.s1",9.93,10.56,8.28,3.64,1.04,33.45,4.68,0,39.66
57,"ours1.s2",1.3,1.21,0.64,0.38,0.08,3.6,0.45,0,5.41
57,"ours1.total",11.23,11.76,8.92,4.02,1.12,37.05,5.14,5.88,45.06
57,"ours2.s1",10.29,10.69,8.17,3.6,1.04,33.79,4.64,0,40.46
57,"ours2.s2",1.02,1.08,0.67,0.33,0.06,3.17,0.4,0,4.78
57,"ours2.total",11.31,11.78,8.84,3.93,1.1,36.96,5.04,5.84,45.24
57,"ours3.s1",10.16,10.8,8.36,3.66,1.05,34.04,4.71,0,40.5
57,"ours3.s2",0,0,0,0,0,0,0,0,0
57,"ours3.total",10.16,10.8,8.36,3.66,1.05,34.04,4.71,5.88,40.5
57,"titeet",10.8,10.3,6.1,2.2,0.5,29.9,2.7,4.5,38.06
57,"tite12",6.8,6.4,5,3.6,1.8,23.6,5.4,4.6,30.48
57,"bfet",8.77,10.69,9.11,4.72,1.63,34.91,6.35,6.47,39.6
131,"ours0.s1",13.15,10.31,4.22,1.02,0.18,28.88,5.41,0,23.98
131,"ours0.s2",0.01,0.07,0.12,0.06,0.01,0.28,0.19,0,0.27
131,"ours0.total",13.17,10.38,4.34,1.08,0.19,29.16,5.61,6.55,24.25
131,"bf.s1",12.81,10.57,4.38,1.02,0.18,28.96,5.58,0,23.95
131,"bf.s2",0,0,0,0,0,0,0,0,0
131,"bf.total",12.81,10.57,4.38,1.02,0.18,28.96,5.58,6.54,23.95
131,"ours1.s1",12.53,10.02,4.45,1.21,0.25,28.45,5.9,0,19.99
131,"ours1.s2",0.33,0.3,0.22,0.07,0.02,0.95,0.32,0,0.89
131,"ours1.total",12.86,10.33,4.67,1.28,0.27,29.4,6.22,6.49,20.88
131,"ours2.s1",12.59,10.05,4.36,1.09,0.21,28.31,5.66,0,20.2
131,"ours2.s2",0.25,0.25,0.23,0.07,0.03,0.83,0.33,0,0.77
131,"ours2.total",12.84,10.31,4.59,1.16,0.23,29.14,5.99,6.42,20.98
131,"ours3.s1",12.6,9.93,4.38,1.15,0.23,28.29,5.76,0,20.15
131,"ours3.s2",0,0,0,0,0,0,0,0,0
131,"ours3.total",12.6,9.93,4.38,1.15,0.23,28.29,5.76,6.41,20.15
131,"titeet",15.7,9.3,3.6,1,0.2,29.8,4.8,6.3,20.47
131,"tite12",7.8,6.6,4.5,2.8,1.3,23,8.6,6.1,16.71
131,"bfet",10.92,9.69,5.03,1.64,0.41,27.68,7.08,6.4,17.4
67,"ours0.s1",10.95,11.4,8.51,3.66,0.94,35.46,4.6,0,44.94
67,"ours0.s2",0.39,0.47,0.43,0.26,0.07,1.62,0.34,0,2.75
67,"ours0.total",11.33,11.87,8.94,3.92,1.01,37.08,4.94,6,47.69
67,"bf.s1",9.75,11.97,8.86,3.71,0.9,35.19,4.61,0,44.88
67,"bf.s2",0,0,0,0,0,0,0,0,0
67,"bf.total",9.75,11.97,8.86,3.71,0.9,35.19,4.61,6.14,44.88
67,"ours1.s1",7.35,9.51,7.96,3.58,1.14,29.55,4.72,0,32.59
67,"ours1.s2",3.7,1.98,0.82,0.33,0.04,6.88,0.37,0,9.36
67,"ours1.total",11.05,11.5,8.78,3.92,1.18,36.42,5.1,5.5,41.95
67,"ours2.s1",7.55,9.52,8.05,3.71,1.09,29.92,4.8,0,33.17
67,"ours2.s2",3.44,1.96,0.84,0.34,0.07,6.64,0.4,0,9.1
67,"ours2.total",10.99,11.48,8.88,4.04,1.16,36.56,5.2,5.48,42.27
67,"ours3.s1",7.56,9.64,7.98,3.64,1.09,29.91,4.73,0,33.19
67,"ours3.s2",0,0,0,0,0,0,0,0,0
67,"ours3.total",7.56,9.64,7.98,3.64,1.09,29.91,4.73,5.49,33.19
67,"titeet",11.2,10.6,5.9,1.9,0.4,30,2.3,4.6,37.03
67,"tite12",7,6.5,5,3.4,1.7,23.6,5.1,4.5,29.33
67,"bfet",8.14,10.47,9.27,4.96,1.85,34.7,6.81,6.71,36.9
86,"ours0.s1",6.1,7.87,9.63,9.51,4.4,37.51,4.4,0,51.7
86,"ours0.s2",0.04,0.12,0.39,1,0.47,2.02,0.47,0,3.22
86,"ours0.total",6.14,7.99,10.02,10.51,4.87,39.53,4.87,5.14,54.92
86,"bf.s1",4.64,7.33,10.16,9.7,4.22,36.05,4.22,0,51.48
86,"bf.s2",0,0,0,0,0,0,0,0,0
86,"bf.total",4.64,7.33,10.16,9.7,4.22,36.05,4.22,5.16,51.48
86,"ours1.s1",5.5,6.89,8.57,8.93,4.52,34.41,4.52,0,41.77
86,"ours1.s2",0.41,0.95,1.27,1.46,0.59,4.68,0.59,0,6.78
86,"ours1.total",5.91,7.85,9.83,10.4,5.11,39.09,5.11,4.93,48.55
86,"ours2.s1",5.63,7.09,8.81,8.91,4.32,34.75,4.32,0,42.73
86,"ours2.s2",0.33,0.73,1.09,1.4,0.55,4.1,0.55,0,6.04
86,"ours2.total",5.96,7.82,9.89,10.31,4.87,38.85,4.87,4.95,48.77
86,"ours3.s1",5.6,7.12,8.75,8.92,4.46,34.86,4.46,0,42.63
86,"ours3.s2",0,0,0,0,0,0,0,0,0
86,"ours3.total",5.6,7.12,8.75,8.92,4.46,34.86,4.46,4.88,42.63
86,"titeet",4,5.2,7.5,9.7,3.5,29.9,3.5,4.6,41.1
86,"tite12",4.1,4.8,5.5,7.9,4.9,27.2,4.9,4.4,36.94
86,"bfet",4.22,5.93,7.89,9.5,5.78,33.33,5.78,5.19,41.6
36,"ours0.s1",5.76,7.12,8.76,8.86,4.34,34.83,4.34,0,42.12
36,"ours0.s2",0.21,0.51,0.81,1.24,0.5,3.27,0.5,0,4.47
36,"ours0.total",5.96,7.63,9.56,10.1,4.85,38.1,4.85,4.86,46.59
36,"bf.s1",4.31,6.52,9.09,9.07,4.37,33.37,4.37,0,42.13
36,"bf.s2",0,0,0,0,0,0,0,0,0
36,"bf.total",4.31,6.52,9.09,9.07,4.37,33.37,4.37,4.87,42.13
36,"ours1.s1",4.64,5.6,7.6,8.23,4.44,30.51,4.44,0,32.34
36,"ours1.s2",1.99,2.77,1.92,1.66,0.44,8.79,0.44,0,10.5
36,"ours1.total",6.63,8.38,9.52,9.89,4.87,39.29,4.87,4.57,42.84
36,"ours2.s1",4.78,5.81,7.74,8.19,4.39,30.92,4.39,0,33.08
36,"ours2.s2",1.47,2.42,1.92,1.76,0.51,8.08,0.51,0,9.73
36,"ours2.total",6.26,8.23,9.66,9.95,4.9,39,4.9,4.56,42.82
36,"ours3.s1",4.73,5.71,7.62,8.26,4.6,30.92,4.6,0,33.09
36,"ours3.s2",0,0,0,0,0,0,0,0,0
36,"ours3.total",4.73,5.71,7.62,8.26,4.6,30.92,4.6,4.58,33.09
36,"titeet",4,5.4,7.8,9.7,3.1,30,3.1,4.5,35.44
36,"tite12",4.1,4.7,5.5,8,4.9,27.2,4.9,4.4,31.57
36,"bfet",4.26,6.1,8.23,9.28,6.11,33.99,6.11,5.39,35.8
26,"ours0.s1",6.04,7.79,9.62,9.54,4.43,37.41,4.43,0,51.42
26,"ours0.s2",0.03,0.12,0.42,0.93,0.5,2,0.5,0,3.18
26,"ours0.total",6.07,7.91,10.04,10.47,4.93,39.41,4.93,5.17,54.61
26,"bf.s1",4.64,7.33,10.15,9.7,4.22,36.03,4.22,0,51.39
26,"bf.s2",0,0,0,0,0,0,0,0,0
26,"bf.total",4.64,7.33,10.15,9.7,4.22,36.03,4.22,5.16,51.39
26,"ours1.s1",5.57,6.94,8.7,8.82,4.36,34.4,4.36,0,41.61
26,"ours1.s2",0.42,0.9,1.18,1.47,0.61,4.58,0.61,0,6.58
26,"ours1.total",5.99,7.84,9.88,10.29,4.97,38.98,4.97,4.88,48.19
26,"ours2.s1",5.71,7.09,8.67,9.03,4.42,34.92,4.42,0,42.65
26,"ours2.s2",0.32,0.74,1.12,1.46,0.62,4.25,0.62,0,6.31
26,"ours2.total",6.03,7.82,9.79,10.49,5.04,39.17,5.04,4.91,48.96
26,"ours3.s1",5.61,7.13,8.76,8.94,4.46,34.9,4.46,0,42.62
26,"ours3.s2",0,0,0,0,0,0,0,0,0
26,"ours3.total",5.61,7.13,8.76,8.94,4.46,34.9,4.46,4.9,42.62
26,"titeet",3.9,5.2,7.4,9.7,3.8,30,3.8,4.5,40.59
26,"tite12",4,4.8,5.4,7.8,5,27,5,4.3,35.91
26,"bfet",4.19,5.9,7.87,9.49,5.75,33.2,5.75,5.18,41.3
151,"ours0.s1",12.95,10.08,4.21,1,0.16,28.4,5.36,0,26.55
151,"ours0.s2",0.01,0.07,0.11,0.07,0,0.27,0.19,0,0.31
151,"ours0.total",12.96,10.15,4.32,1.07,0.16,28.66,5.55,6.41,26.86
151,"bf.s1",12.68,10.46,4.38,1,0.14,28.66,5.52,0,26.8
151,"bf.s2",0,0,0,0,0,0,0,0,0
151,"bf.total",12.68,10.46,4.38,1,0.14,28.66,5.52,6.48,26.8
151,"ours1.s1",11.53,9.42,4.23,1.08,0.22,26.47,5.53,0,17.99
151,"ours1.s2",0.97,0.5,0.25,0.1,0.02,1.83,0.36,0,1.99
151,"ours1.total",12.5,9.92,4.48,1.17,0.24,28.31,5.88,6.1,19.98
151,"ours2.s1",11.68,9.53,4.19,1.08,0.21,26.68,5.47,0,18.18
151,"ours2.s2",0.84,0.45,0.23,0.09,0.01,1.61,0.32,0,1.83
151,"ours2.total",12.52,9.98,4.41,1.17,0.21,28.29,5.79,6.14,20.01
151,"ours3.s1",11.64,9.46,4.28,1.16,0.22,26.77,5.66,0,18.26
151,"ours3.s2",0,0,0,0,0,0,0,0,0
151,"ours3.total",11.64,9.46,4.28,1.16,0.22,26.77,5.66,6.1,18.26
151,"titeet",15.9,9.3,3.5,0.9,0.2,29.8,4.6,6.4,23.35
151,"tite12",8,6.6,4.4,2.6,1.2,22.8,8.2,5.9,19.21
151,"bfet",10.02,9.55,5.47,1.96,0.56,27.57,7.99,6.67,16.9
17,"ours0.s1",10.71,11.18,8.35,3.53,0.95,34.71,4.48,0,40.96
17,"ours0.s2",0.6,0.64,0.43,0.27,0.05,2,0.32,0,2.91
17,"ours0.total",11.31,11.82,8.78,3.8,1,36.71,4.8,5.94,43.87
17,"bf.s1",9.19,11.7,8.83,3.82,0.96,34.5,4.78,0,40.99
17,"bf.s2",0,0,0,0,0,0,0,0,0
17,"bf.total",9.19,11.7,8.83,3.82,0.96,34.5,4.78,6.09,40.99
17,"ours1.s1",8.51,9.81,8.07,3.72,1.14,31.26,4.86,0,34.35
17,"ours1.s2",2.51,1.76,0.83,0.37,0.07,5.54,0.44,0,6.99
17,"ours1.total",11.02,11.57,8.91,4.09,1.22,36.81,5.31,5.62,41.34
17,"ours2.s1",8.81,10.01,8.22,3.58,1.04,31.67,4.62,0,35.17
17,"ours2.s2",2.28,1.57,0.75,0.34,0.07,5.02,0.41,0,6.47
17,"ours2.total",11.09,11.58,8.97,3.93,1.11,36.69,5.04,5.65,41.64
17,"ours3.s1",8.81,9.96,8.17,3.74,1.06,31.75,4.8,0,35.06
17,"ours3.s2",0,0,0,0,0,0,0,0,0
17,"ours3.total",8.81,9.96,8.17,3.74,1.06,31.75,4.8,5.69,35.06
17,"titeet",11.1,10.5,5.8,2.1,0.5,30,2.6,4.6,34.12
17,"tite12",6.9,6.4,5.1,3.4,1.7,23.5,5.1,4.6,26.57
17,"bfet",8.42,10.49,9.25,4.98,1.83,34.97,6.81,6.67,37.3
64,"ours0.s1",5.51,6.75,7.69,10.04,8.5,38.5,-1,0,49.91
64,"ours0.s2",0.06,0.22,0.52,1.07,0.73,2.59,-1,0,4.27
64,"ours0.total",5.57,6.97,8.21,11.11,9.23,41.09,-1,3.86,54.18
64,"bf.s1",3.96,5.73,8.15,10.5,8.43,36.77,-1,0,49.87
64,"bf.s2",0,0,0,0,0,0,-1,0,0
64,"bf.total",3.96,5.73,8.15,10.5,8.43,36.77,-1,3.87,49.87
64,"ours1.s1",4.44,4.78,5.5,8.01,8.56,31.28,-1,0,35.13
64,"ours1.s2",1.25,2.17,2.7,2.84,0.72,9.68,-1,0,12.55
64,"ours1.total",5.69,6.95,8.2,10.84,9.28,40.96,-1,3.44,47.68
64,"ours2.s1",4.53,4.97,5.6,7.98,8.56,31.64,-1,0,35.62
64,"ours2.s2",1.07,2.06,2.6,2.85,0.75,9.33,-1,0,12.11
64,"ours2.total",5.59,7.04,8.19,10.83,9.32,40.97,-1,3.41,47.73
64,"ours3.s1",4.51,4.98,5.63,8.07,8.49,31.68,-1,0,35.69
64,"ours3.s2",0,0,0,0,0,0,-1,0,0
64,"ours3.total",4.51,4.98,5.63,8.07,8.49,31.68,-1,3.48,35.69
64,"titeet",3.5,4.3,5.4,10.1,6.6,29.9,-1,3,40.85
64,"tite12",3.5,4.1,4.9,8.6,6.1,27.2,-1,2.7,36.08
64,"bfet",3.78,5.02,6.39,8,9.97,33.16,-1,3.82,36
87,"ours0.s1",11.39,11.94,8.68,3.65,0.96,36.62,4.6,0,48.28
87,"ours0.s2",0.16,0.27,0.31,0.21,0.05,1,0.26,0,1.71
87,"ours0.total",11.55,12.21,9,3.86,1.01,37.62,4.87,6.18,49.99
87,"bf.s1",10.28,12.52,9.16,3.75,0.85,36.56,4.6,0,48.2
87,"bf.s2",0,0,0,0,0,0,0,0,0
87,"bf.total",10.28,12.52,9.16,3.75,0.85,36.56,4.6,6.33,48.2
87,"ours1.s1",9.97,10.57,8.17,3.66,1.04,33.41,4.7,0,39.42
87,"ours1.s2",1.32,1.19,0.65,0.35,0.07,3.57,0.42,0,5.37
87,"ours1.total",11.29,11.75,8.81,4.01,1.11,36.98,5.12,5.88,44.79
87,"ours2.s1",10.15,10.75,8.3,3.67,1.02,33.88,4.69,0,40.54
87,"ours2.s2",1.07,1.09,0.66,0.32,0.04,3.18,0.36,0,4.88
87,"ours2.total",11.22,11.84,8.96,3.99,1.06,37.06,5.05,5.9,45.42
87,"ours3.s1",10.16,10.81,8.36,3.65,1.05,34.04,4.7,0,40.5
87,"ours3.s2",0,0,0,0,0,0,0,0,0
87,"ours3.total",10.16,10.81,8.36,3.65,1.05,34.04,4.7,5.88,40.5
87,"titeet",11.2,10.3,5.8,2.1,0.6,30,2.7,4.6,38.22
87,"tite12",6.9,6.5,5,3.5,1.8,23.7,5.3,4.5,31.11
87,"bfet",8.75,10.67,9.1,4.72,1.64,34.88,6.36,6.48,39.6
27,"ours0.s1",11.41,11.94,8.6,3.61,0.88,36.44,4.49,0,48.15
27,"ours0.s2",0.13,0.23,0.33,0.2,0.05,0.94,0.25,0,1.64
27,"ours0.total",11.55,12.17,8.93,3.81,0.93,37.38,4.74,6.14,49.78
27,"bf.s1",10.27,12.5,9.17,3.75,0.86,36.55,4.61,0,48.12
27,"bf.s2",0,0,0,0,0,0,0,0,0
27,"bf.total",10.27,12.5,9.17,3.75,0.86,36.55,4.61,6.32,48.12
27,"ours1.s1",9.93,10.53,8.25,3.74,1.04,33.49,4.78,0,39.52
27,"ours1.s2",1.31,1.17,0.69,0.35,0.08,3.6,0.43,0,5.42
27,"ours1.total",11.24,11.69,8.94,4.08,1.13,37.09,5.21,5.85,44.94
27,"ours2.s1",10.21,10.69,8.27,3.61,1.01,33.79,4.62,0,40.35
27,"ours2.s2",1.05,1.04,0.63,0.37,0.06,3.15,0.43,0,4.8
27,"ours2.total",11.26,11.73,8.9,3.98,1.07,36.95,5.05,5.83,45.15
27,"ours3.s1",10.18,10.82,8.36,3.63,1.06,34.06,4.69,0,40.5
27,"ours3.s2",0,0,0,0,0,0,0,0,0
27,"ours3.total",10.18,10.82,8.36,3.63,1.06,34.06,4.69,5.87,40.5
27,"titeet",10.8,10.6,5.9,2.1,0.5,29.9,2.6,4.6,37.75
27,"tite12",6.8,6.3,5.1,3.6,1.9,23.7,5.5,4.6,30.37
27,"bfet",8.78,10.68,9.11,4.72,1.62,34.9,6.34,6.46,39.5
37,"ours0.s1",10.14,10.7,8.17,3.57,1.01,33.58,4.58,0,39
37,"ours0.s2",1.02,0.79,0.47,0.27,0.07,2.63,0.35,0,3.69
37,"ours0.total",11.15,11.49,8.64,3.84,1.08,36.21,4.93,5.83,42.69
37,"bf.s1",8.81,11.38,8.66,3.71,0.96,33.52,4.67,0,39.07
37,"bf.s2",0,0,0,0,0,0,0,0,0
37,"bf.total",8.81,11.38,8.66,3.71,0.96,33.52,4.67,5.98,39.07
37,"ours1.s1",7.06,9.4,7.89,3.64,1.11,29.1,4.75,0,30.92
37,"ours1.s2",3.94,2.06,0.81,0.33,0.07,7.21,0.39,0,8.84
37,"ours1.total",11,11.46,8.7,3.97,1.17,36.31,5.14,5.47,39.77
37,"ours2.s1",7.18,9.44,8.07,3.72,1.19,29.59,4.91,0,31.56
37,"ours2.s2",3.73,2.03,0.86,0.39,0.06,7.08,0.45,0,8.78
37,"ours2.total",10.91,11.47,8.93,4.11,1.25,36.68,5.36,5.46,40.33
37,"ours3.s1",7.3,9.54,7.99,3.65,1.1,29.58,4.75,0,31.52
37,"ours3.s2",0,0,0,0,0,0,0,0,0
37,"ours3.total",7.3,9.54,7.99,3.65,1.1,29.58,4.75,5.47,31.52
37,"titeet",11.2,10.6,5.9,1.9,0.4,30,2.3,4.5,33.75
37,"tite12",7.1,6.5,4.9,3.2,1.6,23.3,4.8,4.3,25.97
37,"bfet",8.17,10.49,9.29,4.97,1.85,34.77,6.82,6.73,36
66,"ours0.s1",6.02,7.57,9.16,9.13,4.41,36.29,4.41,0,49.23
66,"ours0.s2",0.07,0.18,0.58,1.19,0.52,2.53,0.52,0,4.06
66,"ours0.total",6.1,7.75,9.73,10.31,4.93,38.82,4.93,5.04,53.29
66,"bf.s1",4.57,7.1,9.67,9.33,4.27,34.94,4.27,0,49.13
66,"bf.s2",0,0,0,0,0,0,0,0,0
66,"bf.total",4.57,7.1,9.67,9.33,4.27,34.94,4.27,5.02,49.13
66,"ours1.s1",4.83,5.78,7.76,8.25,4.49,31.11,4.49,0,35.06
66,"ours1.s2",1.59,2.37,1.87,1.8,0.53,8.16,0.53,0,10.66
66,"ours1.total",6.42,8.15,9.64,10.05,5.02,39.27,5.02,4.59,45.72
66,"ours2.s1",4.94,5.9,7.84,8.28,4.36,31.32,4.36,0,35.54
66,"ours2.s2",1.32,2.14,1.88,1.69,0.52,7.55,0.52,0,9.96
66,"ours2.total",6.26,8.04,9.71,9.98,4.87,38.86,4.87,4.59,45.5
66,"ours3.s1",4.94,5.88,7.73,8.33,4.52,31.4,4.52,0,35.58
66,"ours3.s2",0,0,0,0,0,0,0,0,0
66,"ours3.total",4.94,5.88,7.73,8.33,4.52,31.4,4.52,4.58,35.58
66,"titeet",4.1,5.4,7.8,9.6,3.2,30.1,3.2,4.4,40.24
66,"tite12",4,4.8,5.5,8,4.9,27.2,4.9,4.5,36.02
66,"bfet",4.26,6.09,8.21,9.26,6.12,33.94,6.12,5.38,36.7
53,"ours0.s1",6.02,7.73,11.17,9.08,3.77,37.77,3.77,0,51.32
53,"ours0.s2",0.03,0.15,0.57,0.89,0.3,1.93,0.3,0,3.14
53,"ours0.total",6.05,7.88,11.74,9.98,4.07,39.71,4.07,5.29,54.46
53,"bf.s1",4.65,7.38,11.17,9.57,3.64,36.41,3.64,0,51.19
53,"bf.s2",0,0,0,0,0,0,0,0,0
53,"bf.total",4.65,7.38,11.17,9.57,3.64,36.41,3.64,5.31,51.19
53,"ours1.s1",5.53,6.78,9.82,8.51,3.9,34.54,3.9,0,41.66
53,"ours1.s2",0.36,1.01,1.72,1.38,0.4,4.88,0.4,0,6.98
53,"ours1.total",5.89,7.79,11.54,9.89,4.3,39.42,4.3,5,48.64
53,"ours2.s1",5.6,6.97,10.02,8.48,3.85,34.92,3.85,0,42.65
53,"ours2.s2",0.32,0.81,1.54,1.36,0.36,4.4,0.36,0,6.42
53,"ours2.total",5.92,7.79,11.56,9.84,4.22,39.32,4.22,4.98,49.07
53,"ours3.s1",5.53,6.93,9.97,8.65,3.95,35.03,3.95,0,42.5
53,"ours3.s2",0,0,0,0,0,0,0,0,0
53,"ours3.total",5.53,6.93,9.97,8.65,3.95,35.03,3.95,5,42.5
53,"titeet",4,5.1,10.8,7.3,2.7,29.9,2.7,4.2,40.32
53,"tite12",3.6,4.3,7.8,6.7,4,26.4,4,4.3,35.43
53,"bfet",4.2,5.8,9.7,9.34,5.13,34.16,5.13,5.37,41.7
43,"ours0.s1",5.71,7.22,10.32,8.71,3.8,35.75,3.8,0,43.43
43,"ours0.s2",0.15,0.41,1.07,1.03,0.29,2.95,0.29,0,4.08
43,"ours0.total",5.85,7.63,11.39,9.74,4.09,38.7,4.09,5.08,47.51
43,"bf.s1",4.35,6.74,10.31,9.25,3.8,34.44,3.8,0,43.35
43,"bf.s2",0,0,0,0,0,0,0,0,0
43,"bf.total",4.35,6.74,10.31,9.25,3.8,34.44,3.8,5.13,43.35
43,"ours1.s1",5.01,6.05,8.91,8.34,4.01,32.33,4.01,0,35.75
43,"ours1.s2",0.93,1.75,2.38,1.45,0.32,6.83,0.32,0,8.43
43,"ours1.total",5.94,7.8,11.29,9.8,4.33,39.16,4.33,4.82,44.18
43,"ours2.s1",5.18,6.27,9.14,8.31,3.88,32.78,3.88,0,36.64
43,"ours2.s2",0.72,1.33,2.18,1.52,0.35,6.1,0.35,0,7.66
43,"ours2.total",5.9,7.59,11.32,9.83,4.23,38.88,4.23,4.84,44.3
43,"ours3.s1",5.13,6.24,9.07,8.42,3.96,32.83,3.96,0,36.57
43,"ours3.s2",0,0,0,0,0,0,0,0,0
43,"ours3.total",5.13,6.24,9.07,8.42,3.96,32.83,3.96,4.82,36.57
43,"titeet",4,5.1,11.2,7.2,2.6,30.1,2.6,4.2,35.94
43,"tite12",3.7,4.4,7.9,6.6,3.9,26.5,3.9,4,31.13
43,"bfet",4.21,5.81,9.65,9.27,5.29,34.24,5.29,5.49,38.3
24,"ours0.s1",5.63,7.02,8.15,10.65,8.44,39.89,-1,0,52.17
24,"ours0.s2",0.03,0.12,0.35,0.77,0.82,2.1,-1,0,3.41
24,"ours0.total",5.67,7.14,8.5,11.42,9.26,41.99,-1,3.94,55.57
24,"bf.s1",4.01,5.96,8.71,11.1,8.46,38.23,-1,0,52.27
24,"bf.s2",0,0,0,0,0,0,-1,0,0
24,"bf.total",4.01,5.96,8.71,11.1,8.46,38.23,-1,3.98,52.27
24,"ours1.s1",5.08,6,6.67,9.14,8.55,35.44,-1,0,42.03
24,"ours1.s2",0.37,0.92,1.74,2.01,0.9,5.94,-1,0,8.47
24,"ours1.total",5.44,6.93,8.41,11.15,9.45,41.38,-1,3.68,50.5
24,"ours2.s1",5.15,6.17,7.01,9.29,8.48,36.1,-1,0,43.2
24,"ours2.s2",0.29,0.8,1.37,1.86,0.86,5.19,-1,0,7.58
24,"ours2.total",5.44,6.97,8.38,11.15,9.35,41.29,-1,3.7,50.77
24,"ours3.s1",5.14,6.18,6.91,9.35,8.6,36.17,-1,0,43.12
24,"ours3.s2",0,0,0,0,0,0,-1,0,0
24,"ours3.total",5.14,6.18,6.91,9.35,8.6,36.17,-1,3.69,43.12
24,"titeet",3.4,4.2,5.2,9.9,7.3,30,-1,3.2,41.55
24,"tite12",3.5,4,4.8,8.5,6,26.8,-1,2.7,36.29
24,"bfet",3.87,5.08,6.33,8.63,9.78,33.68,-1,3.7,42
54,"ours0.s1",5.64,6.99,8.2,10.65,8.5,39.98,-1,0,52.25
54,"ours0.s2",0.03,0.11,0.33,0.79,0.81,2.08,-1,0,3.41
54,"ours0.total",5.67,7.1,8.54,11.44,9.31,42.06,-1,3.95,55.66
54,"bf.s1",4.01,5.96,8.71,11.1,8.46,38.23,-1,0,52.29
54,"bf.s2",0,0,0,0,0,0,-1,0,0
54,"bf.total",4.01,5.96,8.71,11.1,8.46,38.23,-1,3.98,52.29
54,"ours1.s1",5.09,5.98,6.65,9.14,8.54,35.41,-1,0,42.03
54,"ours1.s2",0.34,1,1.7,2.04,0.9,5.98,-1,0,8.5
54,"ours1.total",5.44,6.98,8.35,11.18,9.44,41.39,-1,3.69,50.53
54,"ours2.s1",5.2,6.17,6.94,9.39,8.54,36.24,-1,0,43.32
54,"ours2.s2",0.32,0.79,1.37,1.83,0.97,5.29,-1,0,7.7
54,"ours2.total",5.52,6.96,8.31,11.23,9.5,41.53,-1,3.72,51.02
54,"ours3.s1",5.13,6.17,6.91,9.34,8.58,36.13,-1,0,43.11
54,"ours3.s2",0,0,0,0,0,0,-1,0,0
54,"ours3.total",5.13,6.17,6.91,9.34,8.58,36.13,-1,3.69,43.11
54,"titeet",3.5,4.1,5.3,10.2,6.9,30,-1,3.1,41.6
54,"tite12",3.5,4,4.7,8.6,6,26.8,-1,2.8,36.48
54,"bfet",3.88,5.1,6.36,8.64,9.77,33.75,-1,3.7,42
39,"ours0.s1",6.75,9.83,9.7,6.63,2.98,35.88,2.98,0,41.15
39,"ours0.s2",0.68,1.13,0.99,0.67,0.18,3.66,0.18,0,4.95
39,"ours0.total",7.43,10.96,10.69,7.3,3.16,39.55,3.16,5.17,46.1
39,"bf.s1",5.4,9.3,10.32,7.12,3.04,35.17,3.04,0,41.12
39,"bf.s2",0,0,0,0,0,0,0,0,0
39,"bf.total",5.4,9.3,10.32,7.12,3.04,35.17,3.04,5.29,41.12
39,"ours1.s1",4.73,7.32,8.75,6.3,3.16,30.25,3.16,0,31.87
39,"ours1.s2",3.07,3.44,1.84,0.88,0.19,9.42,0.19,0,11.22
39,"ours1.total",7.8,10.76,10.58,7.17,3.36,39.67,3.36,4.85,43.1
39,"ours2.s1",4.94,7.5,8.86,6.37,3.06,30.73,3.06,0,32.58
39,"ours2.s2",2.65,3.29,1.76,0.86,0.19,8.75,0.19,0,10.45
39,"ours2.total",7.59,10.79,10.62,7.23,3.25,39.48,3.25,4.83,43.03
39,"ours3.s1",4.87,7.48,8.87,6.4,3.2,30.81,3.2,0,32.69
39,"ours3.s2",0,0,0,0,0,0,0,0,0
39,"ours3.total",4.87,7.48,8.87,6.4,3.2,30.81,3.2,4.84,32.69
39,"titeet",4.5,11.1,8.9,4.3,1.2,30,1.2,3.9,34.48
39,"tite12",4.2,7.1,6.3,5,2.7,25.3,2.7,3.7,28.85
39,"bfet",5.59,9.01,10.28,7.74,4.57,37.19,4.57,5.98,38.7
28,"ours0.s1",11.2,10.68,8.91,5.66,2.46,38.91,2.46,0,49.53
28,"ours0.s2",0.15,0.31,0.53,0.53,0.17,1.7,0.17,0,2.77
28,"ours0.total",11.35,11,9.44,6.2,2.64,40.61,2.64,6.01,52.3
28,"bf.s1",9.69,11.1,9.77,5.96,2.3,38.81,2.3,0,49.45
28,"bf.s2",0,0,0,0,0,0,0,0,0
28,"bf.total",9.69,11.1,9.77,5.96,2.3,38.81,2.3,6.11,49.45
28,"ours1.s1",9.58,8.98,8.02,5.38,2.5,34.46,2.5,0,40.24
28,"ours1.s2",1.21,1.47,1.11,0.74,0.19,4.71,0.19,0,6.75
28,"ours1.total",10.79,10.45,9.13,6.12,2.68,39.17,2.68,5.54,46.99
28,"ours2.s1",9.81,9.22,8.12,5.37,2.43,34.95,2.43,0,41.31
28,"ours2.s2",1.03,1.31,1.1,0.71,0.19,4.34,0.19,0,6.39
28,"ours2.total",10.84,10.52,9.22,6.08,2.62,39.29,2.62,5.53,47.71
28,"ours3.s1",9.82,9.35,8.12,5.31,2.5,35.1,2.5,0,41.27
28,"ours3.s2",0,0,0,0,0,0,0,0,0
28,"ours3.total",9.82,9.35,8.12,5.31,2.5,35.1,2.5,5.54,41.27
28,"titeet",11.7,9.1,5.8,2.6,0.8,30,0.8,3.9,37.9
28,"tite12",6.3,6,5,4.1,2.3,23.7,2.3,3.9,30.82
28,"bfet",9.1,9.96,9.17,6.59,3.53,38.35,3.53,6.27,43
40,"ours0.s1",7.02,9.31,8.38,6.43,4.81,35.96,-1,0,41.38
40,"ours0.s2",0.45,1.07,1.34,1.18,0.42,4.47,-1,0,5.93
40,"ours0.total",7.47,10.38,9.72,7.61,5.24,40.42,-1,4.7,47.31
40,"bf.s1",5.89,8.53,8.97,7.34,4.76,35.49,-1,0,41.3
40,"bf.s2",0,0,0,0,0,0,-1,0,0
40,"bf.total",5.89,8.53,8.97,7.34,4.76,35.49,-1,4.79,41.3
40,"ours1.s1",5.17,6.72,7.22,6.07,4.88,30.07,-1,0,31.9
40,"ours1.s2",2.06,3.35,2.42,1.56,0.43,9.82,-1,0,11.66
40,"ours1.total",7.23,10.07,9.64,7.62,5.32,39.89,-1,4.19,43.57
40,"ours2.s1",5.47,7.09,7.37,5.93,4.71,30.57,-1,0,32.57
40,"ours2.s2",1.87,3.12,2.32,1.57,0.42,9.3,-1,0,11.08
40,"ours2.total",7.34,10.2,9.69,7.5,5.13,39.86,-1,4.18,43.65
40,"ours3.s1",5.42,7.06,7.27,5.97,4.89,30.6,-1,0,32.55
40,"ours3.s2",0,0,0,0,0,0,-1,0,0
40,"ours3.total",5.42,7.06,7.27,5.97,4.89,30.6,-1,4.19,32.55
40,"titeet",5.1,11.2,7.7,4.2,1.7,29.9,-1,3.5,34.43
40,"tite12",4.1,6.6,5.9,5.1,3.4,25.1,-1,3.4,28.73
40,"bfet",5.64,8.47,9.01,7.3,6.57,36.98,-1,5.24,38.4
33,"ours0.s1",5.63,6.93,9.94,8.58,3.75,34.84,3.75,0,41.96
33,"ours0.s2",0.19,0.58,1.29,1.07,0.31,3.44,0.31,0,4.73
33,"ours0.total",5.82,7.52,11.24,9.65,4.06,38.29,4.06,4.98,46.69
33,"bf.s1",4.32,6.53,9.9,9.03,3.82,33.6,3.82,0,41.81
33,"bf.s2",0,0,0,0,0,0,0,0,0
33,"bf.total",4.32,6.53,9.9,9.03,3.82,33.6,3.82,5.02,41.81
33,"ours1.s1",4.57,5.54,8.25,8.19,3.9,30.45,3.9,0,32.4
33,"ours1.s2",1.81,2.44,2.77,1.44,0.35,8.81,0.35,0,10.54
33,"ours1.total",6.38,7.98,11.02,9.63,4.25,39.26,4.25,4.69,42.94
33,"ours2.s1",4.76,5.68,8.34,8.19,3.95,30.92,3.95,0,33.14
33,"ours2.s2",1.36,2.21,2.8,1.52,0.37,8.25,0.37,0,9.96
33,"ours2.total",6.12,7.89,11.13,9.71,4.32,39.18,4.32,4.65,43.1
33,"ours3.s1",4.66,5.6,8.32,8.26,4.04,30.89,4.04,0,33.02
33,"ours3.s2",0,0,0,0,0,0,0,0,0
33,"ours3.total",4.66,5.6,8.32,8.26,4.04,30.89,4.04,4.69,33.02
33,"titeet",4,5.3,11.2,7.1,2.3,29.9,2.3,4.1,35.17
33,"tite12",3.8,4.4,7.9,6.7,3.8,26.6,3.8,4.2,30.77
33,"bfet",4.25,5.97,9.49,9.23,5.4,34.35,5.4,5.53,36.1
63,"ours0.s1",5.82,7.43,10.64,8.79,3.86,36.54,3.86,0,48.62
63,"ours0.s2",0.07,0.27,0.81,1.02,0.34,2.52,0.34,0,4.05
63,"ours0.total",5.89,7.71,11.46,9.81,4.2,39.06,4.2,5.13,52.68
63,"bf.s1",4.56,7.12,10.57,9.25,3.72,35.2,3.72,0,48.66
63,"bf.s2",0,0,0,0,0,0,0,0,0
63,"bf.total",4.56,7.12,10.57,9.25,3.72,35.2,3.72,5.16,48.66
63,"ours1.s1",4.75,5.67,8.45,8.21,3.91,30.99,3.91,0,34.85
63,"ours1.s2",1.44,2.16,2.75,1.48,0.31,8.14,0.31,0,10.62
63,"ours1.total",6.19,7.84,11.2,9.69,4.22,39.13,4.22,4.73,45.47
63,"ours2.s1",4.9,5.8,8.55,8.18,3.87,31.29,3.87,0,35.45
63,"ours2.s2",1.17,2.02,2.57,1.51,0.37,7.63,0.37,0,10.17
63,"ours2.total",6.07,7.82,11.12,9.68,4.23,38.92,4.23,4.67,45.62
63,"ours3.s1",4.85,5.73,8.47,8.31,3.99,31.35,3.99,0,35.43
63,"ours3.s2",0,0,0,0,0,0,0,0,0
63,"ours3.total",4.85,5.73,8.47,8.31,3.99,31.35,3.99,4.68,35.43
63,"titeet",4,5.2,11.3,7,2.4,29.9,2.4,4.1,39.67
63,"tite12",3.7,4.3,7.8,6.8,3.9,26.5,3.9,4.3,34.79
63,"bfet",4.25,5.97,9.5,9.23,5.41,34.35,5.41,5.55,37.1
29,"ours0.s1",7.84,11.24,10.79,6.89,2.93,39.69,2.93,0,50.54
29,"ours0.s2",0.11,0.29,0.49,0.52,0.18,1.58,0.18,0,2.66
29,"ours0.total",7.95,11.52,11.28,7.41,3.11,41.27,3.11,5.48,53.2
29,"bf.s1",6.35,10.92,11.54,7.41,2.83,39.05,2.83,0,50.6
29,"bf.s2",0,0,0,0,0,0,0,0,0
29,"bf.total",6.35,10.92,11.54,7.41,2.83,39.05,2.83,5.67,50.6
29,"ours1.s1",6.53,9.42,9.71,6.63,3.18,35.47,3.18,0,41.31
29,"ours1.s2",1,1.67,1.3,0.91,0.25,5.13,0.25,0,7.33
29,"ours1.total",7.53,11.09,11.01,7.54,3.43,40.6,3.43,5.18,48.64
29,"ours2.s1",6.76,9.77,9.88,6.5,2.89,35.8,2.89,0,42.3
29,"ours2.s2",0.83,1.37,1.2,0.83,0.23,4.46,0.23,0,6.55
29,"ours2.total",7.6,11.14,11.07,7.33,3.12,40.26,3.12,5.16,48.85
29,"ours3.s1",6.72,9.81,9.76,6.65,3.14,36.08,3.14,0,42.2
29,"ours3.s2",0,0,0,0,0,0,0,0,0
29,"ours3.total",6.72,9.81,9.76,6.65,3.14,36.08,3.14,5.18,42.2
29,"titeet",4.4,10.9,8.5,4.6,1.6,30,1.6,3.9,39.29
29,"tite12",4,6.8,6.2,5.1,2.9,25,2.9,3.9,32.92
29,"bfet",5.65,9.37,10.36,7.64,4.24,37.25,4.24,5.78,43
84,"ours0.s1",5.63,7.03,8.11,10.61,8.48,39.87,-1,0,52.14
84,"ours0.s2",0.05,0.12,0.35,0.83,0.81,2.15,-1,0,3.54
84,"ours0.total",5.67,7.15,8.45,11.44,9.3,42.02,-1,3.9,55.69
84,"bf.s1",4.01,5.97,8.73,11.11,8.46,38.29,-1,0,52.39
84,"bf.s2",0,0,0,0,0,0,-1,0,0
84,"bf.total",4.01,5.97,8.73,11.11,8.46,38.29,-1,3.98,52.39
84,"ours1.s1",5.1,5.95,6.69,9.18,8.54,35.46,-1,0,42.16
84,"ours1.s2",0.38,1.01,1.76,2.01,0.92,6.07,-1,0,8.59
84,"ours1.total",5.48,6.96,8.44,11.19,9.46,41.53,-1,3.7,50.75
84,"ours2.s1",5.21,6.1,6.9,9.35,8.55,36.12,-1,0,43.19
84,"ours2.s2",0.32,0.83,1.46,1.9,0.94,5.45,-1,0,7.81
84,"ours2.total",5.53,6.93,8.36,11.26,9.49,41.57,-1,3.68,51
84,"ours3.s1",5.14,6.17,6.91,9.32,8.58,36.12,-1,0,43.12
84,"ours3.s2",0,0,0,0,0,0,-1,0,0
84,"ours3.total",5.14,6.17,6.91,9.32,8.58,36.12,-1,3.68,43.12
84,"titeet",3.5,4.2,5.3,10.1,6.9,30,-1,3.1,41.84
84,"tite12",3.5,4,4.8,8.6,6.1,27,-1,2.8,36.91
84,"bfet",3.89,5.11,6.38,8.62,9.78,33.78,-1,3.7,42.2
49,"ours0.s1",7.11,10.3,10,6.69,2.97,37.08,2.97,0,42.99
49,"ours0.s2",0.47,0.82,0.87,0.63,0.18,2.97,0.18,0,4.14
49,"ours0.total",7.59,11.12,10.87,7.32,3.16,40.05,3.16,5.27,47.14
49,"bf.s1",5.6,9.76,10.73,7.29,2.99,36.37,2.99,0,42.98
49,"bf.s2",0,0,0,0,0,0,0,0,0
49,"bf.total",5.6,9.76,10.73,7.29,2.99,36.37,2.99,5.46,42.98
49,"ours1.s1",5.62,8.24,9.14,6.57,3.16,32.72,3.16,0,35.49
49,"ours1.s2",1.86,2.59,1.63,0.91,0.25,7.25,0.25,0,8.95
49,"ours1.total",7.48,10.83,10.77,7.48,3.41,39.96,3.41,4.96,44.45
49,"ours2.s1",5.87,8.56,9.31,6.4,3.01,33.16,3.01,0,36.3
49,"ours2.s2",1.6,2.41,1.51,0.93,0.23,6.67,0.23,0,8.3
49,"ours2.total",7.47,10.97,10.82,7.34,3.24,39.84,3.24,5,44.6
49,"ours3.s1",5.79,8.5,9.15,6.53,3.19,33.16,3.19,0,36.24
49,"ours3.s2",0,0,0,0,0,0,0,0,0
49,"ours3.total",5.79,8.5,9.15,6.53,3.19,33.16,3.19,4.96,36.24
49,"titeet",4.3,11,8.7,4.4,1.5,29.9,1.5,4,35.21
49,"tite12",4.2,6.9,6.2,5,2.8,25.1,2.8,3.8,29.43
49,"bfet",5.55,9.12,10.34,7.67,4.33,37.02,4.33,5.89,40.1
23,"ours0.s1",6.01,7.75,11.12,9.1,3.79,37.78,3.79,0,51.16
23,"ours0.s2",0.03,0.13,0.56,0.84,0.27,1.83,0.27,0,3.02
23,"ours0.total",6.03,7.89,11.68,9.94,4.07,39.61,4.07,5.28,54.18
23,"bf.s1",4.65,7.38,11.17,9.56,3.64,36.4,3.64,0,51.17
23,"bf.s2",0,0,0,0,0,0,0,0,0
23,"bf.total",4.65,7.38,11.17,9.56,3.64,36.4,3.64,5.31,51.17
23,"ours1.s1",5.49,6.72,9.81,8.57,3.95,34.55,3.95,0,41.77
23,"ours1.s2",0.38,0.96,1.74,1.39,0.38,4.85,0.38,0,6.9
23,"ours1.total",5.88,7.69,11.55,9.96,4.32,39.4,4.32,4.99,48.67
23,"ours2.s1",5.62,6.93,10.04,8.63,3.78,35.01,3.78,0,42.71
23,"ours2.s2",0.32,0.8,1.49,1.31,0.38,4.29,0.38,0,6.35
23,"ours2.total",5.94,7.73,11.53,9.94,4.16,39.3,4.16,5.02,49.06
23,"ours3.s1",5.54,6.93,9.98,8.65,3.94,35.05,3.94,0,42.48
23,"ours3.s2",0,0,0,0,0,0,0,0,0
23,"ours3.total",5.54,6.93,9.98,8.65,3.94,35.05,3.94,5,42.48
23,"titeet",3.9,5.1,11.1,7.2,2.6,29.9,2.6,4.2,40.06
23,"tite12",3.7,4.3,7.8,6.7,3.9,26.4,3.9,4.3,34.99
23,"bfet",4.19,5.8,9.7,9.34,5.12,34.16,5.12,5.37,41.7
48,"ours0.s1",10.32,9.7,8.31,5.38,2.41,36.13,2.41,0,41.95
48,"ours0.s2",0.58,0.81,0.75,0.62,0.2,2.95,0.2,0,4.07
48,"ours0.total",10.9,10.51,9.06,6,2.61,39.08,2.61,5.64,46.02
48,"bf.s1",8.58,10.06,9.09,5.9,2.4,36.03,2.4,0,41.99
48,"bf.s2",0,0,0,0,0,0,0,0,0
48,"bf.total",8.58,10.06,9.09,5.9,2.4,36.03,2.4,5.8,41.99
48,"ours1.s1",8.17,8.19,7.57,5.2,2.49,31.61,2.49,0,34.59
48,"ours1.s2",2.39,2.08,1.35,0.75,0.2,6.76,0.2,0,8.4
48,"ours1.total",10.56,10.27,8.91,5.94,2.68,38.37,2.68,5.15,43
48,"ours2.s1",8.52,8.35,7.58,5.16,2.45,32.07,2.45,0,35.34
48,"ours2.s2",2.08,1.97,1.31,0.79,0.17,6.31,0.17,0,7.93
48,"ours2.total",10.6,10.32,8.89,5.95,2.62,38.38,2.62,5.24,43.27
48,"ours3.s1",8.48,8.35,7.62,5.31,2.56,32.32,2.56,0,35.55
48,"ours3.s2",0,0,0,0,0,0,0,0,0
48,"ours3.total",8.48,8.35,7.62,5.31,2.56,32.32,2.56,5.26,35.55
48,"titeet",12.1,9.2,5.6,2.4,0.7,30,0.7,4,34.23
48,"tite12",6.6,6.2,5,3.8,2.1,23.7,2.1,3.7,27.27
48,"bfet",8.79,9.8,9.28,6.74,3.69,38.31,3.69,6.43,40.7
80,"ours0.s1",7.92,10.53,9.31,6.97,4.67,39.4,-1,0,49.02
80,"ours0.s2",0.12,0.44,0.76,0.84,0.4,2.57,-1,0,4.05
80,"ours0.total",8.05,10.98,10.07,7.81,5.07,41.97,-1,5.07,53.07
80,"bf.s1",6.55,9.8,10.07,7.84,4.63,38.88,-1,0,49.23
80,"bf.s2",0,0,0,0,0,0,-1,0,0
80,"bf.total",6.55,9.8,10.07,7.84,4.63,38.88,-1,5.18,49.23
80,"ours1.s1",6.21,7.98,7.6,6.02,4.81,32.62,-1,0,36.8
80,"ours1.s2",1.23,2.44,2.07,1.65,0.44,7.83,-1,0,10.42
80,"ours1.total",7.44,10.42,9.67,7.67,5.25,40.45,-1,4.35,47.23
80,"ours2.s1",6.34,8.26,7.85,6.2,4.6,33.25,-1,0,37.86
80,"ours2.s2",1.09,2.14,1.97,1.48,0.42,7.1,-1,0,9.56
80,"ours2.total",7.43,10.4,9.82,7.68,5.03,40.35,-1,4.43,47.42
80,"ours3.s1",6.29,8.22,7.81,6.15,4.79,33.26,-1,0,37.71
80,"ours3.s2",0,0,0,0,0,0,-1,0,0
80,"ours3.total",6.29,8.22,7.81,6.15,4.79,33.26,-1,4.39,37.71
80,"titeet",5.1,11.3,7.5,4.2,1.8,29.9,-1,3.5,38.58
80,"tite12",4,6.7,6,5.1,3.4,25.2,-1,3.4,32.85
80,"bfet",5.86,8.7,9.03,7.29,6.3,37.18,-1,5.1,41
13,"ours0.s1",5.72,7.13,10.44,8.71,3.78,35.77,3.78,0,43.52
13,"ours0.s2",0.14,0.4,1.04,1.07,0.31,2.96,0.31,0,4.13
13,"ours0.total",5.86,7.53,11.47,9.78,4.09,38.73,4.09,5.06,47.65
13,"bf.s1",4.35,6.72,10.28,9.24,3.79,34.38,3.79,0,43.24
13,"bf.s2",0,0,0,0,0,0,0,0,0
13,"bf.total",4.35,6.72,10.28,9.24,3.79,34.38,3.79,5.13,43.24
13,"ours1.s1",5.04,6.06,8.96,8.3,3.98,32.33,3.98,0,35.71
13,"ours1.s2",0.89,1.74,2.33,1.48,0.31,6.75,0.31,0,8.34
13,"ours1.total",5.93,7.8,11.29,9.78,4.29,39.08,4.29,4.82,44.04
13,"ours2.s1",5.18,6.32,9.06,8.36,3.9,32.82,3.9,0,36.68
13,"ours2.s2",0.77,1.36,2.21,1.47,0.38,6.19,0.38,0,7.78
13,"ours2.total",5.95,7.68,11.27,9.83,4.28,39.01,4.28,4.82,44.46
13,"ours3.s1",5.13,6.24,9.07,8.42,3.97,32.84,3.97,0,36.57
13,"ours3.s2",0,0,0,0,0,0,0,0,0
13,"ours3.total",5.13,6.24,9.07,8.42,3.97,32.84,3.97,4.82,36.57
13,"titeet",3.9,5,11.1,7.4,2.6,30,2.6,4.3,35.59
13,"tite12",3.8,4.4,7.8,6.6,3.7,26.3,3.7,4.2,30.8
13,"bfet",4.2,5.82,9.66,9.29,5.29,34.25,5.29,5.5,38.2
50,"ours0.s1",7.44,9.81,8.72,6.7,4.77,37.45,-1,0,43.37
50,"ours0.s2",0.31,0.8,1.11,1.02,0.47,3.71,-1,0,5
50,"ours0.total",7.75,10.61,9.83,7.73,5.24,41.16,-1,4.86,48.37
50,"bf.s1",6.09,8.95,9.42,7.59,4.68,36.74,-1,0,43.25
50,"bf.s2",0,0,0,0,0,0,-1,0,0
50,"bf.total",6.09,8.95,9.42,7.59,4.68,36.74,-1,4.95,43.25
50,"ours1.s1",6.14,7.95,7.62,6.1,4.65,32.45,-1,0,35.41
50,"ours1.s2",1.18,2.45,2.15,1.59,0.43,7.79,-1,0,9.48
50,"ours1.total",7.32,10.39,9.76,7.69,5.07,40.24,-1,4.36,44.89
50,"ours2.s1",6.26,8.17,7.9,6.2,4.66,33.19,-1,0,36.47
50,"ours2.s2",1.06,2.2,2.09,1.52,0.49,7.36,-1,0,9.04
50,"ours2.total",7.32,10.37,9.99,7.72,5.15,40.55,-1,4.42,45.51
50,"ours3.s1",6.22,8.16,7.79,6.15,4.79,33.1,-1,0,36.29
50,"ours3.s2",0,0,0,0,0,0,-1,0,0
50,"ours3.total",6.22,8.16,7.79,6.15,4.79,33.1,-1,4.39,36.29
50,"titeet",5.1,11.1,7.4,4.3,1.9,29.8,-1,3.6,35.05
50,"tite12",4.1,6.7,5.9,5,3.4,25.1,-1,3.3,29.22
50,"bfet",5.86,8.73,9.07,7.31,6.29,37.27,-1,5.1,40.3
8,"ours0.s1",8.47,8.32,7.71,5.33,2.46,32.28,2.46,0,34.29
8,"ours0.s2",1.88,1.68,1.17,0.64,0.17,5.54,0.17,0,6.28
8,"ours0.total",10.35,10,8.89,5.96,2.62,37.82,2.62,5.26,40.57
8,"bf.s1",7.22,8.72,8.22,5.59,2.45,32.19,2.45,0,34.3
8,"bf.s2",0,0,0,0,0,0,0,0,0
8,"bf.total",7.22,8.72,8.22,5.59,2.45,32.19,2.45,5.32,34.3
8,"ours1.s1",6.68,7.45,7.3,5.2,2.59,29.22,2.59,0,29.89
8,"ours1.s2",3.65,2.72,1.54,0.74,0.14,8.8,0.14,0,9.69
8,"ours1.total",10.33,10.17,8.85,5.94,2.73,38.02,2.73,4.97,39.59
8,"ours2.s1",6.85,7.6,7.5,5.26,2.48,29.7,2.48,0,30.68
8,"ours2.s2",3.45,2.65,1.45,0.72,0.14,8.42,0.14,0,9.24
8,"ours2.total",10.31,10.25,8.95,5.98,2.63,38.12,2.63,4.97,39.92
8,"ours3.s1",6.92,7.62,7.4,5.28,2.61,29.84,2.61,0,30.65
8,"ours3.s2",0,0,0,0,0,0,0,0,0
8,"ours3.total",6.92,7.62,7.4,5.28,2.61,29.84,2.61,5.01,30.65
8,"titeet",12.3,9.2,5.5,2.3,0.7,30,0.7,3.9,31.03
8,"tite12",6.6,6.2,5,3.8,2,23.6,2,3.7,24.14
8,"bfet",8.51,9.83,9.4,6.84,3.97,38.55,3.97,6.59,39
10,"ours0.s1",6.31,8.24,7.84,6.19,4.66,33.24,-1,0,35.31
10,"ours0.s2",0.81,1.94,1.75,1.26,0.41,6.16,-1,0,7
10,"ours0.total",7.12,10.18,9.59,7.45,5.07,39.41,-1,4.48,42.31
10,"bf.s1",5.35,7.58,8.21,6.86,4.75,32.75,-1,0,35.2
10,"bf.s2",0,0,0,0,0,0,-1,0,0
10,"bf.total",5.35,7.58,8.21,6.86,4.75,32.75,-1,4.5,35.2
10,"ours1.s1",5.12,6.72,7.14,5.98,4.89,29.85,-1,0,30.4
10,"ours1.s2",2.15,3.38,2.43,1.6,0.41,9.97,-1,0,10.91
10,"ours1.total",7.27,10.1,9.57,7.58,5.3,39.82,-1,4.17,41.3
10,"ours2.s1",5.37,6.93,7.28,5.97,4.84,30.39,-1,0,31.06
10,"ours2.s2",1.79,3.26,2.34,1.62,0.39,9.41,-1,0,10.38
10,"ours2.total",7.17,10.19,9.62,7.59,5.23,39.8,-1,4.2,41.44
10,"ours3.s1",5.35,6.96,7.24,5.98,4.87,30.41,-1,0,31.15
10,"ours3.s2",0,0,0,0,0,0,-1,0,0
10,"ours3.total",5.35,6.96,7.24,5.98,4.87,30.41,-1,4.18,31.15
10,"titeet",5,11.5,7.7,4.1,1.7,30,-1,3.5,31.17
10,"tite12",4.1,6.7,5.9,5.1,3.3,25.1,-1,3.4,25.74
10,"bfet",5.65,8.49,9.04,7.32,6.58,37.07,-1,5.24,37.6
9,"ours0.s1",5.8,8.65,9.31,6.33,3.08,33.16,3.08,0,35.17
9,"ours0.s2",1.26,1.99,1.3,0.78,0.21,5.54,0.21,0,6.32
9,"ours0.total",7.06,10.63,10.61,7.11,3.29,38.7,3.29,4.96,41.49
9,"bf.s1",4.75,8.28,9.71,6.85,3.03,32.62,3.03,0,35.1
9,"bf.s2",0,0,0,0,0,0,0,0,0
9,"bf.total",4.75,8.28,9.71,6.85,3.03,32.62,3.03,5.07,35.1
9,"ours1.s1",4.64,7.25,8.72,6.29,3.18,30.08,3.18,0,30.4
9,"ours1.s2",3.02,3.38,1.89,0.93,0.22,9.44,0.22,0,10.33
9,"ours1.total",7.66,10.63,10.61,7.22,3.4,39.52,3.4,4.8,40.73
9,"ours2.s1",4.88,7.44,8.78,6.32,3.19,30.61,3.19,0,31.33
9,"ours2.s2",2.72,3.31,1.78,0.95,0.21,8.97,0.21,0,9.85
9,"ours2.total",7.61,10.74,10.56,7.27,3.4,39.57,3.4,4.82,41.18
9,"ours3.s1",4.8,7.39,8.81,6.4,3.21,30.62,3.21,0,31.27
9,"ours3.s2",0,0,0,0,0,0,0,0,0
9,"ours3.total",4.8,7.39,8.81,6.4,3.21,30.62,3.21,4.82,31.27
9,"titeet",4.5,11,8.7,4.4,1.4,30,1.4,4,31.32
9,"tite12",4.2,7.1,6.2,4.9,2.7,25.1,2.7,3.7,25.83
9,"bfet",5.59,9.03,10.3,7.75,4.59,37.26,4.59,5.98,37.9
70,"ours0.s1",7.7,10.38,9.1,6.79,4.65,38.62,-1,0,47.97
70,"ours0.s2",0.17,0.52,0.87,0.91,0.41,2.88,-1,0,4.51
70,"ours0.total",7.87,10.9,9.97,7.7,5.06,41.5,-1,4.94,52.48
70,"bf.s1",6.49,9.55,9.8,7.69,4.62,38.15,-1,0,47.95
70,"bf.s2",0,0,0,0,0,0,-1,0,0
70,"bf.total",6.49,9.55,9.8,7.69,4.62,38.15,-1,5.11,47.95
70,"ours1.s1",5.52,7.07,7.25,5.97,4.79,30.6,-1,0,33.79
70,"ours1.s2",1.74,3.09,2.36,1.59,0.46,9.23,-1,0,11.94
70,"ours1.total",7.26,10.16,9.61,7.56,5.25,39.84,-1,4.21,45.73
70,"ours2.s1",5.62,7.32,7.38,6.03,4.72,31.06,-1,0,34.55
70,"ours2.s2",1.64,2.94,2.31,1.56,0.43,8.88,-1,0,11.5
70,"ours2.total",7.25,10.26,9.69,7.59,5.15,39.94,-1,4.26,46.06
70,"ours3.s1",5.6,7.26,7.39,6.02,4.84,31.11,-1,0,34.58
70,"ours3.s2",0,0,0,0,0,0,-1,0,0
70,"ours3.total",5.6,7.26,7.39,6.02,4.84,31.11,-1,4.21,34.58
70,"titeet",5.2,11.6,7.6,3.9,1.7,30,-1,3.4,38.12
70,"tite12",4,6.7,6,5,3.4,25.1,-1,3.3,32.07
70,"bfet",5.66,8.47,9.02,7.31,6.55,37.01,-1,5.25,39.3
73,"ours0.s1",5.95,7.59,10.89,8.95,3.74,37.13,3.74,0,49.76
73,"ours0.s2",0.06,0.19,0.68,0.9,0.32,2.15,0.32,0,3.45
73,"ours0.total",6.01,7.78,11.58,9.84,4.07,39.28,4.07,5.2,53.22
73,"bf.s1",4.59,7.22,10.83,9.42,3.68,35.75,3.68,0,49.68
73,"bf.s2",0,0,0,0,0,0,0,0,0
73,"bf.total",4.59,7.22,10.83,9.42,3.68,35.75,3.68,5.21,49.68
73,"ours1.s1",5.17,6.16,9.03,8.34,3.86,32.55,3.86,0,37.36
73,"ours1.s2",0.81,1.6,2.24,1.42,0.35,6.43,0.35,0,8.81
73,"ours1.total",5.98,7.76,11.27,9.75,4.21,38.98,4.21,4.82,46.17
73,"ours2.s1",5.25,6.31,9.1,8.39,3.9,32.94,3.9,0,38.16
73,"ours2.s2",0.68,1.39,2.22,1.32,0.36,5.97,0.36,0,8.3
73,"ours2.total",5.93,7.7,11.31,9.71,4.26,38.91,4.26,4.88,46.46
73,"ours3.s1",5.2,6.28,9.14,8.43,3.92,32.97,3.92,0,38.2
73,"ours3.s2",0,0,0,0,0,0,0,0,0
73,"ours3.total",5.2,6.28,9.14,8.43,3.92,32.97,3.92,4.82,38.2
73,"titeet",4,5.2,11.1,7.2,2.6,30.1,2.6,4.2,40.04
73,"tite12",3.7,4.3,7.8,6.8,3.9,26.5,3.9,4.3,35.21
73,"bfet",4.22,5.83,9.66,9.28,5.27,34.26,5.27,5.5,39.3
59,"ours0.s1",7.89,11.33,10.73,6.93,2.99,39.87,2.99,0,50.77
59,"ours0.s2",0.12,0.27,0.5,0.53,0.18,1.61,0.18,0,2.69
59,"ours0.total",8.01,11.61,11.23,7.46,3.17,41.48,3.17,5.52,53.46
59,"bf.s1",6.35,10.93,11.54,7.41,2.83,39.06,2.83,0,50.62
59,"bf.s2",0,0,0,0,0,0,0,0,0
59,"bf.total",6.35,10.93,11.54,7.41,2.83,39.06,2.83,5.68,50.62
59,"ours1.s1",6.51,9.45,9.68,6.64,3.17,35.45,3.17,0,41.22
59,"ours1.s2",1.04,1.7,1.31,0.83,0.23,5.11,0.23,0,7.34
59,"ours1.total",7.55,11.15,10.99,7.47,3.4,40.56,3.4,5.18,48.57
59,"ours2.s1",6.86,9.87,9.82,6.5,2.92,35.96,2.92,0,42.23
59,"ours2.s2",0.9,1.33,1.17,0.85,0.28,4.52,0.28,0,6.55
59,"ours2.total",7.75,11.2,10.99,7.35,3.2,40.49,3.2,5.17,48.78
59,"ours3.s1",6.71,9.8,9.75,6.67,3.13,36.06,3.13,0,42.19
59,"ours3.s2",0,0,0,0,0,0,0,0,0
59,"ours3.total",6.71,9.8,9.75,6.67,3.13,36.06,3.13,5.18,42.19
59,"titeet",4.3,10.9,8.8,4.5,1.5,30,1.5,4,39.37
59,"tite12",4,6.8,6.3,5.2,3,25.3,3,3.9,33.31
59,"bfet",5.66,9.38,10.35,7.62,4.24,37.25,4.24,5.79,43
221,"ours0.s1",13.61,10.65,4.28,0.98,0.15,29.66,5.41,0,20.32
221,"ours0.s2",0,0.04,0.09,0.05,0.01,0.2,0.16,0,0.16
221,"ours0.total",13.61,10.69,4.37,1.03,0.17,29.86,5.57,6.63,20.48
221,"bf.s1",13.19,10.91,4.45,0.96,0.14,29.65,5.55,0,20.19
221,"bf.s2",0,0,0,0,0,0,0,0,0
221,"bf.total",13.19,10.91,4.45,0.96,0.14,29.65,5.55,6.68,20.19
221,"ours1.s1",13.23,10.59,4.47,1.14,0.19,29.62,5.8,0,16.52
221,"ours1.s2",0.05,0.13,0.15,0.07,0.01,0.4,0.23,0,0.32
221,"ours1.total",13.28,10.72,4.62,1.21,0.2,30.02,6.02,6.74,16.84
221,"ours2.s1",13.28,10.63,4.52,1.1,0.17,29.69,5.79,0,16.86
221,"ours2.s2",0.03,0.09,0.15,0.06,0.01,0.34,0.22,0,0.26
221,"ours2.total",13.31,10.72,4.67,1.16,0.18,30.03,6,6.75,17.12
221,"ours3.s1",13.25,10.55,4.44,1.08,0.19,29.51,5.72,0,16.75
221,"ours3.s2",0,0,0,0,0,0,0,0,0
221,"ours3.total",13.25,10.55,4.44,1.08,0.19,29.51,5.72,6.68,16.75
221,"titeet",15.6,9.4,3.7,1,0.2,29.9,4.9,6.4,16.38
221,"tite12",7.9,6.6,4.5,2.8,1.3,23.1,8.6,6.1,14.02
221,"bfet",11.58,9.82,4.67,1.3,0.29,27.67,6.26,6.09,13.5
191,"ours0.s1",13.59,10.65,4.31,0.97,0.14,29.67,5.42,0,20.26
191,"ours0.s2",0.01,0.05,0.08,0.05,0.01,0.2,0.14,0,0.16
191,"ours0.total",13.6,10.7,4.39,1.02,0.16,29.87,5.57,6.67,20.43
191,"bf.s1",13.19,10.91,4.44,0.96,0.14,29.64,5.54,0,20.14
191,"bf.s2",0,0,0,0,0,0,0,0,0
191,"bf.total",13.19,10.91,4.44,0.96,0.14,29.64,5.54,6.68,20.14
191,"ours1.s1",13.21,10.56,4.5,1.13,0.18,29.58,5.81,0,16.51
191,"ours1.s2",0.04,0.12,0.17,0.07,0.01,0.4,0.25,0,0.3
191,"ours1.total",13.25,10.68,4.67,1.2,0.19,29.99,6.06,6.74,16.82
191,"ours2.s1",13.23,10.61,4.42,1.07,0.18,29.51,5.67,0,16.81
191,"ours2.s2",0.04,0.09,0.16,0.07,0.02,0.39,0.26,0,0.29
191,"ours2.total",13.28,10.7,4.58,1.14,0.21,29.9,5.93,6.68,17.1
191,"ours3.s1",13.25,10.56,4.43,1.08,0.18,29.51,5.7,0,16.73
191,"ours3.s2",0,0,0,0,0,0,0,0,0
191,"ours3.total",13.25,10.56,4.43,1.08,0.18,29.51,5.7,6.67,16.73
191,"titeet",15.9,9.3,3.6,0.9,0.2,29.9,4.7,6.6,15.98
191,"tite12",7.9,6.5,4.4,2.8,1.2,22.8,8.4,6.1,13.29
191,"bfet",11.63,9.9,4.69,1.31,0.29,27.82,6.29,6.13,13.4
69,"ours0.s1",7.49,10.68,10.26,6.72,3.04,38.2,3.04,0,47.5
69,"ours0.s2",0.28,0.51,0.69,0.59,0.18,2.25,0.18,0,3.69
69,"ours0.total",7.77,11.2,10.95,7.31,3.23,40.45,3.23,5.38,51.2
69,"bf.s1",6.05,10.29,10.97,7.2,2.89,37.39,2.89,0,47.49
69,"bf.s2",0,0,0,0,0,0,0,0,0
69,"bf.total",6.05,10.29,10.97,7.2,2.89,37.39,2.89,5.51,47.49
69,"ours1.s1",4.94,7.57,8.88,6.29,3.13,30.81,3.13,0,34.12
69,"ours1.s2",2.69,3.24,1.79,0.94,0.2,8.85,0.2,0,11.48
69,"ours1.total",7.63,10.81,10.67,7.23,3.33,39.66,3.33,4.86,45.6
69,"ours2.s1",5.15,7.69,8.86,6.31,3.16,31.16,3.16,0,34.72
69,"ours2.s2",2.36,3.08,1.81,0.92,0.21,8.37,0.21,0,11.02
69,"ours2.total",7.51,10.77,10.66,7.22,3.36,39.53,3.36,4.84,45.74
69,"ours3.s1",5.08,7.67,8.9,6.4,3.23,31.28,3.23,0,34.74
69,"ours3.s2",0,0,0,0,0,0,0,0,0
69,"ours3.total",5.08,7.67,8.9,6.4,3.23,31.28,3.23,4.84,34.74
69,"titeet",4.5,10.8,9,4.3,1.3,29.9,1.3,3.9,38.42
69,"tite12",4.2,7,6.3,5,2.8,25.3,2.8,3.9,32.42
69,"bfet",5.6,9.01,10.28,7.76,4.55,37.19,4.55,5.98,39.6
19,"ours0.s1",7.12,10.31,9.99,6.67,2.92,37,2.92,0,42.75
19,"ours0.s2",0.47,0.83,0.8,0.62,0.19,2.9,0.19,0,4.07
19,"ours0.total",7.59,11.13,10.79,7.28,3.11,39.9,3.11,5.31,46.81
19,"bf.s1",5.59,9.73,10.71,7.28,2.99,36.29,2.99,0,42.88
19,"bf.s2",0,0,0,0,0,0,0,0,0
19,"bf.total",5.59,9.73,10.71,7.28,2.99,36.29,2.99,5.46,42.88
19,"ours1.s1",5.63,8.29,9.11,6.39,3.14,32.56,3.14,0,35.3
19,"ours1.s2",1.82,2.61,1.57,0.94,0.22,7.16,0.22,0,8.74
19,"ours1.total",7.45,10.9,10.68,7.33,3.36,39.72,3.36,4.92,44.04
19,"ours2.s1",5.85,8.62,9.24,6.36,3.04,33.12,3.04,0,36.36
19,"ours2.s2",1.6,2.34,1.54,0.91,0.21,6.6,0.21,0,8.24
19,"ours2.total",7.45,10.96,10.78,7.27,3.26,39.72,3.26,4.97,44.6
19,"ours3.s1",5.79,8.52,9.16,6.52,3.18,33.18,3.18,0,36.25
19,"ours3.s2",0,0,0,0,0,0,0,0,0
19,"ours3.total",5.79,8.52,9.16,6.52,3.18,33.18,3.18,4.96,36.25
19,"titeet",4.3,10.8,9,4.5,1.5,30.1,1.5,4,34.94
19,"tite12",4.1,7,6.2,5,2.8,25.1,2.8,3.8,29.04
19,"bfet",5.56,9.12,10.35,7.68,4.35,37.05,4.35,5.89,40.1
83,"ours0.s1",6.01,7.78,11.13,9.06,3.74,37.71,3.74,0,51.39
83,"ours0.s2",0.03,0.15,0.59,0.85,0.33,1.95,0.33,0,3.14
83,"ours0.total",6.05,7.92,11.72,9.91,4.06,39.66,4.06,5.26,54.53
83,"bf.s1",4.66,7.39,11.19,9.57,3.64,36.44,3.64,0,51.27
83,"bf.s2",0,0,0,0,0,0,0,0,0
83,"bf.total",4.66,7.39,11.19,9.57,3.64,36.44,3.64,5.32,51.27
83,"ours1.s1",5.48,6.72,9.78,8.49,3.97,34.44,3.97,0,41.54
83,"ours1.s2",0.41,1.05,1.73,1.29,0.36,4.84,0.36,0,7.02
83,"ours1.total",5.88,7.76,11.51,9.79,4.33,39.28,4.33,5,48.57
83,"ours2.s1",5.55,6.88,10.02,8.59,3.89,34.93,3.89,0,42.59
83,"ours2.s2",0.33,0.85,1.48,1.32,0.39,4.36,0.39,0,6.37
83,"ours2.total",5.88,7.73,11.5,9.91,4.28,39.29,4.28,5.03,48.96
83,"ours3.s1",5.54,6.93,9.98,8.64,3.94,35.02,3.94,0,42.5
83,"ours3.s2",0,0,0,0,0,0,0,0,0
83,"ours3.total",5.54,6.93,9.98,8.64,3.94,35.02,3.94,4.99,42.5
83,"titeet",4,5.2,11.1,7.1,2.6,30,2.6,4.2,40.6
83,"tite12",3.7,4.3,7.8,6.7,3.9,26.4,3.9,4.3,35.85
83,"bfet",4.22,5.81,9.71,9.34,5.13,34.21,5.13,5.36,41.9
60,"ours0.s1",8.1,10.84,9.66,7.29,4.84,40.74,-1,0,51.37
60,"ours0.s2",0.07,0.27,0.63,0.84,0.43,2.24,-1,0,3.58
60,"ours0.total",8.17,11.11,10.29,8.13,5.26,42.98,-1,5.12,54.95
60,"bf.s1",6.76,10.17,10.4,8.03,4.64,40,-1,0,51.24
60,"bf.s2",0,0,0,0,0,0,-1,0,0
60,"bf.total",6.76,10.17,10.4,8.03,4.64,40,-1,5.3,51.24
60,"ours1.s1",6.94,9.17,8.29,6.32,4.67,35.4,-1,0,41.41
60,"ours1.s2",0.69,1.55,1.65,1.45,0.47,5.81,-1,0,8.16
60,"ours1.total",7.63,10.73,9.94,7.77,5.14,41.21,-1,4.64,49.57
60,"ours2.s1",7.06,9.37,8.48,6.5,4.73,36.14,-1,0,42.33
60,"ours2.s2",0.56,1.27,1.55,1.37,0.46,5.21,-1,0,7.52
60,"ours2.total",7.62,10.65,10.03,7.87,5.19,41.35,-1,4.7,49.85
60,"ours3.s1",7.04,9.45,8.51,6.46,4.69,36.15,-1,0,42.42
60,"ours3.s2",0,0,0,0,0,0,-1,0,0
60,"ours3.total",7.04,9.45,8.51,6.46,4.69,36.15,-1,4.72,42.42
60,"titeet",5,11.2,7.5,4.4,1.9,30,-1,3.6,39.24
60,"tite12",3.9,6.6,5.9,5.1,3.5,25,-1,3.4,33.3
60,"bfet",5.99,9.24,9.32,7.4,6.15,38.1,-1,5.14,43.7
18,"ours0.s1",10.4,9.62,8.14,5.24,2.38,35.78,2.38,0,41.52
18,"ours0.s2",0.55,0.82,0.8,0.6,0.17,2.95,0.17,0,4.08
18,"ours0.total",10.95,10.44,8.94,5.85,2.55,38.73,2.55,5.64,45.6
18,"bf.s1",8.55,10.04,9.06,5.89,2.41,35.96,2.41,0,41.9
18,"bf.s2",0,0,0,0,0,0,0,0,0
18,"bf.total",8.55,10.04,9.06,5.89,2.41,35.96,2.41,5.79,41.9
18,"ours1.s1",8.12,8.11,7.5,5.31,2.59,31.63,2.59,0,34.61
18,"ours1.s2",2.4,2.14,1.41,0.8,0.18,6.92,0.18,0,8.46
18,"ours1.total",10.52,10.25,8.91,6.11,2.77,38.55,2.77,5.16,43.07
18,"ours2.s1",8.47,8.37,7.73,5.22,2.5,32.29,2.5,0,35.53
18,"ours2.s2",2.02,1.96,1.33,0.78,0.18,6.27,0.18,0,7.9
18,"ours2.total",10.49,10.34,9.06,6,2.67,38.56,2.67,5.23,43.42
18,"ours3.s1",8.49,8.35,7.62,5.31,2.55,32.32,2.55,0,35.55
18,"ours3.s2",0,0,0,0,0,0,0,0,0
18,"ours3.total",8.49,8.35,7.62,5.31,2.55,32.32,2.55,5.26,35.55
18,"titeet",11.9,9.1,5.7,2.5,0.7,29.9,0.7,4,34.02
18,"tite12",6.3,6,5,4,2.2,23.5,2.2,3.9,27.14
18,"bfet",8.79,9.8,9.3,6.74,3.69,38.33,3.69,6.42,40.6
201,"ours0.s1",13.95,11.09,4.35,0.87,0.11,30.38,5.34,0,26.66
201,"ours0.s2",0,0.05,0.08,0.05,0.01,0.19,0.14,0,0.17
201,"ours0.total",13.96,11.14,4.43,0.92,0.12,30.57,5.47,6.79,26.83
201,"bf.s1",13.63,11.27,4.46,0.88,0.1,30.33,5.43,0,26.61
201,"bf.s2",0,0,0,0,0,0,0,0,0
201,"bf.total",13.63,11.27,4.46,0.88,0.1,30.33,5.43,6.78,26.61
201,"ours1.s1",13.75,11.03,4.53,1.01,0.16,30.48,5.7,0,21.41
201,"ours1.s2",0,0.05,0.15,0.07,0.01,0.29,0.23,0,0.25
201,"ours1.total",13.76,11.08,4.68,1.08,0.17,30.77,5.94,6.86,21.66
201,"ours2.s1",13.72,10.94,4.42,0.95,0.14,30.16,5.5,0,21.72
201,"ours2.s2",0,0.04,0.16,0.07,0.01,0.27,0.23,0,0.24
201,"ours2.total",13.72,10.98,4.57,1.02,0.14,30.43,5.73,6.8,21.96
201,"ours3.s1",13.78,10.99,4.48,0.97,0.15,30.37,5.6,0,21.73
201,"ours3.s2",0,0,0,0,0,0,0,0,0
201,"ours3.total",13.78,10.99,4.48,0.97,0.15,30.37,5.6,6.82,21.73
201,"titeet",16,9.2,3.6,0.9,0.2,29.9,4.7,6.4,20.17
201,"tite12",7.9,6.4,4.5,2.8,1.4,23,8.7,6.1,17.38
201,"bfet",12.41,10.23,4.44,1.21,0.23,28.51,5.88,6.1,16.9
58,"ours0.s1",11.24,10.7,8.85,5.68,2.48,38.95,2.48,0,49.49
58,"ours0.s2",0.17,0.33,0.53,0.44,0.19,1.66,0.19,0,2.78
58,"ours0.total",11.41,11.03,9.38,6.11,2.67,40.61,2.67,6.02,52.27
58,"bf.s1",9.69,11.1,9.78,5.97,2.29,38.83,2.29,0,49.47
58,"bf.s2",0,0,0,0,0,0,0,0,0
58,"bf.total",9.69,11.1,9.78,5.97,2.29,38.83,2.29,6.12,49.47
58,"ours1.s1",9.63,9,7.79,5.35,2.56,34.34,2.56,0,40.28
58,"ours1.s2",1.15,1.44,1.19,0.74,0.2,4.72,0.2,0,6.83
58,"ours1.total",10.78,10.45,8.98,6.09,2.75,39.05,2.75,5.55,47.11
58,"ours2.s1",9.96,9.25,8.01,5.17,2.34,34.73,2.34,0,41.17
58,"ours2.s2",0.98,1.36,1.03,0.72,0.19,4.29,0.19,0,6.21
58,"ours2.total",10.94,10.61,9.04,5.89,2.53,39.01,2.53,5.52,47.38
58,"ours3.s1",9.81,9.33,8.11,5.33,2.5,35.08,2.5,0,41.27
58,"ours3.s2",0,0,0,0,0,0,0,0,0
58,"ours3.total",9.81,9.33,8.11,5.33,2.5,35.08,2.5,5.53,41.27
58,"titeet",11.9,9.1,5.6,2.6,0.8,30,0.8,4.1,37.95
58,"tite12",6.3,6,5,4.1,2.3,23.7,2.3,3.9,30.84
58,"bfet",9.09,9.96,9.16,6.58,3.54,38.33,3.54,6.27,43
79,"ours0.s1",7.56,11.01,10.51,6.93,2.96,38.96,2.96,0,48.8
79,"ours0.s2",0.21,0.42,0.57,0.57,0.16,1.93,0.16,0,3.18
79,"ours0.total",7.78,11.42,11.09,7.49,3.12,40.9,3.12,5.43,51.98
79,"bf.s1",6.14,10.57,11.22,7.33,2.87,38.12,2.87,0,48.71
79,"bf.s2",0,0,0,0,0,0,0,0,0
79,"bf.total",6.14,10.57,11.22,7.33,2.87,38.12,2.87,5.58,48.71
79,"ours1.s1",5.74,8.4,9.23,6.38,2.99,32.75,2.99,0,36.79
79,"ours1.s2",1.84,2.51,1.55,0.88,0.26,7.04,0.26,0,9.51
79,"ours1.total",7.58,10.91,10.78,7.27,3.26,39.78,3.26,4.93,46.3
79,"ours2.s1",5.9,8.66,9.4,6.36,2.99,33.31,2.99,0,37.85
79,"ours2.s2",1.63,2.26,1.52,0.89,0.2,6.5,0.2,0,8.96
79,"ours2.total",7.53,10.92,10.93,7.25,3.19,39.81,3.19,4.99,46.81
79,"ours3.s1",5.86,8.57,9.22,6.47,3.18,33.3,3.18,0,37.66
79,"ours3.s2",0,0,0,0,0,0,0,0,0
79,"ours3.total",5.86,8.57,9.22,6.47,3.18,33.3,3.18,4.95,37.66
79,"titeet",4.5,11.1,8.7,4.3,1.3,29.9,1.3,4,38.76
79,"tite12",4.2,7,6.3,5,2.9,25.4,2.9,3.9,32.93
79,"bfet",5.56,9.11,10.32,7.67,4.37,37.03,4.37,5.91,41
68,"ours0.s1",10.7,10.11,8.46,5.4,2.38,37.06,2.38,0,45.63
68,"ours0.s2",0.35,0.57,0.67,0.56,0.18,2.32,0.18,0,3.78
68,"ours0.total",11.06,10.68,9.13,5.95,2.56,39.38,2.56,5.81,49.41
68,"bf.s1",9.16,10.53,9.3,5.81,2.34,37.13,2.34,0,45.83
68,"bf.s2",0,0,0,0,0,0,0,0,0
68,"bf.total",9.16,10.53,9.3,5.81,2.34,37.13,2.34,5.9,45.83
68,"ours1.s1",7.08,7.59,7.39,5.22,2.6,29.89,2.6,0,33
68,"ours1.s2",3.35,2.53,1.54,0.77,0.17,8.35,0.17,0,10.95
68,"ours1.total",10.43,10.12,8.92,5.99,2.77,38.24,2.77,5.01,43.95
68,"ours2.s1",7.39,7.73,7.37,5.18,2.62,30.28,2.62,0,33.57
68,"ours2.s2",2.99,2.41,1.58,0.81,0.15,7.93,0.15,0,10.48
68,"ours2.total",10.38,10.14,8.95,5.98,2.76,38.21,2.76,5.01,44.05
68,"ours3.s1",7.3,7.83,7.45,5.27,2.59,30.45,2.59,0,33.64
68,"ours3.s2",0,0,0,0,0,0,0,0,0
68,"ours3.total",7.3,7.83,7.45,5.27,2.59,30.45,2.59,5.06,33.64
68,"titeet",12.1,9.4,5.6,2.3,0.6,30,0.6,3.9,36.72
68,"tite12",6.5,6.1,5.1,3.8,2.1,23.6,2.1,3.8,29.5
68,"bfet",8.5,9.78,9.35,6.85,3.99,38.47,3.99,6.6,40.7
251,"ours0.s1",13.51,10.8,4.41,0.94,0.13,29.79,5.48,0,24.67
251,"ours0.s2",0.01,0.04,0.09,0.04,0.01,0.18,0.13,0,0.18
251,"ours0.total",13.51,10.84,4.49,0.98,0.14,29.97,5.61,6.7,24.85
251,"bf.s1",13.28,10.94,4.42,0.88,0.11,29.63,5.41,0,24.61
251,"bf.s2",0,0,0,0,0,0,0,0,0
251,"bf.total",13.28,10.94,4.42,0.88,0.11,29.63,5.41,6.64,24.61
251,"ours1.s1",13.25,10.55,4.45,1.05,0.18,29.48,5.68,0,17.75
251,"ours1.s2",0.04,0.1,0.16,0.07,0.02,0.39,0.26,0,0.39
251,"ours1.total",13.29,10.65,4.62,1.12,0.2,29.88,5.94,6.67,18.14
251,"ours2.s1",13.44,10.72,4.26,0.93,0.14,29.49,5.33,0,18.12
251,"ours2.s2",0.03,0.08,0.14,0.07,0.01,0.33,0.22,0,0.33
251,"ours2.total",13.47,10.8,4.4,1,0.15,29.82,5.55,6.66,18.45
251,"ours3.s1",13.31,10.57,4.41,1.02,0.18,29.49,5.61,0,18.05
251,"ours3.s2",0,0,0,0,0,0,0,0,0
251,"ours3.total",13.31,10.57,4.41,1.02,0.18,29.49,5.61,6.66,18.05
251,"titeet",15.5,9.4,3.6,1,0.2,29.7,4.8,6.4,19.89
251,"tite12",7.9,6.6,4.4,2.8,1.3,23,8.5,6.2,17.43
251,"bfet",11.37,9.68,4.64,1.32,0.31,27.32,6.27,6.04,14.3
88,"ours0.s1",11.17,10.69,8.94,5.66,2.52,38.98,2.52,0,49.73
88,"ours0.s2",0.16,0.32,0.52,0.52,0.15,1.66,0.15,0,2.74
88,"ours0.total",11.32,11.02,9.45,6.18,2.66,40.64,2.66,6.02,52.47
88,"bf.s1",9.7,11.12,9.79,5.96,2.28,38.86,2.28,0,49.55
88,"bf.s2",0,0,0,0,0,0,0,0,0
88,"bf.total",9.7,11.12,9.79,5.96,2.28,38.86,2.28,6.12,49.55
88,"ours1.s1",9.59,9.07,7.91,5.37,2.52,34.45,2.52,0,40.31
88,"ours1.s2",1.2,1.42,1.18,0.78,0.2,4.79,0.2,0,6.88
88,"ours1.total",10.79,10.49,9.09,6.15,2.72,39.25,2.72,5.54,47.2
88,"ours2.s1",9.78,9.32,8.05,5.3,2.33,34.78,2.33,0,41.05
88,"ours2.s2",1.06,1.31,1.09,0.7,0.18,4.34,0.18,0,6.35
88,"ours2.total",10.84,10.64,9.14,6,2.51,39.13,2.51,5.52,47.39
88,"ours3.s1",9.8,9.32,8.1,5.34,2.51,35.07,2.51,0,41.27
88,"ours3.s2",0,0,0,0,0,0,0,0,0
88,"ours3.total",9.8,9.32,8.1,5.34,2.51,35.07,2.51,5.53,41.27
88,"titeet",12.1,9.2,5.6,2.4,0.7,30,0.7,3.9,38.12
88,"tite12",6.5,6,5,3.9,2.2,23.6,2.2,3.9,31.2
88,"bfet",9.09,9.96,9.16,6.58,3.56,38.36,3.56,6.28,43.1
78,"ours0.s1",10.73,10.29,8.86,5.62,2.44,37.93,2.44,0,46.95
78,"ours0.s2",0.27,0.48,0.59,0.51,0.18,2.03,0.18,0,3.29
78,"ours0.total",11,10.77,9.45,6.14,2.61,39.97,2.61,5.92,50.24
78,"bf.s1",9.33,10.76,9.5,5.94,2.36,37.89,2.36,0,47.21
78,"bf.s2",0,0,0,0,0,0,0,0,0
78,"bf.total",9.33,10.76,9.5,5.94,2.36,37.89,2.36,6,47.21
78,"ours1.s1",8.31,8.18,7.62,5.16,2.5,31.76,2.5,0,35.9
78,"ours1.s2",2.27,2.02,1.41,0.75,0.17,6.63,0.17,0,9.05
78,"ours1.total",10.58,10.2,9.03,5.9,2.68,38.39,2.68,5.23,44.96
78,"ours2.s1",8.67,8.35,7.73,5.17,2.32,32.24,2.32,0,36.7
78,"ours2.s2",2.01,1.97,1.23,0.71,0.17,6.09,0.17,0,8.44
78,"ours2.total",10.67,10.33,8.96,5.88,2.49,38.34,2.49,5.24,45.14
78,"ours3.s1",8.55,8.41,7.63,5.31,2.54,32.44,2.54,0,36.79
78,"ours3.s2",0,0,0,0,0,0,0,0,0
78,"ours3.total",8.55,8.41,7.63,5.31,2.54,32.44,2.54,5.25,36.79
78,"titeet",12.3,9.2,5.6,2.2,0.7,30,0.7,3.9,37.24
78,"tite12",6.6,6.1,4.9,3.9,2.1,23.6,2.1,3.8,29.92
78,"bfet",8.8,9.8,9.27,6.76,3.69,38.31,3.69,6.42,41.5
89,"ours0.s1",7.92,11.22,10.71,6.94,3.01,39.8,3.01,0,50.68
89,"ours0.s2",0.14,0.28,0.51,0.54,0.22,1.7,0.22,0,2.85
89,"ours0.total",8.06,11.51,11.22,7.48,3.22,41.5,3.22,5.51,53.52
89,"bf.s1",6.36,10.95,11.55,7.42,2.83,39.1,2.83,0,50.69
89,"bf.s2",0,0,0,0,0,0,0,0,0
89,"bf.total",6.36,10.95,11.55,7.42,2.83,39.1,2.83,5.69,50.69
89,"ours1.s1",6.54,9.53,9.61,6.62,3.14,35.44,3.14,0,41.16
89,"ours1.s2",1.03,1.62,1.39,0.89,0.27,5.2,0.27,0,7.42
89,"ours1.total",7.57,11.15,10.99,7.52,3.41,40.64,3.41,5.18,48.59
89,"ours2.s1",6.78,9.77,9.78,6.59,3.02,35.95,3.02,0,42.18
89,"ours2.s2",0.95,1.4,1.23,0.87,0.24,4.68,0.24,0,6.86
89,"ours2.total",7.73,11.17,11.02,7.46,3.26,40.63,3.26,5.16,49.04
89,"ours3.s1",6.7,9.79,9.76,6.67,3.15,36.06,3.15,0,42.2
89,"ours3.s2",0,0,0,0,0,0,0,0,0
89,"ours3.total",6.7,9.79,9.76,6.67,3.15,36.06,3.15,5.18,42.2
89,"titeet",4.5,10.7,8.7,4.5,1.6,30,1.6,4,39.76
89,"tite12",4.1,6.9,6.3,5.1,2.9,25.3,2.9,3.9,33.98
89,"bfet",5.66,9.38,10.35,7.61,4.24,37.23,4.24,5.79,43.1
38,"ours0.s1",9.76,9.18,8.01,5.35,2.5,34.79,2.5,0,39.73
38,"ours0.s2",0.95,1.05,0.95,0.59,0.17,3.72,0.17,0,5.1
38,"ours0.total",10.71,10.23,8.96,5.94,2.67,38.52,2.67,5.54,44.83
38,"bf.s1",8.17,9.64,8.78,5.76,2.43,34.78,2.43,0,39.8
38,"bf.s2",0,0,0,0,0,0,0,0,0
38,"bf.total",8.17,9.64,8.78,5.76,2.43,34.78,2.43,5.63,39.8
38,"ours1.s1",6.8,7.54,7.28,5.14,2.64,29.41,2.64,0,31.17
38,"ours1.s2",3.58,2.54,1.56,0.75,0.17,8.6,0.17,0,10.31
38,"ours1.total",10.39,10.08,8.84,5.89,2.81,38.01,2.81,5,41.48
38,"ours2.s1",7.12,7.68,7.37,5.14,2.47,29.79,2.47,0,31.77
38,"ours2.s2",3.28,2.53,1.44,0.83,0.18,8.27,0.18,0,9.92
38,"ours2.total",10.4,10.22,8.82,5.97,2.66,38.05,2.66,4.98,41.69
38,"ours3.s1",7.02,7.68,7.41,5.28,2.62,30.02,2.62,0,31.92
38,"ours3.s2",0,0,0,0,0,0,0,0,0
38,"ours3.total",7.02,7.68,7.41,5.28,2.62,30.02,2.62,5.03,31.92
38,"titeet",12,9.5,5.6,2.3,0.6,30,0.6,3.9,33.57
38,"tite12",6.6,6.1,4.9,3.8,2,23.4,2,3.7,26.28
38,"bfet",8.52,9.81,9.38,6.85,3.98,38.55,3.98,6.62,39.8
95,"ours0.s1",7.92,10.16,9.67,4.6,1.26,33.62,5.86,0,20.83
95,"ours0.s2",0.26,0.4,0.77,0.52,0.12,2.06,0.63,0,1.44
95,"ours0.total",8.18,10.56,10.43,5.12,1.38,35.67,6.5,5.75,22.27
95,"bf.s1",6.69,10.35,9.69,4.78,1.16,32.68,5.95,0,20.81
95,"bf.s2",0,0,0,0,0,0,0,0,0
95,"bf.total",6.69,10.35,9.69,4.78,1.16,32.68,5.95,5.82,20.81
95,"ours1.s1",6.7,8.99,9.19,4.68,1.35,30.9,6.03,0,17.38
95,"ours1.s2",1.26,1.43,1.16,0.63,0.11,4.59,0.74,0,2.94
95,"ours1.total",7.96,10.42,10.35,5.31,1.46,35.49,6.77,5.59,20.32
95,"ours2.s1",7.1,9.38,9.15,4.35,1.19,31.16,5.53,0,17.74
95,"ours2.s2",1.04,1.13,1.1,0.64,0.1,4.01,0.74,0,2.61
95,"ours2.total",8.14,10.51,10.25,4.99,1.29,35.17,6.27,5.57,20.35
95,"ours3.s1",7.01,9.19,9.11,4.65,1.28,31.24,5.93,0,17.64
95,"ours3.s2",0,0,0,0,0,0,0,0,0
95,"ours3.total",7.01,9.19,9.11,4.65,1.28,31.24,5.93,5.57,17.64
95,"titeet",5.7,8.5,10.9,3.9,0.9,29.9,4.8,5.5,17.46
95,"tite12",5,5.7,7.6,5.1,2.6,26,7.7,5.5,15.11
95,"bfet",5.74,8.1,9.85,5.86,2.11,31.66,7.97,6.22,17.5
261,"ours0.s1",13.92,11,4.3,0.84,0.1,30.18,5.25,0,26.62
261,"ours0.s2",0,0.05,0.08,0.05,0.01,0.19,0.13,0,0.17
261,"ours0.total",13.93,11.06,4.38,0.89,0.11,30.36,5.38,6.74,26.79
261,"bf.s1",13.63,11.27,4.45,0.88,0.1,30.33,5.43,0,26.68
261,"bf.s2",0,0,0,0,0,0,0,0,0
261,"bf.total",13.63,11.27,4.45,0.88,0.1,30.33,5.43,6.78,26.68
261,"ours1.s1",13.71,10.96,4.52,1.02,0.15,30.36,5.69,0,21.41
261,"ours1.s2",0.01,0.04,0.17,0.07,0.01,0.3,0.25,0,0.27
261,"ours1.total",13.71,11.01,4.68,1.09,0.17,30.66,5.94,6.86,21.67
261,"ours2.s1",13.68,10.96,4.62,1.04,0.17,30.46,5.83,0,21.85
261,"ours2.s2",0.01,0.04,0.12,0.08,0.01,0.25,0.21,0,0.23
261,"ours2.total",13.68,10.99,4.75,1.11,0.18,30.71,6.03,6.86,22.08
261,"ours3.s1",13.76,10.98,4.49,0.97,0.15,30.36,5.61,0,21.76
261,"ours3.s2",0,0,0,0,0,0,0,0,0
261,"ours3.total",13.76,10.98,4.49,0.97,0.15,30.36,5.61,6.82,21.76
261,"titeet",15.8,9.3,3.6,0.9,0.2,29.8,4.7,6.5,20.78
261,"tite12",8,6.5,4.5,2.8,1.3,23.1,8.6,6.1,18.66
261,"bfet",12.35,10.12,4.39,1.2,0.23,28.29,5.82,6.04,16.9
90,"ours0.s1",8.1,10.86,9.74,7.23,4.68,40.62,-1,0,51.36
90,"ours0.s2",0.08,0.29,0.67,0.79,0.4,2.24,-1,0,3.57
90,"ours0.total",8.18,11.15,10.42,8.02,5.08,42.85,-1,5.17,54.93
90,"bf.s1",6.77,10.18,10.42,8.05,4.65,40.06,-1,0,51.35
90,"bf.s2",0,0,0,0,0,0,-1,0,0
90,"bf.total",6.77,10.18,10.42,8.05,4.65,40.06,-1,5.31,51.35
90,"ours1.s1",6.83,9.08,8.32,6.4,4.78,35.41,-1,0,41.4
90,"ours1.s2",0.72,1.56,1.65,1.45,0.48,5.87,-1,0,8.22
90,"ours1.total",7.55,10.65,9.97,7.85,5.25,41.28,-1,4.63,49.62
90,"ours2.s1",7.07,9.48,8.46,6.47,4.66,36.14,-1,0,42.52
90,"ours2.s2",0.53,1.3,1.58,1.37,0.47,5.25,-1,0,7.59
90,"ours2.total",7.6,10.79,10.04,7.84,5.13,41.39,-1,4.73,50.11
90,"ours3.s1",7.04,9.46,8.51,6.45,4.7,36.14,-1,0,42.42
90,"ours3.s2",0,0,0,0,0,0,-1,0,0
90,"ours3.total",7.04,9.46,8.51,6.45,4.7,36.14,-1,4.72,42.42
90,"titeet",5.1,11.2,7.7,4.1,1.8,29.9,-1,3.5,39.64
90,"tite12",4,6.6,5.9,5.2,3.5,25.2,-1,3.4,33.87
90,"bfet",6,9.22,9.34,7.39,6.16,38.11,-1,5.14,43.9
181,"ours0.s1",12.86,9.94,4.22,1.04,0.18,28.23,5.44,0,13.78
181,"ours0.s2",0.07,0.11,0.13,0.07,0.01,0.39,0.21,0,0.23
181,"ours0.total",12.93,10.05,4.35,1.11,0.19,28.62,5.64,6.35,14
181,"bf.s1",12.43,10.32,4.44,1.09,0.2,28.48,5.73,0,13.87
181,"bf.s2",0,0,0,0,0,0,0,0,0
181,"bf.total",12.43,10.32,4.44,1.09,0.2,28.48,5.73,6.46,13.87
181,"ours1.s1",11.97,9.53,4.25,1.15,0.25,27.14,5.65,0,11.57
181,"ours1.s2",0.64,0.45,0.24,0.09,0.01,1.44,0.35,0,0.77
181,"ours1.total",12.61,9.98,4.49,1.24,0.26,28.58,5.99,6.26,12.34
181,"ours2.s1",12.1,9.64,4.18,1.08,0.22,27.22,5.48,0,11.82
181,"ours2.s2",0.55,0.37,0.23,0.07,0.01,1.23,0.31,0,0.68
181,"ours2.total",12.65,10.02,4.4,1.16,0.23,28.45,5.79,6.27,12.5
181,"ours3.s1",12.07,9.59,4.3,1.21,0.26,27.43,5.77,0,11.83
181,"ours3.s2",0,0,0,0,0,0,0,0,0
181,"ours3.total",12.07,9.59,4.3,1.21,0.26,27.43,5.77,6.26,11.83
181,"titeet",15.6,9.3,3.8,0.9,0.2,29.8,4.9,6.5,12.37
181,"tite12",7.9,6.7,4.4,2.7,1.3,23,8.4,5.9,9.86
181,"bfet",10.44,9.74,5.18,1.77,0.49,27.61,7.44,6.49,10.7
231,"ours0.s1",13.95,11.02,4.33,0.87,0.11,30.27,5.31,0,26.58
231,"ours0.s2",0,0.05,0.08,0.05,0.01,0.19,0.13,0,0.18
231,"ours0.total",13.95,11.07,4.41,0.92,0.11,30.46,5.44,6.76,26.76
231,"bf.s1",13.63,11.27,4.46,0.88,0.1,30.33,5.44,0,26.62
231,"bf.s2",0,0,0,0,0,0,0,0,0
231,"bf.total",13.63,11.27,4.46,0.88,0.1,30.33,5.44,6.78,26.62
231,"ours1.s1",13.71,11.03,4.58,1.06,0.16,30.55,5.8,0,21.41
231,"ours1.s2",0,0.04,0.16,0.08,0.01,0.29,0.25,0,0.26
231,"ours1.total",13.72,11.07,4.75,1.14,0.17,30.84,6.05,6.87,21.67
231,"ours2.s1",13.65,10.99,4.55,0.98,0.14,30.31,5.68,0,21.75
231,"ours2.s2",0,0.04,0.17,0.07,0,0.3,0.25,0,0.25
231,"ours2.total",13.65,11.03,4.72,1.06,0.15,30.61,5.93,6.81,22.01
231,"ours3.s1",13.76,10.98,4.49,0.97,0.15,30.35,5.61,0,21.75
231,"ours3.s2",0,0,0,0,0,0,0,0,0
231,"ours3.total",13.76,10.98,4.49,0.97,0.15,30.35,5.61,6.81,21.75
231,"titeet",15.9,9.3,3.5,0.9,0.2,29.8,4.6,6.4,20.33
231,"tite12",7.8,6.6,4.5,2.9,1.4,23.2,8.8,6.2,18.07
231,"bfet",12.4,10.18,4.42,1.2,0.23,28.43,5.85,6.07,16.8
30,"ours0.s1",8.16,10.93,9.75,7.21,4.6,40.65,-1,0,51.31
30,"ours0.s2",0.1,0.28,0.65,0.8,0.41,2.23,-1,0,3.57
30,"ours0.total",8.26,11.2,10.4,8.01,5.02,42.89,-1,5.19,54.88
30,"bf.s1",6.76,10.16,10.39,8.03,4.65,39.99,-1,0,51.23
30,"bf.s2",0,0,0,0,0,0,-1,0,0
30,"bf.total",6.76,10.16,10.39,8.03,4.65,39.99,-1,5.3,51.23
30,"ours1.s1",6.95,9.14,8.27,6.44,4.74,35.54,-1,0,41.42
30,"ours1.s2",0.65,1.51,1.68,1.41,0.46,5.71,-1,0,8.05
30,"ours1.total",7.6,10.65,9.95,7.86,5.2,41.26,-1,4.66,49.48
30,"ours2.s1",7.19,9.38,8.59,6.45,4.52,36.13,-1,0,42.65
30,"ours2.s2",0.51,1.31,1.55,1.34,0.47,5.19,-1,0,7.51
30,"ours2.total",7.71,10.68,10.14,7.8,4.99,41.31,-1,4.73,50.15
30,"ours3.s1",7.05,9.47,8.51,6.46,4.71,36.19,-1,0,42.44
30,"ours3.s2",0,0,0,0,0,0,-1,0,0
30,"ours3.total",7.05,9.47,8.51,6.46,4.71,36.19,-1,4.72,42.44
30,"titeet",4.9,11.2,7.5,4.4,2,30,-1,3.5,39.29
30,"tite12",3.9,6.4,5.9,5.3,3.5,25,-1,3.4,33.1
30,"bfet",5.99,9.25,9.34,7.42,6.15,38.14,-1,5.14,43.7
135,"ours0.s1",8.32,11.02,10.37,4.75,1.09,35.54,5.84,0,28.22
135,"ours0.s2",0.01,0.07,0.39,0.4,0.07,0.95,0.47,0,0.88
135,"ours0.total",8.33,11.09,10.76,5.15,1.16,36.49,6.31,6.12,29.1
135,"bf.s1",7.44,11.27,10.49,4.86,1.1,35.17,5.96,0,28.26
135,"bf.s2",0,0,0,0,0,0,0,0,0
135,"bf.total",7.44,11.27,10.49,4.86,1.1,35.17,5.96,6.13,28.26
135,"ours1.s1",7.97,10.27,9.86,4.65,1.21,33.95,5.86,0,22.68
135,"ours1.s2",0.27,0.5,0.78,0.63,0.13,2.32,0.76,0,2
135,"ours1.total",8.24,10.77,10.63,5.29,1.34,36.27,6.63,5.94,24.68
135,"ours2.s1",7.99,10.36,10.09,4.74,1.18,34.36,5.92,0,23.3
135,"ours2.s2",0.19,0.44,0.73,0.62,0.14,2.12,0.75,0,1.88
135,"ours2.total",8.18,10.8,10.82,5.36,1.32,36.48,6.68,5.94,25.18
135,"ours3.s1",8.04,10.34,9.94,4.73,1.24,34.28,5.97,0,23.23
135,"ours3.s2",0,0,0,0,0,0,0,0,0
135,"ours3.total",8.04,10.34,9.94,4.73,1.24,34.28,5.97,5.94,23.23
135,"titeet",5.6,8.4,10.9,4,1,29.9,5,5.5,22.07
135,"tite12",4.8,5.5,7.4,5.5,2.9,26.1,8.4,5.6,19.74
135,"bfet",5.98,8.28,10.05,5.63,1.84,31.77,7.47,6,20.9
20,"ours0.s1",7.35,9.76,8.65,6.7,4.78,37.24,-1,0,43.14
20,"ours0.s2",0.3,0.8,1.12,1.05,0.4,3.67,-1,0,4.97
20,"ours0.total",7.65,10.57,9.77,7.75,5.18,40.92,-1,4.85,48.11
20,"bf.s1",6.08,8.93,9.39,7.57,4.69,36.66,-1,0,43.13
20,"bf.s2",0,0,0,0,0,0,-1,0,0
20,"bf.total",6.08,8.93,9.39,7.57,4.69,36.66,-1,4.94,43.13
20,"ours1.s1",6.14,8,7.62,6.05,4.67,32.47,-1,0,35.44
20,"ours1.s2",1.26,2.42,2.12,1.48,0.45,7.73,-1,0,9.48
20,"ours1.total",7.4,10.42,9.74,7.52,5.12,40.2,-1,4.4,44.92
20,"ours2.s1",6.3,8.09,7.85,6.2,4.72,33.16,-1,0,36.45
20,"ours2.s2",1.13,2.24,2.04,1.51,0.45,7.37,-1,0,9.09
20,"ours2.total",7.43,10.33,9.89,7.71,5.17,40.53,-1,4.42,45.54
20,"ours3.s1",6.23,8.16,7.8,6.16,4.78,33.12,-1,0,36.3
20,"ours3.s2",0,0,0,0,0,0,-1,0,0
20,"ours3.total",6.23,8.16,7.8,6.16,4.78,33.12,-1,4.39,36.3
20,"titeet",4.9,11.1,7.7,4.3,2,30,-1,3.5,34.83
20,"tite12",3.9,6.5,5.9,5.1,3.5,24.9,-1,3.4,29.1
20,"bfet",5.87,8.74,9.07,7.32,6.31,37.3,-1,5.11,40.2
175,"ours0.s1",8.58,11.39,10.77,4.66,1.01,36.4,5.66,0,35.74
175,"ours0.s2",0,0.02,0.34,0.39,0.1,0.85,0.49,0,0.94
175,"ours0.total",8.58,11.41,11.1,5.05,1.11,37.26,6.16,6.22,36.68
175,"bf.s1",7.6,11.65,10.96,4.94,1.02,36.17,5.96,0,35.88
175,"bf.s2",0,0,0,0,0,0,0,0,0
175,"bf.total",7.6,11.65,10.96,4.94,1.02,36.17,5.96,6.28,35.88
175,"ours1.s1",8.3,10.92,10.59,4.87,1.19,35.86,6.06,0,28.43
175,"ours1.s2",0.05,0.16,0.46,0.53,0.13,1.32,0.65,0,1.45
175,"ours1.total",8.35,11.08,11.05,5.4,1.32,37.18,6.71,6.22,29.88
175,"ours2.s1",8.47,11.02,10.53,4.66,1.09,35.76,5.74,0,29.04
175,"ours2.s2",0.03,0.1,0.51,0.48,0.13,1.25,0.61,0,1.36
175,"ours2.total",8.5,11.12,11.04,5.13,1.22,37.01,6.35,6.17,30.4
175,"ours3.s1",8.39,11.03,10.55,4.87,1.13,35.97,6,0,29.11
175,"ours3.s2",0,0,0,0,0,0,0,0,0
175,"ours3.total",8.39,11.03,10.55,4.87,1.13,35.97,6,6.2,29.11
175,"titeet",5.7,8.4,10.6,4,1,29.7,5,5.5,27.16
175,"tite12",4.8,5.6,7.4,5.4,2.9,26.1,8.3,5.7,24.97
175,"bfet",6.4,8.7,10.16,5.34,1.55,32.14,6.89,5.83,25
211,"ours0.s1",13.11,10.2,4.28,1.01,0.16,28.76,5.45,0,18.21
211,"ours0.s2",0.01,0.06,0.11,0.05,0.01,0.25,0.18,0,0.2
211,"ours0.total",13.11,10.27,4.39,1.06,0.18,29.01,5.63,6.44,18.41
211,"bf.s1",12.8,10.52,4.38,1.03,0.15,28.89,5.56,0,18.29
211,"bf.s2",0,0,0,0,0,0,0,0,0
211,"bf.total",12.8,10.52,4.38,1.03,0.15,28.89,5.56,6.51,18.29
211,"ours1.s1",12.19,9.76,4.29,1.1,0.21,27.57,5.61,0,13.01
211,"ours1.s2",0.58,0.4,0.2,0.08,0.01,1.28,0.3,0,0.97
211,"ours1.total",12.77,10.17,4.5,1.18,0.23,28.84,5.91,6.32,13.98
211,"ours2.s1",12.34,9.73,4.1,1.06,0.23,27.45,5.38,0,13.14
211,"ours2.s2",0.45,0.3,0.23,0.09,0.02,1.08,0.33,0,0.84
211,"ours2.total",12.78,10.04,4.32,1.14,0.24,28.53,5.71,6.27,13.98
211,"ours3.s1",12.27,9.71,4.26,1.14,0.21,27.59,5.61,0,13.16
211,"ours3.s2",0,0,0,0,0,0,0,0,0
211,"ours3.total",12.27,9.71,4.26,1.14,0.21,27.59,5.61,6.3,13.16
211,"titeet",15.6,9.4,3.6,0.9,0.2,29.7,4.7,6.5,15.63
211,"tite12",8.1,6.6,4.4,2.6,1.2,22.9,8.2,6.1,12.97
211,"bfet",10.31,9.63,5.17,1.78,0.49,27.4,7.44,6.43,11.6
145,"ours0.s1",8.57,11.35,10.77,4.72,1.05,36.47,5.77,0,35.68
145,"ours0.s2",0,0.02,0.34,0.4,0.1,0.87,0.51,0,0.96
145,"ours0.total",8.57,11.37,11.11,5.13,1.15,37.34,6.28,6.22,36.64
145,"bf.s1",7.6,11.65,10.96,4.93,1.02,36.17,5.96,0,35.79
145,"bf.s2",0,0,0,0,0,0,0,0,0
145,"bf.total",7.6,11.65,10.96,4.93,1.02,36.17,5.96,6.27,35.79
145,"ours1.s1",8.44,10.98,10.47,4.81,1.14,35.85,5.95,0,28.44
145,"ours1.s2",0.04,0.13,0.49,0.56,0.14,1.36,0.7,0,1.46
145,"ours1.total",8.48,11.12,10.96,5.37,1.28,37.21,6.65,6.22,29.9
145,"ours2.s1",8.39,11.05,10.57,4.69,1.17,35.86,5.85,0,29.08
145,"ours2.s2",0.02,0.1,0.49,0.52,0.12,1.25,0.64,0,1.36
145,"ours2.total",8.41,11.15,11.06,5.21,1.28,37.11,6.49,6.18,30.44
145,"ours3.s1",8.38,11.02,10.58,4.86,1.14,35.99,6.01,0,29.13
145,"ours3.s2",0,0,0,0,0,0,0,0,0
145,"ours3.total",8.38,11.02,10.58,4.86,1.14,35.99,6.01,6.21,29.13
145,"titeet",5.7,8.4,10.8,4,1,29.9,5,5.5,26.64
145,"tite12",4.7,5.5,7.4,5.5,2.9,26,8.4,5.5,24.16
145,"bfet",6.35,8.73,10.18,5.32,1.55,32.12,6.87,5.81,24.9
105,"ours0.s1",8.38,11.1,10.37,4.7,1.09,35.65,5.8,0,28.12
105,"ours0.s2",0.01,0.06,0.43,0.41,0.09,1,0.5,0,0.93
105,"ours0.total",8.39,11.16,10.8,5.12,1.18,36.65,6.3,6.12,29.06
105,"bf.s1",7.44,11.26,10.48,4.86,1.1,35.15,5.96,0,28.18
105,"bf.s2",0,0,0,0,0,0,0,0,0
105,"bf.total",7.44,11.26,10.48,4.86,1.1,35.15,5.96,6.13,28.18
105,"ours1.s1",8.04,10.22,9.84,4.62,1.27,34,5.89,0,22.65
105,"ours1.s2",0.26,0.49,0.8,0.66,0.15,2.36,0.82,0,2.04
105,"ours1.total",8.3,10.71,10.64,5.29,1.43,36.36,6.71,5.88,24.69
105,"ours2.s1",8.11,10.29,9.94,4.68,1.17,34.18,5.85,0,23.2
105,"ours2.s2",0.2,0.42,0.71,0.63,0.14,2.1,0.77,0,1.83
105,"ours2.total",8.31,10.7,10.65,5.3,1.32,36.28,6.62,5.92,25.02
105,"ours3.s1",8.03,10.34,9.93,4.74,1.24,34.28,5.98,0,23.22
105,"ours3.s2",0,0,0,0,0,0,0,0,0
105,"ours3.total",8.03,10.34,9.93,4.74,1.24,34.28,5.98,5.94,23.22
105,"titeet",5.5,8.3,10.8,4.1,1.1,29.8,5.2,5.5,21.75
105,"tite12",4.8,5.6,7.5,5.4,2.7,26,8.1,5.6,19.11
105,"bfet",5.93,8.32,10.04,5.59,1.82,31.7,7.41,5.98,20.8
112,"ours0.s1",9.95,13.11,9.61,3.73,0.8,37.21,4.54,0,35.19
112,"ours0.s2",0,0.02,0.29,0.25,0.07,0.63,0.31,0,0.68
112,"ours0.total",9.95,13.13,9.9,3.98,0.87,37.84,4.85,6.44,35.87
112,"bf.s1",9.07,13.24,9.83,3.85,0.78,36.76,4.63,0,35.21
112,"bf.s2",0,0,0,0,0,0,0,0,0
112,"bf.total",9.07,13.24,9.83,3.85,0.78,36.76,4.63,6.51,35.21
112,"ours1.s1",9.71,12.74,9.38,3.77,0.91,36.51,4.68,0,28.21
112,"ours1.s2",0.08,0.12,0.43,0.34,0.09,1.05,0.42,0,1.2
112,"ours1.total",9.79,12.86,9.81,4.1,1,37.56,5.1,6.41,29.41
112,"ours2.s1",9.76,12.84,9.46,3.75,0.88,36.68,4.63,0,28.72
112,"ours2.s2",0.06,0.09,0.42,0.37,0.07,1,0.44,0,1.11
112,"ours2.total",9.81,12.93,9.87,4.12,0.95,37.68,5.07,6.38,29.83
112,"ours3.s1",9.64,12.81,9.39,3.82,0.89,36.55,4.72,0,28.76
112,"ours3.s2",0,0,0,0,0,0,0,0,0
112,"ours3.total",9.64,12.81,9.39,3.82,0.89,36.55,4.72,6.41,28.76
112,"titeet",6.6,12.5,7.4,2.8,0.7,30,3.5,5.3,25.79
112,"tite12",4.8,7.3,6.1,4.4,2.4,25,6.8,5.3,22.77
112,"bfet",7.33,11.29,9.02,4.1,1.22,32.95,5.32,5.96,24
115,"ours0.s1",8.58,11.35,10.81,4.7,1.03,36.46,5.73,0,35.71
115,"ours0.s2",0,0.02,0.32,0.41,0.1,0.85,0.51,0,0.92
115,"ours0.total",8.58,11.37,11.12,5.11,1.13,37.3,6.23,6.24,36.62
115,"bf.s1",7.6,11.65,10.97,4.93,1.02,36.17,5.96,0,35.79
115,"bf.s2",0,0,0,0,0,0,0,0,0
115,"bf.total",7.6,11.65,10.97,4.93,1.02,36.17,5.96,6.27,35.79
115,"ours1.s1",8.33,11.01,10.6,4.87,1.2,36.02,6.07,0,28.48
115,"ours1.s2",0.03,0.13,0.5,0.57,0.16,1.38,0.72,0,1.48
115,"ours1.total",8.36,11.15,11.1,5.44,1.36,37.4,6.8,6.21,29.95
115,"ours2.s1",8.45,11.08,10.59,4.74,1.18,36.03,5.92,0,29.09
115,"ours2.s2",0.03,0.08,0.46,0.48,0.12,1.16,0.6,0,1.28
115,"ours2.total",8.48,11.16,11.05,5.22,1.3,37.2,6.52,6.21,30.37
115,"ours3.s1",8.38,11.04,10.57,4.88,1.16,36.04,6.04,0,29.12
115,"ours3.s2",0,0,0,0,0,0,0,0,0
115,"ours3.total",8.38,11.04,10.57,4.88,1.16,36.04,6.04,6.2,29.12
115,"titeet",5.6,8.5,10.8,3.9,1,29.8,4.9,5.5,26.5
115,"tite12",4.7,5.5,7.5,5.5,2.8,26,8.3,5.6,23.86
115,"bfet",6.32,8.76,10.17,5.31,1.55,32.1,6.86,5.82,24.9
241,"ours0.s1",13.17,10.44,4.25,0.95,0.13,28.94,5.33,0,23.12
241,"ours0.s2",0.01,0.05,0.12,0.06,0,0.24,0.19,0,0.23
241,"ours0.total",13.17,10.49,4.37,1.01,0.13,29.18,5.52,6.51,23.35
241,"bf.s1",12.87,10.6,4.35,0.9,0.12,28.84,5.37,0,23.08
241,"bf.s2",0,0,0,0,0,0,0,0,0
241,"bf.total",12.87,10.6,4.35,0.9,0.12,28.84,5.37,6.48,23.08
241,"ours1.s1",12.35,9.87,4.29,1.07,0.22,27.8,5.58,0,14.62
241,"ours1.s2",0.4,0.3,0.21,0.1,0.02,1.03,0.32,0,1.03
241,"ours1.total",12.75,10.17,4.5,1.16,0.23,28.83,5.9,6.34,15.65
241,"ours2.s1",12.42,9.86,4.24,1.08,0.22,27.83,5.54,0,14.79
241,"ours2.s2",0.36,0.27,0.2,0.1,0.02,0.95,0.32,0,0.97
241,"ours2.total",12.78,10.13,4.44,1.19,0.24,28.78,5.86,6.33,15.76
241,"ours3.s1",12.45,9.92,4.25,1.11,0.21,27.93,5.56,0,14.82
241,"ours3.s2",0,0,0,0,0,0,0,0,0
241,"ours3.total",12.45,9.92,4.25,1.11,0.21,27.93,5.56,6.35,14.82
241,"titeet",15.6,9.3,3.6,1,0.2,29.7,4.8,6.4,19.46
241,"tite12",8,6.7,4.5,2.7,1.2,23.1,8.4,6,16.74
241,"bfet",10.16,9.52,5.2,1.83,0.5,27.21,7.53,6.42,12.6
172,"ours0.s1",9.96,13.15,9.54,3.61,0.83,37.09,4.44,0,35.2
172,"ours0.s2",0,0.02,0.27,0.26,0.07,0.63,0.33,0,0.69
172,"ours0.total",9.96,13.17,9.82,3.88,0.9,37.72,4.77,6.41,35.89
172,"bf.s1",9.07,13.23,9.83,3.84,0.77,36.74,4.62,0,35.29
172,"bf.s2",0,0,0,0,0,0,0,0,0
172,"bf.total",9.07,13.23,9.83,3.84,0.77,36.74,4.62,6.51,35.29
172,"ours1.s1",9.66,12.66,9.29,3.85,0.95,36.41,4.81,0,28.17
172,"ours1.s2",0.08,0.14,0.41,0.36,0.12,1.13,0.49,0,1.23
172,"ours1.total",9.74,12.8,9.7,4.22,1.07,37.54,5.29,6.41,29.41
172,"ours2.s1",9.7,12.72,9.37,3.73,0.87,36.39,4.6,0,28.66
172,"ours2.s2",0.07,0.11,0.41,0.35,0.07,1,0.42,0,1.13
172,"ours2.total",9.77,12.83,9.77,4.08,0.94,37.39,5.02,6.36,29.79
172,"ours3.s1",9.64,12.75,9.39,3.82,0.89,36.49,4.71,0,28.75
172,"ours3.s2",0,0,0,0,0,0,0,0,0
172,"ours3.total",9.64,12.75,9.39,3.82,0.89,36.49,4.71,6.4,28.75
172,"titeet",6.6,12.3,7.4,2.9,0.7,29.9,3.6,5.3,26.54
172,"tite12",4.9,7.3,6.1,4.4,2.3,25,6.7,5.5,23.81
172,"bfet",7.33,11.22,8.99,4.11,1.22,32.88,5.33,5.95,24.1
125,"ours0.s1",8.39,10.77,9.93,4.58,1.07,34.73,5.65,0,26.64
125,"ours0.s2",0.03,0.11,0.53,0.47,0.08,1.23,0.56,0,1.12
125,"ours0.total",8.42,10.87,10.46,5.05,1.15,35.96,6.2,5.95,27.76
125,"bf.s1",7.32,10.98,10.09,4.79,1.09,34.27,5.87,0,26.72
125,"bf.s2",0,0,0,0,0,0,0,0,0
125,"bf.total",7.32,10.98,10.09,4.79,1.09,34.27,5.87,6,26.72
125,"ours1.s1",7.15,9.31,9.13,4.41,1.2,31.2,5.61,0,19.04
125,"ours1.s2",1.12,1.27,1.15,0.72,0.11,4.37,0.83,0,3.44
125,"ours1.total",8.27,10.58,10.28,5.13,1.31,35.57,6.44,5.53,22.48
125,"ours2.s1",7.22,9.39,9.16,4.43,1.16,31.36,5.59,0,19.39
125,"ours2.s2",0.92,1.09,1.12,0.66,0.12,3.92,0.79,0,3.18
125,"ours2.total",8.15,10.48,10.27,5.1,1.28,35.28,6.38,5.53,22.56
125,"ours3.s1",7.25,9.34,9.19,4.6,1.24,31.62,5.84,0,19.42
125,"ours3.s2",0,0,0,0,0,0,0,0,0
125,"ours3.total",7.25,9.34,9.19,4.6,1.24,31.62,5.84,5.58,19.42
125,"titeet",5.8,8.6,10.8,3.8,0.9,29.9,4.7,5.5,21.56
125,"tite12",4.9,5.6,7.6,5.3,2.7,26.1,8,5.7,18.97
125,"bfet",5.76,8.09,9.83,5.9,2.13,31.7,8.03,6.26,18.5
155,"ours0.s1",8.29,10.99,10.1,4.71,1.08,35.17,5.78,0,32.97
155,"ours0.s2",0.01,0.04,0.46,0.44,0.1,1.05,0.54,0,1.14
155,"ours0.total",8.3,11.04,10.56,5.14,1.18,36.22,6.32,6.02,34.11
155,"bf.s1",7.52,11.23,10.27,4.8,1.05,34.87,5.85,0,33.09
155,"bf.s2",0,0,0,0,0,0,0,0,0
155,"bf.total",7.52,11.23,10.27,4.8,1.05,34.87,5.85,6.08,33.09
155,"ours1.s1",7.41,9.54,9.3,4.47,1.24,31.96,5.71,0,21.47
155,"ours1.s2",0.76,1.05,1.12,0.67,0.14,3.74,0.81,0,3.68
155,"ours1.total",8.18,10.59,10.42,5.13,1.38,35.71,6.52,5.61,25.15
155,"ours2.s1",7.52,9.6,9.36,4.49,1.17,32.14,5.66,0,21.88
155,"ours2.s2",0.68,0.93,1.03,0.62,0.13,3.38,0.75,0,3.38
155,"ours2.total",8.2,10.53,10.39,5.1,1.3,35.52,6.41,5.67,25.27
155,"ours3.s1",7.5,9.59,9.38,4.59,1.14,32.2,5.73,0,21.84
155,"ours3.s2",0,0,0,0,0,0,0,0,0
155,"ours3.total",7.5,9.59,9.38,4.59,1.14,32.2,5.73,5.6,21.84
155,"titeet",5.6,8.5,10.8,4,0.9,29.8,4.9,5.4,26.18
155,"tite12",4.9,5.7,7.6,5.3,2.7,26.2,8,5.6,23.51
155,"bfet",5.76,8.05,9.79,5.9,2.17,31.67,8.07,6.25,19.5
132,"ours0.s1",9.84,12.69,9.1,3.63,0.86,36.12,4.49,0,27.81
132,"ours0.s2",0.02,0.08,0.34,0.27,0.07,0.78,0.34,0,0.75
132,"ours0.total",9.87,12.76,9.44,3.9,0.93,36.9,4.83,6.32,28.56
132,"bf.s1",8.84,12.74,9.43,3.79,0.88,35.68,4.67,0,27.86
132,"bf.s2",0,0,0,0,0,0,0,0,0
132,"bf.total",8.84,12.74,9.43,3.79,0.88,35.68,4.67,6.34,27.86
132,"ours1.s1",8.99,11.72,8.75,3.73,0.98,34.17,4.71,0,22.39
132,"ours1.s2",0.41,0.59,0.66,0.43,0.09,2.17,0.52,0,1.9
132,"ours1.total",9.4,12.31,9.42,4.16,1.07,36.34,5.23,6.08,24.29
132,"ours2.s1",9.15,11.89,8.7,3.63,0.98,34.36,4.61,0,22.97
132,"ours2.s2",0.32,0.46,0.68,0.41,0.07,1.94,0.48,0,1.71
132,"ours2.total",9.47,12.35,9.38,4.04,1.05,36.29,5.09,6.04,24.68
132,"ours3.s1",9.09,11.87,8.73,3.69,1.06,34.45,4.75,0,22.96
132,"ours3.s2",0,0,0,0,0,0,0,0,0
132,"ours3.total",9.09,11.87,8.73,3.69,1.06,34.45,4.75,6.08,22.96
132,"titeet",6.5,12.7,7.4,2.7,0.7,30,3.4,5.2,21.59
132,"tite12",4.9,7.3,6.1,4.4,2.3,25,6.7,5.3,18.74
132,"bfet",6.75,10.71,9.08,4.47,1.45,32.48,5.92,6.16,20.5
92,"ours0.s1",8.91,11.5,8.47,3.68,1.02,33.59,4.71,0,20.53
92,"ours0.s2",0.42,0.55,0.55,0.27,0.07,1.86,0.34,0,1.34
92,"ours0.total",9.33,12.05,9.02,3.96,1.09,35.45,5.05,5.95,21.87
92,"bf.s1",7.86,11.57,8.83,3.8,0.96,33.03,4.76,0,20.56
92,"bf.s2",0,0,0,0,0,0,0,0,0
92,"bf.total",7.86,11.57,8.83,3.8,0.96,33.03,4.76,6.02,20.56
92,"ours1.s1",7.54,10.16,8.15,3.69,1.07,30.6,4.76,0,17.08
92,"ours1.s2",1.68,1.68,0.95,0.43,0.09,4.82,0.51,0,3.06
92,"ours1.total",9.21,11.84,9.1,4.12,1.16,35.42,5.27,5.63,20.14
92,"ours2.s1",7.7,10.38,8.18,3.66,1.08,30.99,4.74,0,17.58
92,"ours2.s2",1.4,1.47,0.94,0.43,0.09,4.33,0.52,0,2.79
92,"ours2.total",9.1,11.85,9.12,4.09,1.18,35.33,5.26,5.67,20.37
92,"ours3.s1",7.71,10.37,8.23,3.74,1.1,31.15,4.83,0,17.52
92,"ours3.s2",0,0,0,0,0,0,0,0,0
92,"ours3.total",7.71,10.37,8.23,3.74,1.1,31.15,4.83,5.69,17.52
92,"titeet",6.5,12.6,7.5,2.7,0.6,29.9,3.3,5.4,17.27
92,"tite12",5.1,7.5,6.2,4.1,2,24.9,6.1,5.2,14.48
92,"bfet",6.55,10.14,9.14,4.95,1.86,32.64,6.81,6.48,17.8
142,"ours0.s1",9.96,13.04,9.55,3.7,0.8,37.05,4.5,0,35.15
142,"ours0.s2",0,0.03,0.26,0.26,0.08,0.63,0.35,0,0.67
142,"ours0.total",9.96,13.07,9.81,3.96,0.88,37.68,4.84,6.41,35.82
142,"bf.s1",9.07,13.23,9.83,3.85,0.78,36.77,4.63,0,35.23
142,"bf.s2",0,0,0,0,0,0,0,0,0
142,"bf.total",9.07,13.23,9.83,3.85,0.78,36.77,4.63,6.51,35.23
142,"ours1.s1",9.64,12.71,9.45,3.78,0.88,36.46,4.66,0,28.14
142,"ours1.s2",0.08,0.15,0.43,0.31,0.07,1.04,0.38,0,1.16
142,"ours1.total",9.71,12.86,9.88,4.09,0.95,37.5,5.04,6.46,29.3
142,"ours2.s1",9.71,12.81,9.44,3.7,0.9,36.56,4.6,0,28.75
142,"ours2.s2",0.05,0.11,0.41,0.31,0.06,0.95,0.38,0,1.06
142,"ours2.total",9.77,12.92,9.85,4.02,0.96,37.5,4.98,6.41,29.81
142,"ours3.s1",9.64,12.76,9.39,3.84,0.89,36.51,4.73,0,28.75
142,"ours3.s2",0,0,0,0,0,0,0,0,0
142,"ours3.total",9.64,12.76,9.39,3.84,0.89,36.51,4.73,6.41,28.75
142,"titeet",6.6,12.6,7.3,2.7,0.7,29.9,3.4,5.3,25.93
142,"tite12",4.9,7.3,6.3,4.5,2.4,25.4,6.9,5.4,23.26
142,"bfet",7.33,11.26,9.02,4.1,1.22,32.92,5.32,5.94,24
162,"ours0.s1",9.9,12.81,9.17,3.57,0.8,36.25,4.37,0,33.31
162,"ours0.s2",0,0.03,0.31,0.25,0.07,0.67,0.32,0,0.76
162,"ours0.total",9.9,12.85,9.48,3.82,0.87,36.92,4.69,6.34,34.07
162,"bf.s1",8.97,12.91,9.55,3.8,0.8,36.03,4.6,0,33.47
162,"bf.s2",0,0,0,0,0,0,0,0,0
162,"bf.total",8.97,12.91,9.55,3.8,0.8,36.03,4.6,6.41,33.47
162,"ours1.s1",9.12,11.82,8.85,3.73,1,34.52,4.73,0,24.08
162,"ours1.s2",0.39,0.55,0.61,0.38,0.12,2.05,0.5,0,2.24
162,"ours1.total",9.52,12.37,9.46,4.11,1.12,36.58,5.23,6.11,26.32
162,"ours2.s1",9.44,12.02,8.57,3.52,0.88,34.43,4.4,0,24.53
162,"ours2.s2",0.31,0.42,0.59,0.41,0.1,1.84,0.52,0,1.97
162,"ours2.total",9.75,12.44,9.16,3.93,0.99,36.27,4.92,6.05,26.5
162,"ours3.s1",9.16,11.98,8.79,3.67,0.98,34.59,4.65,0,24.5
162,"ours3.s2",0,0,0,0,0,0,0,0,0
162,"ours3.total",9.16,11.98,8.79,3.67,0.98,34.59,4.65,6.09,24.5
162,"titeet",6.5,12.6,7.4,2.6,0.7,29.8,3.3,5.3,25.52
162,"tite12",5,7.3,6.2,4.4,2.3,25.2,6.7,5.3,22.67
162,"bfet",6.76,10.66,9.06,4.43,1.46,32.37,5.89,6.14,21.5
165,"ours0.s1",8.48,11.27,10.48,4.68,1.02,35.92,5.7,0,34.13
165,"ours0.s2",0,0.03,0.37,0.44,0.11,0.96,0.55,0,1.04
165,"ours0.total",8.48,11.3,10.84,5.12,1.12,36.88,6.25,6.15,35.18
165,"bf.s1",7.56,11.41,10.58,4.92,1.06,35.53,5.98,0,34.2
165,"bf.s2",0,0,0,0,0,0,0,0,0
165,"bf.total",7.56,11.41,10.58,4.92,1.06,35.53,5.98,6.2,34.2
165,"ours1.s1",8.08,10.25,9.91,4.75,1.17,34.16,5.92,0,24.47
165,"ours1.s2",0.23,0.47,0.75,0.61,0.13,2.2,0.74,0,2.34
165,"ours1.total",8.32,10.72,10.66,5.36,1.3,36.36,6.67,5.96,26.81
165,"ours2.s1",8.15,10.44,9.99,4.67,1.16,34.42,5.84,0,25.07
165,"ours2.s2",0.18,0.37,0.7,0.6,0.13,1.99,0.73,0,2.11
165,"ours2.total",8.33,10.81,10.7,5.27,1.29,36.4,6.56,5.93,27.19
165,"ours3.s1",8.14,10.43,10.02,4.7,1.2,34.48,5.9,0,25.02
165,"ours3.s2",0,0,0,0,0,0,0,0,0
165,"ours3.total",8.14,10.43,10.02,4.7,1.2,34.48,5.9,5.97,25.02
165,"titeet",5.6,8.5,10.8,3.9,1,29.8,4.9,5.5,26.52
165,"tite12",4.8,5.6,7.5,5.3,2.8,26,8.1,5.6,23.96
165,"bfet",6.01,8.26,10.03,5.63,1.84,31.77,7.47,6.01,21.9
102,"ours0.s1",9.74,12.63,9.19,3.72,0.84,36.11,4.56,0,27.74
102,"ours0.s2",0.02,0.08,0.36,0.26,0.06,0.77,0.32,0,0.72
102,"ours0.total",9.75,12.7,9.54,3.98,0.9,36.88,4.87,6.29,28.46
102,"bf.s1",8.83,12.73,9.43,3.8,0.88,35.67,4.68,0,27.8
102,"bf.s2",0,0,0,0,0,0,0,0,0
102,"bf.total",8.83,12.73,9.43,3.8,0.88,35.67,4.68,6.33,27.8
102,"ours1.s1",8.99,11.68,8.7,3.78,1.05,34.19,4.83,0,22.4
102,"ours1.s2",0.44,0.56,0.65,0.42,0.1,2.17,0.52,0,1.91
102,"ours1.total",9.43,12.24,9.35,4.19,1.15,36.36,5.34,6.07,24.32
102,"ours2.s1",9.24,11.91,8.71,3.7,1,34.55,4.7,0,23.05
102,"ours2.s2",0.3,0.48,0.64,0.42,0.07,1.91,0.49,0,1.71
102,"ours2.total",9.54,12.39,9.34,4.12,1.07,36.46,5.19,6.09,24.76
102,"ours3.s1",9.09,11.87,8.75,3.72,1.06,34.5,4.79,0,22.98
102,"ours3.s2",0,0,0,0,0,0,0,0,0
102,"ours3.total",9.09,11.87,8.75,3.72,1.06,34.5,4.79,6.09,22.98
102,"titeet",6.4,12.5,7.4,2.8,0.7,29.8,3.5,5.4,21.38
102,"tite12",4.9,7.4,6,4.4,2.3,25,6.7,5.3,18.2
102,"bfet",6.75,10.75,9.1,4.47,1.45,32.52,5.92,6.15,20.5
94,"ours0.s1",5.35,6.38,7.25,9.73,8.47,37.18,-1,0,21.95
94,"ours0.s2",0.14,0.37,0.77,1.29,0.8,3.38,-1,0,2.34
94,"ours0.total",5.49,6.75,8.02,11.02,9.28,40.56,-1,3.73,24.29
94,"bf.s1",3.78,5.22,7.53,10.38,8.5,35.41,-1,0,21.96
94,"bf.s2",0,0,0,0,0,0,-1,0,0
94,"bf.total",3.78,5.22,7.53,10.38,8.5,35.41,-1,3.83,21.96
94,"ours1.s1",4.6,5.17,5.87,8.44,8.6,32.67,-1,0,17.84
94,"ours1.s2",0.87,1.8,2.34,2.53,0.74,8.28,-1,0,5.05
94,"ours1.total",5.48,6.97,8.2,10.96,9.34,40.95,-1,3.53,22.89
94,"ours2.s1",4.78,5.44,6.12,8.51,8.49,33.34,-1,0,18.35
94,"ours2.s2",0.68,1.43,2.14,2.45,0.84,7.54,-1,0,4.69
94,"ours2.total",5.46,6.87,8.26,10.96,9.33,40.88,-1,3.54,23.04
94,"ours3.s1",4.72,5.44,6.2,8.53,8.47,33.36,-1,0,18.34
94,"ours3.s2",0,0,0,0,0,0,-1,0,0
94,"ours3.total",4.72,5.44,6.2,8.53,8.47,33.36,-1,3.56,18.34
94,"titeet",3.5,4.3,5.4,9.9,6.9,30,-1,3.1,18.19
94,"tite12",3.5,4,5,8.5,6,27,-1,2.7,16.02
94,"bfet",3.82,4.96,6.24,8.29,9.78,33.1,-1,3.76,18.8
136,"ours0.s1",6.14,8.11,10.09,9.75,4.3,38.4,4.3,0,29.75
136,"ours0.s2",0.01,0.03,0.24,0.87,0.57,1.72,0.57,0,1.49
136,"ours0.total",6.15,8.14,10.33,10.63,4.88,40.11,4.88,5.23,31.24
136,"bf.s1",4.87,7.76,10.6,10,4.23,37.45,4.23,0,29.74
136,"bf.s2",0,0,0,0,0,0,0,0,0
136,"bf.total",4.87,7.76,10.6,10,4.23,37.45,4.23,5.29,29.74
136,"ours1.s1",5.87,7.58,9.14,9.1,4.45,36.14,4.45,0,23.92
136,"ours1.s2",0.17,0.51,0.88,1.28,0.6,3.44,0.6,0,2.88
136,"ours1.total",6.04,8.08,10.02,10.38,5.05,39.58,5.05,5.06,26.8
136,"ours2.s1",5.96,7.56,9.32,9.29,4.53,36.65,4.53,0,24.54
136,"ours2.s2",0.15,0.39,0.8,1.3,0.63,3.26,0.63,0,2.76
136,"ours2.total",6.1,7.95,10.11,10.59,5.16,39.91,5.16,5.08,27.3
136,"ours3.s1",5.89,7.56,9.35,9.25,4.38,36.42,4.38,0,24.37
136,"ours3.s2",0,0,0,0,0,0,0,0,0
136,"ours3.total",5.89,7.56,9.35,9.25,4.38,36.42,4.38,5.05,24.37
136,"titeet",4,5.2,7.3,9.8,3.7,30,3.7,4.5,23.33
136,"tite12",4,4.6,5.4,8.1,5,27.1,5,4.5,21.1
136,"bfet",4.34,6.02,8.1,9.6,5.58,33.63,5.58,5.14,23
122,"ours0.s1",9.59,12.35,8.89,3.55,0.84,35.22,4.39,0,26.05
122,"ours0.s2",0.07,0.15,0.4,0.27,0.06,0.94,0.32,0,0.91
122,"ours0.total",9.65,12.49,9.3,3.82,0.9,36.16,4.72,6.13,26.96
122,"bf.s1",8.61,12.3,9.14,3.79,0.89,34.73,4.68,0,26.16
122,"bf.s2",0,0,0,0,0,0,0,0,0
122,"bf.total",8.61,12.3,9.14,3.79,0.89,34.73,4.68,6.2,26.16
122,"ours1.s1",7.77,10.39,8.1,3.66,1.03,30.94,4.69,0,18.69
122,"ours1.s2",1.47,1.47,0.93,0.42,0.09,4.39,0.51,0,3.45
122,"ours1.total",9.24,11.86,9.03,4.08,1.13,35.33,5.2,5.7,22.13
122,"ours2.s1",8,10.66,8.11,3.52,0.98,31.28,4.51,0,19.1
122,"ours2.s2",1.29,1.31,0.85,0.45,0.06,3.97,0.51,0,3.22
122,"ours2.total",9.3,11.97,8.96,3.97,1.05,35.25,5.02,5.68,22.31
122,"ours3.s1",7.93,10.6,8.21,3.59,1.01,31.34,4.61,0,19.04
122,"ours3.s2",0,0,0,0,0,0,0,0,0
122,"ours3.total",7.93,10.6,8.21,3.59,1.01,31.34,4.61,5.67,19.04
122,"titeet",6.5,12.8,7.6,2.5,0.6,30,3.1,5.2,20.99
122,"tite12",5.1,7.4,6.2,4.3,2.1,25.1,6.4,5.2,17.99
122,"bfet",6.58,10.1,9.12,4.96,1.9,32.66,6.86,6.47,18.7
152,"ours0.s1",9.69,12.53,9.05,3.62,0.76,35.65,4.38,0,32.1
152,"ours0.s2",0.01,0.04,0.34,0.24,0.05,0.68,0.29,0,0.78
152,"ours0.total",9.7,12.56,9.4,3.86,0.8,36.33,4.67,6.22,32.88
152,"bf.s1",8.88,12.59,9.27,3.74,0.84,35.33,4.58,0,32.31
152,"bf.s2",0,0,0,0,0,0,0,0,0
152,"bf.total",8.88,12.59,9.27,3.74,0.84,35.33,4.58,6.25,32.31
152,"ours1.s1",8.06,10.69,8.29,3.62,0.99,31.65,4.61,0,20.98
152,"ours1.s2",1.23,1.3,0.87,0.41,0.1,3.91,0.51,0,3.74
152,"ours1.total",9.3,11.99,9.16,4.03,1.09,35.56,5.12,5.7,24.73
152,"ours2.s1",8.25,10.87,8.35,3.52,0.93,31.93,4.45,0,21.26
152,"ours2.s2",1.05,1.12,0.8,0.42,0.09,3.5,0.52,0,3.49
152,"ours2.total",9.31,12,9.15,3.95,1.02,35.43,4.97,5.71,24.75
152,"ours3.s1",8.19,10.91,8.3,3.59,1,31.98,4.58,0,21.2
152,"ours3.s2",0,0,0,0,0,0,0,0,0
152,"ours3.total",8.19,10.91,8.3,3.59,1,31.98,4.58,5.7,21.2
152,"titeet",6.6,12.7,7.5,2.6,0.6,30,3.2,5.2,25.16
152,"tite12",5,7.4,6.2,4.4,2.2,25.2,6.6,5.3,22.31
152,"bfet",6.54,10.01,9.07,4.95,1.91,32.49,6.86,6.46,19.7
176,"ours0.s1",6.18,8.28,10.58,10.17,4.23,39.46,4.23,0,38.03
176,"ours0.s2",0,0,0.15,0.81,0.52,1.48,0.52,0,1.58
176,"ours0.total",6.18,8.29,10.74,10.98,4.75,40.94,4.75,5.38,39.62
176,"bf.s1",5.08,8.06,11.01,10.36,4.15,38.67,4.15,0,37.9
176,"bf.s2",0,0,0,0,0,0,0,0,0
176,"bf.total",5.08,8.06,11.01,10.36,4.15,38.67,4.15,5.41,37.9
176,"ours1.s1",6.1,8.15,10.15,9.72,4.45,38.58,4.45,0,30.4
176,"ours1.s2",0.02,0.1,0.4,1.1,0.7,2.33,0.7,0,2.44
176,"ours1.total",6.13,8.26,10.56,10.82,5.15,40.91,5.15,5.31,32.84
176,"ours2.s1",6.14,8.18,10.2,9.8,4.33,38.64,4.33,0,30.96
176,"ours2.s2",0.01,0.08,0.31,1,0.62,2.03,0.62,0,2.15
176,"ours2.total",6.15,8.25,10.51,10.81,4.95,40.67,4.95,5.33,33.12
176,"ours3.s1",6.12,8.06,10.18,9.84,4.41,38.61,4.41,0,30.91
176,"ours3.s2",0,0,0,0,0,0,0,0,0
176,"ours3.total",6.12,8.06,10.18,9.84,4.41,38.61,4.41,5.28,30.91
176,"titeet",4.1,5.4,7.4,9.5,3.5,29.9,3.5,4.4,29.03
176,"tite12",4,4.7,5.5,8,5,27.2,5,4.6,26.72
176,"bfet",4.54,6.43,8.4,9.9,5.21,34.48,5.21,5.12,28
96,"ours0.s1",5.86,7.42,8.92,9.06,4.43,35.7,4.43,0,21.85
96,"ours0.s2",0.17,0.41,0.72,1.17,0.56,3.03,0.56,0,2.08
96,"ours0.total",6.03,7.82,9.64,10.23,4.99,38.72,4.99,4.98,23.93
96,"bf.s1",4.35,6.65,9.43,9.36,4.34,34.12,4.34,0,21.75
96,"bf.s2",0,0,0,0,0,0,0,0,0
96,"bf.total",4.35,6.65,9.43,9.36,4.34,34.12,4.34,4.98,21.75
96,"ours1.s1",5.08,6.18,8.09,8.57,4.44,32.35,4.44,0,17.95
96,"ours1.s2",1.08,1.84,1.7,1.63,0.5,6.75,0.5,0,4.15
96,"ours1.total",6.16,8.02,9.78,10.2,4.94,39.1,4.94,4.7,22.1
96,"ours2.s1",5.23,6.48,8.24,8.46,4.42,32.84,4.42,0,18.32
96,"ours2.s2",0.76,1.47,1.49,1.61,0.56,5.89,0.56,0,3.73
96,"ours2.total",6,7.95,9.73,10.07,4.98,38.73,4.98,4.73,22.05
96,"ours3.s1",5.19,6.39,8.13,8.57,4.5,32.77,4.5,0,18.31
96,"ours3.s2",0,0,0,0,0,0,0,0,0
96,"ours3.total",5.19,6.39,8.13,8.57,4.5,32.77,4.5,4.72,18.31
96,"titeet",4,5.2,7.5,9.8,3.4,29.9,3.4,4.5,18
96,"tite12",4.1,4.8,5.5,7.9,4.9,27.2,4.9,4.3,16.07
96,"bfet",4.2,5.9,8.04,9.36,5.9,33.4,5.9,5.32,18.9
116,"ours0.s1",6.2,8.34,10.53,10.24,4.23,39.54,4.23,0,37.88
116,"ours0.s2",0,0,0.15,0.75,0.5,1.4,0.5,0,1.51
116,"ours0.total",6.2,8.34,10.68,10.99,4.74,40.94,4.74,5.43,39.39
116,"bf.s1",5.08,8.06,11.01,10.37,4.16,38.67,4.16,0,37.81
116,"bf.s2",0,0,0,0,0,0,0,0,0
116,"bf.total",5.08,8.06,11.01,10.37,4.16,38.67,4.16,5.41,37.81
116,"ours1.s1",6.16,8.08,10.14,9.88,4.48,38.74,4.48,0,30.37
116,"ours1.s2",0.02,0.09,0.38,1.05,0.65,2.19,0.65,0,2.28
116,"ours1.total",6.18,8.17,10.51,10.93,5.12,40.93,5.12,5.39,32.65
116,"ours2.s1",6.1,8.13,10.2,9.93,4.46,38.83,4.46,0,30.96
116,"ours2.s2",0.01,0.07,0.3,1.01,0.61,2,0.61,0,2.08
116,"ours2.total",6.11,8.2,10.5,10.94,5.07,40.83,5.07,5.34,33.04
116,"ours3.s1",6.11,8.05,10.19,9.84,4.43,38.62,4.43,0,30.9
116,"ours3.s2",0,0,0,0,0,0,0,0,0
116,"ours3.total",6.11,8.05,10.19,9.84,4.43,38.62,4.43,5.3,30.9
116,"titeet",4,5.3,7.4,9.5,3.7,29.9,3.7,4.5,28.61
116,"tite12",3.8,4.6,5.4,8.1,5.2,27.1,5.2,4.6,25.93
116,"bfet",4.47,6.32,8.36,9.91,5.16,34.22,5.16,5.1,27.9
106,"ours0.s1",6.08,8.15,10.17,9.81,4.24,38.44,4.24,0,29.74
106,"ours0.s2",0.01,0.03,0.28,0.86,0.51,1.68,0.51,0,1.48
106,"ours0.total",6.09,8.18,10.44,10.67,4.74,40.13,4.74,5.26,31.22
106,"bf.s1",4.86,7.74,10.6,9.99,4.24,37.43,4.24,0,29.68
106,"bf.s2",0,0,0,0,0,0,0,0,0
106,"bf.total",4.86,7.74,10.6,9.99,4.24,37.43,4.24,5.29,29.68
106,"ours1.s1",5.95,7.57,9.19,9.04,4.47,36.22,4.47,0,23.87
106,"ours1.s2",0.17,0.45,0.87,1.34,0.63,3.46,0.63,0,2.91
106,"ours1.total",6.11,8.02,10.06,10.39,5.1,39.68,5.1,5.07,26.78
106,"ours2.s1",5.95,7.57,9.31,9.27,4.42,36.52,4.42,0,24.47
106,"ours2.s2",0.12,0.36,0.75,1.28,0.6,3.11,0.6,0,2.63
106,"ours2.total",6.07,7.93,10.06,10.55,5.01,39.63,5.01,5.08,27.11
106,"ours3.s1",5.87,7.54,9.36,9.25,4.4,36.42,4.4,0,24.37
106,"ours3.s2",0,0,0,0,0,0,0,0,0
106,"ours3.total",5.87,7.54,9.36,9.25,4.4,36.42,4.4,5.04,24.37
106,"titeet",3.9,5.3,7.4,9.7,3.7,30,3.7,4.5,23
106,"tite12",4,4.7,5.4,8,5,27.1,5,4.5,20.61
106,"bfet",4.3,5.97,8.07,9.56,5.56,33.46,5.56,5.12,22.9
146,"ours0.s1",6.14,8.26,10.62,10.17,4.23,39.41,4.23,0,37.89
146,"ours0.s2",0,0,0.16,0.8,0.48,1.44,0.48,0,1.56
146,"ours0.total",6.14,8.26,10.78,10.96,4.7,40.85,4.7,5.42,39.45
146,"bf.s1",5.08,8.06,11.01,10.37,4.16,38.67,4.16,0,37.82
146,"bf.s2",0,0,0,0,0,0,0,0,0
146,"bf.total",5.08,8.06,11.01,10.37,4.16,38.67,4.16,5.41,37.82
146,"ours1.s1",6.15,8.02,10.06,9.82,4.47,38.52,4.47,0,30.41
146,"ours1.s2",0.02,0.09,0.39,1.05,0.63,2.18,0.63,0,2.29
146,"ours1.total",6.17,8.11,10.45,10.88,5.1,40.7,5.1,5.32,32.7
146,"ours2.s1",6.12,8.09,10.24,9.84,4.38,38.67,4.38,0,30.99
146,"ours2.s2",0.02,0.05,0.3,1.04,0.67,2.08,0.67,0,2.18
146,"ours2.total",6.14,8.14,10.53,10.89,5.05,40.75,5.05,5.3,33.18
146,"ours3.s1",6.11,8.05,10.18,9.83,4.42,38.59,4.42,0,30.9
146,"ours3.s2",0,0,0,0,0,0,0,0,0
146,"ours3.total",6.11,8.05,10.18,9.83,4.42,38.59,4.42,5.29,30.9
146,"titeet",4,5.4,7.5,9.6,3.5,30,3.5,4.4,28.62
146,"tite12",3.9,4.5,5.5,8,5.2,27.1,5.2,4.6,26.13
146,"bfet",4.51,6.37,8.37,9.89,5.19,34.32,5.19,5.1,27.9
166,"ours0.s1",6.19,8.28,10.32,9.89,4.22,38.91,4.22,0,36.49
166,"ours0.s2",0,0.01,0.19,0.84,0.55,1.58,0.55,0,1.64
166,"ours0.total",6.19,8.29,10.51,10.73,4.77,40.5,4.77,5.31,38.13
166,"bf.s1",5.06,8,10.74,10.08,4.22,38.1,4.22,0,36.46
166,"bf.s2",0,0,0,0,0,0,0,0,0
166,"bf.total",5.06,8,10.74,10.08,4.22,38.1,4.22,5.34,36.46
166,"ours1.s1",5.93,7.73,9.28,9.16,4.5,36.61,4.5,0,26.24
166,"ours1.s2",0.15,0.39,0.84,1.38,0.67,3.43,0.67,0,3.44
166,"ours1.total",6.08,8.12,10.12,10.54,5.17,40.03,5.17,5.06,29.68
166,"ours2.s1",6.06,7.82,9.47,9.17,4.3,36.81,4.3,0,26.69
166,"ours2.s2",0.1,0.34,0.72,1.25,0.66,3.06,0.66,0,3.14
166,"ours2.total",6.16,8.16,10.19,10.42,4.96,39.88,4.96,5.08,29.84
166,"ours3.s1",6.02,7.76,9.51,9.24,4.37,36.9,4.37,0,26.69
166,"ours3.s2",0,0,0,0,0,0,0,0,0
166,"ours3.total",6.02,7.76,9.51,9.24,4.37,36.9,4.37,5.04,26.69
166,"titeet",4.1,5.3,7.5,9.5,3.5,29.9,3.5,4.5,28.35
166,"tite12",4,4.6,5.5,7.9,5.2,27.2,5.2,4.6,25.94
166,"bfet",4.39,6.09,8.08,9.57,5.57,33.7,5.57,5.16,24
104,"ours0.s1",5.72,7.28,8.72,11.14,8.47,41.34,-1,0,30.2
104,"ours0.s2",0.01,0.03,0.16,0.6,0.81,1.6,-1,0,1.44
104,"ours0.total",5.73,7.31,8.88,11.74,9.28,42.94,-1,4,31.65
104,"bf.s1",4.26,6.64,9.28,11.56,8.55,40.29,-1,0,30.29
104,"bf.s2",0,0,0,0,0,0,-1,0,0
104,"bf.total",4.26,6.64,9.28,11.56,8.55,40.29,-1,4.08,30.29
104,"ours1.s1",5.4,6.48,7.53,9.98,8.55,37.94,-1,0,24.43
104,"ours1.s2",0.15,0.46,1.02,1.42,0.92,3.96,-1,0,3.36
104,"ours1.total",5.55,6.94,8.55,11.39,9.47,41.9,-1,3.85,27.79
104,"ours2.s1",5.52,6.77,7.57,10.02,8.45,38.34,-1,0,24.92
104,"ours2.s2",0.13,0.35,0.83,1.41,0.95,3.67,-1,0,3.15
104,"ours2.total",5.65,7.12,8.4,11.43,9.4,42.01,-1,3.88,28.07
104,"ours3.s1",5.41,6.7,7.66,10.11,8.59,38.47,-1,0,24.9
104,"ours3.s2",0,0,0,0,0,0,-1,0,0
104,"ours3.total",5.41,6.7,7.66,10.11,8.59,38.47,-1,3.85,24.9
104,"titeet",3.4,4.2,5.3,9.9,7.1,29.9,-1,3.1,23.71
104,"tite12",3.4,3.9,4.8,8.6,6.1,26.8,-1,2.7,20.8
104,"bfet",3.96,5.23,6.56,9.05,9.7,34.49,-1,3.73,23.6
124,"ours0.s1",5.78,7.12,8.35,10.67,8.46,40.38,-1,0,29
124,"ours0.s2",0.02,0.05,0.26,0.75,0.78,1.86,-1,0,1.72
124,"ours0.total",5.8,7.17,8.61,11.42,9.25,42.24,-1,3.93,30.72
124,"bf.s1",4.19,6.36,8.97,11.07,8.51,39.1,-1,0,28.99
124,"bf.s2",0,0,0,0,0,0,-1,0,0
124,"bf.total",4.19,6.36,8.97,11.07,8.51,39.1,-1,4,28.99
124,"ours1.s1",4.92,5.57,6.11,8.59,8.46,33.64,-1,0,20.28
124,"ours1.s2",0.58,1.39,2.27,2.38,0.88,7.5,-1,0,5.54
124,"ours1.total",5.5,6.95,8.37,10.97,9.34,41.14,-1,3.57,25.82
124,"ours2.s1",5.02,5.75,6.36,8.6,8.54,34.27,-1,0,20.73
124,"ours2.s2",0.51,1.16,1.95,2.39,0.88,6.89,-1,0,5.2
124,"ours2.total",5.53,6.91,8.31,10.99,9.42,41.15,-1,3.58,25.93
124,"ours3.s1",4.98,5.75,6.38,8.7,8.46,34.28,-1,0,20.71
124,"ours3.s2",0,0,0,0,0,0,-1,0,0
124,"ours3.total",4.98,5.75,6.38,8.7,8.46,34.28,-1,3.6,20.71
124,"titeet",3.5,4.3,5.4,10.1,6.8,30.1,-1,3.1,23.3
124,"tite12",3.5,4,4.9,8.6,6.1,27.1,-1,2.8,20.52
124,"bfet",3.84,4.98,6.26,8.23,9.77,33.08,-1,3.76,19.7
127,"ours0.s1",11.41,12.15,8.84,3.5,0.9,36.8,4.39,0,25.97
127,"ours0.s2",0.1,0.16,0.3,0.24,0.07,0.86,0.3,0,0.83
127,"ours0.total",11.52,12.31,9.14,3.74,0.96,37.66,4.7,6.17,26.81
127,"bf.s1",10.54,12.56,9.16,3.67,0.79,36.73,4.46,0,25.93
127,"bf.s2",0,0,0,0,0,0,0,0,0
127,"bf.total",10.54,12.56,9.16,3.67,0.79,36.73,4.46,6.29,25.93
127,"ours1.s1",8.73,10.1,8.19,3.54,0.99,31.56,4.54,0,18.56
127,"ours1.s2",2.4,1.54,0.72,0.32,0.06,5.05,0.39,0,4
127,"ours1.total",11.13,11.64,8.91,3.87,1.06,36.61,4.93,5.64,22.56
127,"ours2.s1",9.16,10.17,8.03,3.66,1.02,32.04,4.68,0,19.03
127,"ours2.s2",1.94,1.53,0.75,0.36,0.06,4.65,0.42,0,3.72
127,"ours2.total",11.1,11.7,8.78,4.02,1.09,36.68,5.1,5.66,22.76
127,"ours3.s1",9.08,10.15,8.18,3.64,1.02,32.07,4.65,0,18.96
127,"ours3.s2",0,0,0,0,0,0,0,0,0
127,"ours3.total",9.08,10.15,8.18,3.64,1.02,32.07,4.65,5.67,18.96
127,"titeet",11.1,10.6,5.9,1.9,0.4,29.9,2.3,4.6,20.43
127,"tite12",6.9,6.6,5,3.3,1.7,23.5,5,4.5,16.55
127,"bfet",8.4,10.46,9.22,4.97,1.87,34.91,6.84,6.62,19.6
177,"ours0.s1",11.94,13.11,9.45,3.67,0.83,39.01,4.5,0,35.25
177,"ours0.s2",0,0.02,0.2,0.2,0.07,0.49,0.27,0,0.52
177,"ours0.total",11.95,13.13,9.65,3.87,0.89,39.49,4.77,6.55,35.77
177,"bf.s1",11.31,13.54,9.9,3.83,0.77,39.35,4.6,0,35.36
177,"bf.s2",0,0,0,0,0,0,0,0,0
177,"bf.total",11.31,13.54,9.9,3.83,0.77,39.35,4.6,6.67,35.36
177,"ours1.s1",11.58,12.63,9.39,3.75,0.93,38.27,4.67,0,28.25
177,"ours1.s2",0.11,0.16,0.33,0.26,0.08,0.93,0.34,0,1.08
177,"ours1.total",11.69,12.79,9.72,4,1,39.2,5.01,6.52,29.33
177,"ours2.s1",11.66,12.46,9.27,3.9,0.97,38.26,4.87,0,28.86
177,"ours2.s2",0.07,0.16,0.33,0.27,0.07,0.9,0.34,0,1.05
177,"ours2.total",11.73,12.61,9.6,4.17,1.04,39.16,5.21,6.49,29.9
177,"ours3.s1",11.63,12.6,9.35,3.82,0.87,38.28,4.7,0,28.79
177,"ours3.s2",0,0,0,0,0,0,0,0,0
177,"ours3.total",11.63,12.6,9.35,3.82,0.87,38.28,4.7,6.48,28.79
177,"titeet",11,10.2,6,2.2,0.6,30,2.8,4.5,25.83
177,"tite12",6.8,6.3,5,3.6,1.9,23.6,5.5,4.4,22.18
177,"bfet",10.02,11.48,8.97,4.15,1.24,35.86,5.39,6.15,24.4
126,"ours0.s1",6.04,8.02,9.81,9.41,4.35,37.62,4.35,0,28.52
126,"ours0.s2",0.02,0.06,0.34,0.99,0.56,1.97,0.56,0,1.74
126,"ours0.total",6.06,8.08,10.15,10.4,4.9,39.59,4.9,5.13,30.26
126,"bf.s1",4.81,7.6,10.23,9.59,4.28,36.52,4.28,0,28.47
126,"bf.s2",0,0,0,0,0,0,0,0,0
126,"bf.total",4.81,7.6,10.23,9.59,4.28,36.52,4.28,5.16,28.47
126,"ours1.s1",5.34,6.58,8.24,8.44,4.4,33.01,4.4,0,20.11
126,"ours1.s2",0.68,1.39,1.57,1.68,0.63,5.96,0.63,0,4.54
126,"ours1.total",6.03,7.97,9.82,10.12,5.03,38.97,5.03,4.73,24.65
126,"ours2.s1",5.45,6.75,8.33,8.55,4.27,33.35,4.27,0,20.55
126,"ours2.s2",0.6,1.27,1.42,1.62,0.63,5.54,0.63,0,4.27
126,"ours2.total",6.05,8.02,9.75,10.17,4.9,38.89,4.9,4.74,24.82
126,"ours3.s1",5.43,6.62,8.31,8.62,4.41,33.39,4.41,0,20.48
126,"ours3.s2",0,0,0,0,0,0,0,0,0
126,"ours3.total",5.43,6.62,8.31,8.62,4.41,33.39,4.41,4.73,20.48
126,"titeet",4,5.3,7.6,9.6,3.4,29.9,3.4,4.5,22.83
126,"tite12",4,4.7,5.4,8.1,5.1,27.3,5.1,4.5,20.49
126,"bfet",4.22,5.94,8.05,9.34,5.93,33.48,5.93,5.31,19.9
97,"ours0.s1",10.66,11.12,8.43,3.56,0.92,34.68,4.48,0,20.5
97,"ours0.s2",0.62,0.61,0.49,0.24,0.05,2.01,0.29,0,1.45
97,"ours0.total",11.28,11.72,8.92,3.8,0.97,36.69,4.77,5.93,21.95
97,"bf.s1",9.22,11.72,8.84,3.82,0.96,34.56,4.78,0,20.54
97,"bf.s2",0,0,0,0,0,0,0,0,0
97,"bf.total",9.22,11.72,8.84,3.82,0.96,34.56,4.78,6.1,20.54
97,"ours1.s1",8.5,9.93,8.12,3.65,1.06,31.27,4.72,0,17.09
97,"ours1.s2",2.63,1.66,0.81,0.32,0.05,5.47,0.37,0,3.47
97,"ours1.total",11.14,11.59,8.93,3.97,1.12,36.75,5.09,5.64,20.56
97,"ours2.s1",8.81,10.02,8.2,3.55,1,31.58,4.55,0,17.52
97,"ours2.s2",2.26,1.53,0.75,0.34,0.06,4.94,0.4,0,3.18
97,"ours2.total",11.07,11.55,8.95,3.88,1.06,36.52,4.95,5.64,20.7
97,"ours3.s1",8.79,9.96,8.17,3.75,1.07,31.74,4.82,0,17.53
97,"ours3.s2",0,0,0,0,0,0,0,0,0
97,"ours3.total",8.79,9.96,8.17,3.75,1.07,31.74,4.82,5.68,17.53
97,"titeet",11.4,10.3,5.9,1.9,0.4,29.9,2.3,4.6,17.16
97,"tite12",7,6.4,5,3.3,1.7,23.4,5,4.5,13.46
97,"bfet",8.42,10.48,9.24,4.96,1.83,34.93,6.79,6.65,18.7
134,"ours0.s1",5.69,7.33,8.63,11.13,8.41,41.19,-1,0,30.31
134,"ours0.s2",0.01,0.03,0.17,0.59,0.77,1.57,-1,0,1.44
134,"ours0.total",5.7,7.37,8.8,11.72,9.17,42.76,-1,4.04,31.75
134,"bf.s1",4.27,6.66,9.29,11.56,8.56,40.34,-1,0,30.35
134,"bf.s2",0,0,0,0,0,0,-1,0,0
134,"bf.total",4.27,6.66,9.29,11.56,8.56,40.34,-1,4.08,30.35
134,"ours1.s1",5.44,6.62,7.41,9.91,8.58,37.96,-1,0,24.38
134,"ours1.s2",0.17,0.54,1.09,1.45,0.91,4.15,-1,0,3.45
134,"ours1.total",5.61,7.16,8.5,11.36,9.48,42.11,-1,3.84,27.82
134,"ours2.s1",5.54,6.79,7.76,10,8.45,38.54,-1,0,24.96
134,"ours2.s2",0.14,0.4,0.89,1.38,0.98,3.79,-1,0,3.23
134,"ours2.total",5.68,7.19,8.65,11.38,9.44,42.34,-1,3.85,28.19
134,"ours3.s1",5.43,6.7,7.67,10.1,8.55,38.45,-1,0,24.89
134,"ours3.s2",0,0,0,0,0,0,-1,0,0
134,"ours3.total",5.43,6.7,7.67,10.1,8.55,38.45,-1,3.85,24.89
134,"titeet",3.5,4.3,5.4,10,6.9,30.1,-1,3.1,23.88
134,"tite12",3.4,4,4.8,8.6,6.1,26.9,-1,2.8,21.19
134,"bfet",3.99,5.28,6.6,9.05,9.67,34.59,-1,3.72,23.7
167,"ours0.s1",11.75,12.74,9.23,3.62,0.82,38.15,4.43,0,33.03
167,"ours0.s2",0.01,0.03,0.19,0.24,0.06,0.52,0.3,0,0.58
167,"ours0.total",11.75,12.77,9.42,3.86,0.87,38.67,4.73,6.37,33.61
167,"bf.s1",11.12,13.16,9.58,3.74,0.81,38.4,4.55,0,33.17
167,"bf.s2",0,0,0,0,0,0,0,0,0
167,"bf.total",11.12,13.16,9.58,3.74,0.81,38.4,4.55,6.52,33.17
167,"ours1.s1",10.86,11.46,8.74,3.66,0.96,35.69,4.63,0,24.07
167,"ours1.s2",0.52,0.66,0.52,0.31,0.09,2.1,0.4,0,2.29
167,"ours1.total",11.38,12.12,9.26,3.98,1.05,37.79,5.03,6.1,26.36
167,"ours2.s1",11.09,11.63,8.71,3.63,0.91,35.97,4.54,0,24.46
167,"ours2.s2",0.4,0.54,0.49,0.31,0.05,1.79,0.36,0,2.02
167,"ours2.total",11.49,12.17,9.2,3.94,0.95,37.76,4.89,6.1,26.48
167,"ours3.s1",11.04,11.6,8.72,3.67,0.97,36,4.64,0,24.42
167,"ours3.s2",0,0,0,0,0,0,0,0,0
167,"ours3.total",11.04,11.6,8.72,3.67,0.97,36,4.64,6.11,24.42
167,"titeet",11.1,10.3,5.9,2.1,0.5,29.9,2.6,4.7,24.81
167,"tite12",6.8,6.5,5.1,3.6,1.8,23.8,5.4,4.7,21.16
167,"bfet",9.14,10.86,9.13,4.53,1.49,35.13,6.02,6.33,22.1
147,"ours0.s1",11.95,13.16,9.38,3.59,0.76,38.84,4.35,0,35.15
147,"ours0.s2",0,0.01,0.19,0.2,0.06,0.48,0.27,0,0.51
147,"ours0.total",11.95,13.18,9.57,3.79,0.83,39.32,4.62,6.52,35.66
147,"bf.s1",11.31,13.54,9.9,3.83,0.78,39.35,4.61,0,35.29
147,"bf.s2",0,0,0,0,0,0,0,0,0
147,"bf.total",11.31,13.54,9.9,3.83,0.78,39.35,4.61,6.67,35.29
147,"ours1.s1",11.63,12.48,9.37,3.85,0.9,38.22,4.75,0,28.32
147,"ours1.s2",0.1,0.19,0.34,0.28,0.08,0.99,0.37,0,1.15
147,"ours1.total",11.73,12.67,9.71,4.14,0.98,39.22,5.12,6.5,29.47
147,"ours2.s1",11.64,12.62,9.42,3.71,0.89,38.29,4.6,0,28.83
147,"ours2.s2",0.07,0.12,0.3,0.27,0.08,0.83,0.35,0,0.98
147,"ours2.total",11.71,12.74,9.72,3.98,0.97,39.12,4.95,6.46,29.81
147,"ours3.s1",11.64,12.61,9.36,3.8,0.88,38.29,4.68,0,28.8
147,"ours3.s2",0,0,0,0,0,0,0,0,0
147,"ours3.total",11.64,12.61,9.36,3.8,0.88,38.29,4.68,6.49,28.8
147,"titeet",11.2,10.2,5.9,2.1,0.6,30,2.7,4.6,25.47
147,"tite12",6.7,6.4,5,3.7,1.9,23.7,5.6,4.6,21.76
147,"bfet",10.04,11.52,9,4.17,1.26,35.99,5.43,6.16,24.4
156,"ours0.s1",6.15,8.23,10.06,9.6,4.43,38.47,4.43,0,35.59
156,"ours0.s2",0,0.01,0.22,0.92,0.55,1.71,0.55,0,1.81
156,"ours0.total",6.15,8.24,10.28,10.52,4.99,40.18,4.99,5.25,37.4
156,"bf.s1",5.05,7.94,10.51,9.78,4.23,37.51,4.23,0,35.6
156,"bf.s2",0,0,0,0,0,0,0,0,0
156,"bf.total",5.05,7.94,10.51,9.78,4.23,37.51,4.23,5.26,35.6
156,"ours1.s1",5.73,6.92,8.51,8.63,4.25,34.05,4.25,0,23.36
156,"ours1.s2",0.45,1.08,1.43,1.55,0.56,5.07,0.56,0,4.7
156,"ours1.total",6.18,8,9.94,10.19,4.81,39.12,4.81,4.8,28.06
156,"ours2.s1",5.84,7.12,8.54,8.64,4.28,34.42,4.28,0,23.71
156,"ours2.s2",0.36,0.93,1.27,1.62,0.63,4.81,0.63,0,4.54
156,"ours2.total",6.2,8.05,9.81,10.26,4.91,39.24,4.91,4.77,28.25
156,"ours3.s1",5.72,7.02,8.6,8.68,4.31,34.33,4.31,0,23.67
156,"ours3.s2",0,0,0,0,0,0,0,0,0
156,"ours3.total",5.72,7.02,8.6,8.68,4.31,34.33,4.31,4.79,23.67
156,"titeet",4.1,5.3,7.6,9.6,3.4,30,3.4,4.5,28.15
156,"tite12",4.1,4.8,5.4,8,5,27.3,5,4.6,25.51
156,"bfet",4.24,5.97,8.04,9.31,5.94,33.51,5.94,5.31,20.9
235,"ours0.s1",8.74,11.68,11.34,4.78,0.88,37.42,5.66,0,31.4
235,"ours0.s2",0,0.03,0.27,0.36,0.09,0.75,0.45,0,0.7
235,"ours0.total",8.74,11.71,11.61,5.14,0.97,38.17,6.11,6.41,32.1
235,"bf.s1",7.69,11.91,11.43,5.1,1,37.13,6.1,0,31.52
235,"bf.s2",0,0,0,0,0,0,0,0,0
235,"bf.total",7.69,11.91,11.43,5.1,1,37.13,6.1,6.46,31.52
235,"ours1.s1",8.46,11.47,11.26,4.96,1,37.16,5.97,0,24.9
235,"ours1.s2",0,0.02,0.32,0.44,0.13,0.92,0.57,0,0.82
235,"ours1.total",8.47,11.49,11.58,5.41,1.13,38.08,6.54,6.44,25.72
235,"ours2.s1",8.62,11.48,11.23,4.76,1,37.1,5.77,0,25.4
235,"ours2.s2",0,0.02,0.34,0.47,0.14,0.97,0.61,0,0.84
235,"ours2.total",8.62,11.51,11.57,5.23,1.14,38.07,6.37,6.34,26.25
235,"ours3.s1",8.5,11.43,11.26,5.05,1.1,37.34,6.15,0,25.54
235,"ours3.s2",0,0,0,0,0,0,0,0,0
235,"ours3.total",8.5,11.43,11.26,5.05,1.1,37.34,6.15,6.41,25.54
235,"titeet",5.9,8.7,10.4,3.9,1,29.9,4.9,5.4,22.99
235,"tite12",4.8,5.5,7.5,5.4,2.9,26.1,8.3,5.6,21.42
235,"bfet",6.74,9.31,10.34,5.04,1.27,32.7,6.31,5.68,21.1
117,"ours0.s1",12.01,13.15,9.42,3.64,0.81,39.04,4.46,0,35.19
117,"ours0.s2",0,0.01,0.19,0.19,0.06,0.46,0.26,0,0.49
117,"ours0.total",12.02,13.17,9.61,3.84,0.88,39.5,4.71,6.53,35.68
117,"bf.s1",11.31,13.54,9.89,3.83,0.78,39.35,4.6,0,35.28
117,"bf.s2",0,0,0,0,0,0,0,0,0
117,"bf.total",11.31,13.54,9.89,3.83,0.78,39.35,4.6,6.67,35.28
117,"ours1.s1",11.71,12.37,9.16,3.76,0.94,37.94,4.7,0,28.06
117,"ours1.s2",0.09,0.17,0.32,0.31,0.08,0.97,0.39,0,1.12
117,"ours1.total",11.8,12.55,9.47,4.07,1.02,38.91,5.09,6.43,29.18
117,"ours2.s1",11.62,12.58,9.35,3.77,0.88,38.2,4.65,0,28.76
117,"ours2.s2",0.06,0.13,0.34,0.3,0.08,0.89,0.37,0,1.03
117,"ours2.total",11.68,12.7,9.68,4.06,0.96,39.09,5.02,6.48,29.8
117,"ours3.s1",11.65,12.63,9.37,3.8,0.88,38.32,4.68,0,28.79
117,"ours3.s2",0,0,0,0,0,0,0,0,0
117,"ours3.total",11.65,12.63,9.37,3.8,0.88,38.32,4.68,6.49,28.79
117,"titeet",11.1,10.1,6,2.2,0.6,30,2.8,4.5,25.31
117,"tite12",6.6,6.3,5.1,3.7,2,23.7,5.7,4.6,21.47
117,"bfet",10.04,11.53,9,4.16,1.24,35.96,5.4,6.17,24.3
154,"ours0.s1",5.76,7.42,8.89,11.07,8.53,41.67,-1,0,36.53
154,"ours0.s2",0,0.01,0.07,0.59,0.84,1.5,-1,0,1.63
154,"ours0.total",5.77,7.43,8.96,11.65,9.36,43.17,-1,4.04,38.16
154,"bf.s1",4.56,7.08,9.5,11.29,8.43,40.86,-1,0,36.55
154,"bf.s2",0,0,0,0,0,0,-1,0,0
154,"bf.total",4.56,7.08,9.5,11.29,8.43,40.86,-1,4.08,36.55
154,"ours1.s1",5.31,6.1,6.65,8.87,8.37,35.3,-1,0,23.96
154,"ours1.s2",0.31,0.95,1.83,2.26,0.95,6.29,-1,0,5.74
154,"ours1.total",5.62,7.05,8.48,11.13,9.31,41.59,-1,3.63,29.7
154,"ours2.s1",5.36,6.2,6.76,8.96,8.4,35.68,-1,0,24.38
154,"ours2.s2",0.28,0.78,1.66,2.16,0.92,5.81,-1,0,5.45
154,"ours2.total",5.65,6.99,8.42,11.12,9.32,41.49,-1,3.67,29.83
154,"ours3.s1",5.31,6.19,6.79,9.01,8.42,35.72,-1,0,24.29
154,"ours3.s2",0,0,0,0,0,0,-1,0,0
154,"ours3.total",5.31,6.19,6.79,9.01,8.42,35.72,-1,3.66,24.29
154,"titeet",3.5,4.2,5.4,10.2,6.7,30,-1,3.1,28.94
154,"tite12",3.5,4,4.8,8.5,6.2,27,-1,2.8,25.71
154,"bfet",3.85,5.01,6.28,8.18,9.77,33.08,-1,3.73,20.8
107,"ours0.s1",11.73,12.65,9.06,3.62,0.85,37.91,4.47,0,27.82
107,"ours0.s2",0.03,0.07,0.25,0.21,0.06,0.62,0.27,0,0.6
107,"ours0.total",11.76,12.72,9.31,3.83,0.91,38.53,4.74,6.34,28.43
107,"bf.s1",10.9,13.01,9.38,3.69,0.81,37.79,4.5,0,27.7
107,"bf.s2",0,0,0,0,0,0,0,0,0
107,"bf.total",10.9,13.01,9.38,3.69,0.81,37.79,4.5,6.4,27.7
107,"ours1.s1",10.83,11.37,8.54,3.67,0.97,35.39,4.65,0,22.47
107,"ours1.s2",0.59,0.69,0.56,0.3,0.05,2.19,0.35,0,1.96
107,"ours1.total",11.42,12.06,9.1,3.98,1.02,37.58,5,6.12,24.43
107,"ours2.s1",11.01,11.53,8.69,3.68,0.98,35.88,4.66,0,23.13
107,"ours2.s2",0.44,0.57,0.53,0.34,0.07,1.96,0.41,0,1.76
107,"ours2.total",11.45,12.1,9.22,4.02,1.05,37.84,5.07,6.09,24.89
107,"ours3.s1",10.97,11.5,8.66,3.71,1.03,35.87,4.74,0,23.04
107,"ours3.s2",0,0,0,0,0,0,0,0,0
107,"ours3.total",10.97,11.5,8.66,3.71,1.03,35.87,4.74,6.11,23.04
107,"titeet",11.1,10.3,6,2.2,0.5,30.1,2.7,4.6,20.94
107,"tite12",6.7,6.4,5.1,3.5,1.8,23.5,5.3,4.6,17.18
107,"bfet",9.17,10.92,9.13,4.56,1.48,35.26,6.04,6.33,21.2
93,"ours0.s1",5.71,7.22,10.32,8.71,3.8,35.75,3.8,0,21.71
93,"ours0.s2",0.15,0.41,1.07,1.03,0.29,2.95,0.29,0,2.04
93,"ours0.total",5.85,7.63,11.39,9.74,4.09,38.7,4.09,5.08,23.75
93,"bf.s1",4.35,6.74,10.31,9.25,3.8,34.44,3.8,0,21.68
93,"bf.s2",0,0,0,0,0,0,0,0,0
93,"bf.total",4.35,6.74,10.31,9.25,3.8,34.44,3.8,5.13,21.68
93,"ours1.s1",5.01,6.05,8.91,8.34,4.01,32.33,4.01,0,17.88
93,"ours1.s2",0.93,1.75,2.38,1.45,0.32,6.83,0.32,0,4.21
93,"ours1.total",5.94,7.8,11.29,9.8,4.33,39.16,4.33,4.82,22.09
93,"ours2.s1",5.18,6.27,9.14,8.31,3.88,32.78,3.88,0,18.32
93,"ours2.s2",0.72,1.33,2.18,1.52,0.35,6.1,0.35,0,3.83
93,"ours2.total",5.9,7.59,11.32,9.83,4.23,38.88,4.23,4.84,22.15
93,"ours3.s1",5.13,6.24,9.07,8.42,3.96,32.83,3.96,0,18.28
93,"ours3.s2",0,0,0,0,0,0,0,0,0
93,"ours3.total",5.13,6.24,9.07,8.42,3.96,32.83,3.96,4.82,18.28
93,"titeet",4,5.1,11.2,7.2,2.6,30.1,2.6,4.2,17.97
93,"tite12",3.7,4.4,7.9,6.6,3.9,26.5,3.9,4.1,15.58
93,"bfet",4.21,5.81,9.65,9.27,5.29,34.24,5.29,5.49,19.2
225,"ours0.s1",8.58,11.39,10.77,4.66,1.01,36.4,5.66,0,23.83
225,"ours0.s2",0,0.02,0.34,0.39,0.1,0.85,0.49,0,0.63
225,"ours0.total",8.58,11.41,11.1,5.05,1.11,37.26,6.16,6.22,24.45
225,"bf.s1",7.6,11.65,10.96,4.94,1.02,36.17,5.96,0,23.92
225,"bf.s2",0,0,0,0,0,0,0,0,0
225,"bf.total",7.6,11.65,10.96,4.94,1.02,36.17,5.96,6.28,23.92
225,"ours1.s1",8.3,10.92,10.59,4.87,1.19,35.86,6.06,0,18.96
225,"ours1.s2",0.05,0.16,0.46,0.53,0.13,1.32,0.65,0,0.96
225,"ours1.total",8.35,11.08,11.05,5.4,1.32,37.18,6.71,6.22,19.92
225,"ours2.s1",8.47,11.02,10.53,4.66,1.09,35.76,5.74,0,19.36
225,"ours2.s2",0.03,0.1,0.51,0.48,0.13,1.25,0.61,0,0.9
225,"ours2.total",8.5,11.12,11.04,5.13,1.22,37.01,6.35,6.17,20.27
225,"ours3.s1",8.39,11.03,10.55,4.87,1.13,35.97,6,0,19.41
225,"ours3.s2",0,0,0,0,0,0,0,0,0
225,"ours3.total",8.39,11.03,10.55,4.87,1.13,35.97,6,6.2,19.41
225,"titeet",5.7,8.4,10.6,4,1,29.7,5,5.5,18.11
225,"tite12",4.8,5.6,7.5,5.4,2.9,26.2,8.3,5.7,16.65
225,"bfet",6.4,8.7,10.16,5.34,1.55,32.14,6.89,5.83,16.7
205,"ours0.s1",8.61,11.59,11.44,4.85,0.87,37.36,5.72,0,31.35
205,"ours0.s2",0,0.03,0.27,0.37,0.09,0.75,0.46,0,0.69
205,"ours0.total",8.61,11.62,11.71,5.21,0.96,38.11,6.17,6.44,32.04
205,"bf.s1",7.69,11.91,11.43,5.1,1,37.12,6.1,0,31.52
205,"bf.s2",0,0,0,0,0,0,0,0,0
205,"bf.total",7.69,11.91,11.43,5.1,1,37.12,6.1,6.46,31.52
205,"ours1.s1",8.55,11.49,11.34,4.94,0.98,37.3,5.92,0,24.96
205,"ours1.s2",0,0.03,0.33,0.5,0.12,0.98,0.62,0,0.88
205,"ours1.total",8.55,11.51,11.67,5.44,1.1,38.28,6.54,6.44,25.83
205,"ours2.s1",8.67,11.45,11.34,4.83,1,37.3,5.84,0,25.43
205,"ours2.s2",0,0.02,0.33,0.48,0.12,0.95,0.6,0,0.84
205,"ours2.total",8.68,11.47,11.67,5.31,1.13,38.26,6.44,6.38,26.27
205,"ours3.s1",8.51,11.46,11.27,5.02,1.09,37.34,6.11,0,25.51
205,"ours3.s2",0,0,0,0,0,0,0,0,0
205,"ours3.total",8.51,11.46,11.27,5.02,1.09,37.34,6.11,6.42,25.51
205,"titeet",5.9,8.7,10.4,3.8,1,29.8,4.8,5.3,22.8
205,"tite12",4.8,5.5,7.5,5.4,2.9,26.1,8.3,5.6,20.97
205,"bfet",6.71,9.31,10.35,5.02,1.26,32.65,6.28,5.66,21.1
137,"ours0.s1",11.73,12.54,9.07,3.67,0.94,37.95,4.61,0,27.85
137,"ours0.s2",0.03,0.08,0.26,0.21,0.06,0.64,0.26,0,0.63
137,"ours0.total",11.76,12.62,9.33,3.88,0.99,38.59,4.87,6.35,28.48
137,"bf.s1",10.91,13.02,9.38,3.69,0.82,37.81,4.5,0,27.77
137,"bf.s2",0,0,0,0,0,0,0,0,0
137,"bf.total",10.91,13.02,9.38,3.69,0.82,37.81,4.5,6.41,27.77
137,"ours1.s1",10.89,11.34,8.61,3.67,0.98,35.48,4.65,0,22.54
137,"ours1.s2",0.58,0.7,0.53,0.32,0.07,2.21,0.39,0,1.96
137,"ours1.total",11.47,12.04,9.14,3.99,1.05,37.69,5.04,6.13,24.5
137,"ours2.s1",11.02,11.43,8.65,3.73,0.98,35.81,4.71,0,23.04
137,"ours2.s2",0.46,0.63,0.5,0.31,0.07,1.97,0.39,0,1.79
137,"ours2.total",11.48,12.05,9.15,4.04,1.06,37.78,5.1,6.1,24.83
137,"ours3.s1",10.96,11.49,8.65,3.7,1.04,35.85,4.75,0,23.05
137,"ours3.s2",0,0,0,0,0,0,0,0,0
137,"ours3.total",10.96,11.49,8.65,3.7,1.04,35.85,4.75,6.1,23.05
137,"titeet",11,10.3,6,2.2,0.5,30,2.7,4.6,21.27
137,"tite12",6.8,6.4,5.1,3.6,1.8,23.7,5.4,4.5,17.58
137,"bfet",9.16,10.88,9.12,4.56,1.48,35.2,6.04,6.33,21.2
265,"ours0.s1",8.69,11.66,11.28,4.79,0.9,37.32,5.69,0,31.48
265,"ours0.s2",0,0.02,0.28,0.37,0.09,0.76,0.46,0,0.71
265,"ours0.total",8.69,11.69,11.57,5.16,0.99,38.09,6.14,6.41,32.19
265,"bf.s1",7.69,11.91,11.42,5.1,1,37.12,6.1,0,31.58
265,"bf.s2",0,0,0,0,0,0,0,0,0
265,"bf.total",7.69,11.91,11.42,5.1,1,37.12,6.1,6.46,31.58
265,"ours1.s1",8.54,11.45,11.34,5.01,1.05,37.38,6.05,0,24.94
265,"ours1.s2",0.01,0.03,0.3,0.5,0.12,0.97,0.62,0,0.85
265,"ours1.total",8.54,11.48,11.65,5.51,1.17,38.34,6.67,6.49,25.79
265,"ours2.s1",8.64,11.55,11.26,4.89,1.03,37.37,5.92,0,25.5
265,"ours2.s2",0,0.03,0.33,0.47,0.16,0.99,0.63,0,0.87
265,"ours2.total",8.64,11.57,11.59,5.36,1.19,38.36,6.55,6.44,26.37
265,"ours3.s1",8.52,11.42,11.23,5.03,1.1,37.31,6.13,0,25.53
265,"ours3.s2",0,0,0,0,0,0,0,0,0
265,"ours3.total",8.52,11.42,11.23,5.03,1.1,37.31,6.13,6.41,25.53
265,"titeet",5.9,8.6,10.4,4,0.9,29.8,4.9,5.4,23.38
265,"tite12",4.9,5.6,7.3,5.4,2.8,26,8.2,5.5,22.06
265,"bfet",6.77,9.26,10.29,5.02,1.28,32.62,6.3,5.65,21.1
114,"ours0.s1",5.7,7.55,9.03,11.78,8.53,42.58,-1,0,38.5
114,"ours0.s2",0,0,0.03,0.44,0.78,1.25,-1,0,1.39
114,"ours0.total",5.7,7.55,9.06,12.22,9.31,43.84,-1,4.14,39.89
114,"bf.s1",4.6,7.19,9.67,12.01,8.42,41.9,-1,0,38.6
114,"bf.s2",0,0,0,0,0,0,-1,0,0
114,"bf.total",4.6,7.19,9.67,12.01,8.42,41.9,-1,4.15,38.6
114,"ours1.s1",5.74,7.3,8.57,11.01,8.65,41.27,-1,0,31.1
114,"ours1.s2",0.02,0.07,0.3,0.83,0.97,2.19,-1,0,2.36
114,"ours1.total",5.76,7.37,8.86,11.84,9.62,43.46,-1,4.07,33.46
114,"ours2.s1",5.74,7.32,8.72,11.07,8.65,41.5,-1,0,31.71
114,"ours2.s2",0.01,0.05,0.21,0.75,0.98,2,-1,0,2.17
114,"ours2.total",5.75,7.37,8.92,11.82,9.63,43.49,-1,4.04,33.88
114,"ours3.s1",5.71,7.32,8.68,11.09,8.7,41.49,-1,0,31.81
114,"ours3.s2",0,0,0,0,0,0,-1,0,0
114,"ours3.total",5.71,7.32,8.68,11.09,8.7,41.49,-1,4.08,31.81
114,"titeet",3.5,4.2,5.3,9.9,7.1,30,-1,3.1,29.74
114,"tite12",3.4,3.9,4.8,8.7,6.2,27,-1,2.8,26.45
114,"bfet",4.11,5.54,6.99,10.1,9.48,36.22,-1,3.78,29.2
195,"ours0.s1",8.6,11.4,10.73,4.7,1.05,36.49,5.76,0,23.83
195,"ours0.s2",0,0.02,0.34,0.4,0.1,0.87,0.5,0,0.64
195,"ours0.total",8.61,11.43,11.07,5.11,1.15,37.36,6.26,6.24,24.48
195,"bf.s1",7.6,11.65,10.97,4.93,1.02,36.17,5.96,0,23.86
195,"bf.s2",0,0,0,0,0,0,0,0,0
195,"bf.total",7.6,11.65,10.97,4.93,1.02,36.17,5.96,6.27,23.86
195,"ours1.s1",8.43,11.05,10.56,4.79,1.17,35.99,5.96,0,18.96
195,"ours1.s2",0.05,0.14,0.52,0.55,0.12,1.38,0.67,0,1
195,"ours1.total",8.47,11.19,11.08,5.34,1.29,37.37,6.63,6.22,19.97
195,"ours2.s1",8.39,11.08,10.53,4.7,1.13,35.83,5.83,0,19.34
195,"ours2.s2",0.02,0.12,0.5,0.49,0.12,1.25,0.61,0,0.91
195,"ours2.total",8.41,11.2,11.03,5.19,1.24,37.08,6.44,6.18,20.26
195,"ours3.s1",8.38,11.03,10.59,4.87,1.14,36.01,6.01,0,19.41
195,"ours3.s2",0,0,0,0,0,0,0,0,0
195,"ours3.total",8.38,11.03,10.59,4.87,1.14,36.01,6.01,6.21,19.41
195,"titeet",5.7,8.4,10.8,4,1,29.9,5,5.5,17.74
195,"tite12",4.7,5.5,7.5,5.4,2.8,25.9,8.2,5.5,16.03
195,"bfet",6.33,8.74,10.17,5.31,1.56,32.12,6.87,5.8,16.6
164,"ours0.s1",5.81,7.47,8.96,11.38,8.5,42.12,-1,0,37.29
164,"ours0.s2",0,0,0.05,0.54,0.8,1.4,-1,0,1.54
164,"ours0.total",5.81,7.47,9.02,11.92,9.3,43.52,-1,4.05,38.83
164,"bf.s1",4.58,7.13,9.58,11.63,8.43,41.35,-1,0,37.32
164,"bf.s2",0,0,0,0,0,0,-1,0,0
164,"bf.total",4.58,7.13,9.58,11.63,8.43,41.35,-1,4.12,37.32
164,"ours1.s1",5.67,6.64,7.64,10.03,8.6,38.58,-1,0,26.82
164,"ours1.s2",0.13,0.45,1.03,1.41,0.94,3.97,-1,0,4.02
164,"ours1.total",5.81,7.09,8.67,11.44,9.54,42.55,-1,3.89,30.84
164,"ours2.s1",5.63,6.82,7.86,10.19,8.49,39,-1,0,27.38
164,"ours2.s2",0.08,0.35,0.75,1.31,0.99,3.48,-1,0,3.69
164,"ours2.total",5.72,7.17,8.62,11.5,9.48,42.49,-1,3.86,31.07
164,"ours3.s1",5.56,6.87,7.87,10.17,8.52,38.98,-1,0,27.32
164,"ours3.s2",0,0,0,0,0,0,-1,0,0
164,"ours3.total",5.56,6.87,7.87,10.17,8.52,38.98,-1,3.86,27.32
164,"titeet",3.5,4.2,5.5,10.1,6.7,30,-1,3.1,29.35
164,"tite12",3.5,4,4.9,8.5,6.2,27.1,-1,2.8,26.22
164,"bfet",4.01,5.3,6.59,9.02,9.6,34.53,-1,3.7,24.6
255,"ours0.s1",8.67,11.45,10.84,4.72,0.93,36.61,5.65,0,29.91
255,"ours0.s2",0,0.02,0.33,0.41,0.1,0.87,0.51,0,0.8
255,"ours0.total",8.67,11.48,11.18,5.13,1.03,37.48,6.16,6.24,30.71
255,"bf.s1",7.6,11.65,11.05,4.96,1.02,36.28,5.98,0,29.93
255,"bf.s2",0,0,0,0,0,0,0,0,0
255,"bf.total",7.6,11.65,11.05,4.96,1.02,36.28,5.98,6.26,29.93
255,"ours1.s1",8.48,11.06,10.67,4.91,1.11,36.24,6.03,0,20.97
255,"ours1.s2",0.04,0.14,0.47,0.56,0.16,1.36,0.72,0,1.22
255,"ours1.total",8.52,11.2,11.13,5.47,1.27,37.6,6.75,6.21,22.19
255,"ours2.s1",8.48,11.18,10.65,4.75,1.11,36.16,5.86,0,21.37
255,"ours2.s2",0.02,0.1,0.5,0.55,0.13,1.3,0.68,0,1.16
255,"ours2.total",8.5,11.28,11.14,5.3,1.23,37.45,6.54,6.21,22.53
255,"ours3.s1",8.49,11.07,10.64,4.84,1.17,36.22,6.01,0,21.43
255,"ours3.s2",0,0,0,0,0,0,0,0,0
255,"ours3.total",8.49,11.07,10.64,4.84,1.17,36.22,6.01,6.22,21.43
255,"titeet",5.6,8.5,10.5,4,1.1,29.7,5.1,5.5,22.76
255,"tite12",4.9,5.6,7.5,5.4,2.9,26.3,8.3,5.5,21.07
255,"bfet",6.4,8.63,10.08,5.29,1.53,31.93,6.82,5.77,17.6
157,"ours0.s1",11.64,12.44,9.07,3.57,0.75,37.48,4.33,0,31.89
157,"ours0.s2",0.01,0.05,0.26,0.2,0.07,0.57,0.26,0,0.64
157,"ours0.total",11.65,12.48,9.33,3.77,0.82,38.05,4.59,6.32,32.53
157,"bf.s1",10.99,12.83,9.3,3.71,0.81,37.64,4.52,0,32.01
157,"bf.s2",0,0,0,0,0,0,0,0,0
157,"bf.total",10.99,12.83,9.3,3.71,0.81,37.64,4.52,6.38,32.01
157,"ours1.s1",9.29,10.29,8.31,3.6,1.01,32.5,4.61,0,20.62
157,"ours1.s2",1.89,1.36,0.65,0.34,0.07,4.31,0.4,0,4.18
157,"ours1.total",11.18,11.66,8.96,3.94,1.08,36.81,5.02,5.78,24.8
157,"ours2.s1",9.54,10.35,8.22,3.64,0.99,32.74,4.63,0,20.91
157,"ours2.s2",1.62,1.31,0.7,0.33,0.05,4.01,0.38,0,4.01
157,"ours2.total",11.16,11.66,8.92,3.97,1.04,36.75,5.01,5.75,24.92
157,"ours3.s1",9.51,10.53,8.29,3.61,0.99,32.93,4.59,0,20.93
157,"ours3.s2",0,0,0,0,0,0,0,0,0
157,"ours3.total",9.51,10.53,8.29,3.61,0.99,32.93,4.59,5.71,20.93
157,"titeet",11.1,10.7,5.8,2,0.4,30,2.4,4.6,24.35
157,"tite12",6.9,6.5,5.1,3.4,1.8,23.7,5.2,4.5,20.26
157,"bfet",8.39,10.44,9.22,4.97,1.87,34.89,6.84,6.64,20.6
185,"ours0.s1",8.28,10.81,9.94,4.61,1.14,34.77,5.74,0,16.37
185,"ours0.s2",0.06,0.16,0.57,0.5,0.1,1.39,0.6,0,0.73
185,"ours0.total",8.34,10.97,10.51,5.11,1.24,36.17,6.35,5.94,17.1
185,"bf.s1",7.17,10.93,10.15,4.8,1.1,34.16,5.9,0,16.32
185,"bf.s2",0,0,0,0,0,0,0,0,0
185,"bf.total",7.17,10.93,10.15,4.8,1.1,34.16,5.9,6.01,16.32
185,"ours1.s1",7.59,9.74,9.35,4.54,1.24,32.46,5.78,0,13.31
185,"ours1.s2",0.61,0.87,0.98,0.69,0.12,3.26,0.81,0,1.62
185,"ours1.total",8.2,10.6,10.33,5.24,1.36,35.73,6.59,5.72,14.94
185,"ours2.s1",7.73,9.88,9.43,4.5,1.25,32.78,5.75,0,13.64
185,"ours2.s2",0.46,0.73,0.96,0.7,0.13,2.98,0.83,0,1.5
185,"ours2.total",8.19,10.6,10.39,5.2,1.38,35.76,6.58,5.73,15.13
185,"ours3.s1",7.65,9.84,9.49,4.61,1.31,32.9,5.92,0,13.59
185,"ours3.s2",0,0,0,0,0,0,0,0,0
185,"ours3.total",7.65,9.84,9.49,4.61,1.31,32.9,5.92,5.75,13.59
185,"titeet",5.7,8.4,10.8,4,1.1,30,5.1,5.5,13.18
185,"tite12",4.8,5.5,7.6,5.3,2.8,26,8.1,5.4,11.53
185,"bfet",5.8,8.25,9.95,5.65,1.95,31.6,7.6,6.07,12.7
174,"ours0.s1",5.82,7.48,9.02,11.75,8.55,42.62,-1,0,38.57
174,"ours0.s2",0,0,0.04,0.44,0.78,1.26,-1,0,1.37
174,"ours0.total",5.82,7.48,9.06,12.19,9.33,43.89,-1,4.12,39.94
174,"bf.s1",4.6,7.19,9.67,12.02,8.43,41.91,-1,0,38.67
174,"bf.s2",0,0,0,0,0,0,-1,0,0
174,"bf.total",4.6,7.19,9.67,12.02,8.43,41.91,-1,4.15,38.67
174,"ours1.s1",5.74,7.21,8.51,10.97,8.73,41.16,-1,0,31.17
174,"ours1.s2",0.02,0.11,0.35,0.83,0.96,2.27,-1,0,2.43
174,"ours1.total",5.76,7.32,8.86,11.8,9.69,43.43,-1,4.03,33.6
174,"ours2.s1",5.77,7.37,8.75,11.11,8.61,41.62,-1,0,31.85
174,"ours2.s2",0.02,0.06,0.25,0.77,0.97,2.07,-1,0,2.25
174,"ours2.total",5.79,7.43,9,11.88,9.58,43.68,-1,4.04,34.1
174,"ours3.s1",5.72,7.36,8.66,11.03,8.66,41.44,-1,0,31.83
174,"ours3.s2",0,0,0,0,0,0,-1,0,0
174,"ours3.total",5.72,7.36,8.66,11.03,8.66,41.44,-1,4.06,31.83
174,"titeet",3.5,4.3,5.5,10,6.7,30,-1,3.1,29.96
174,"tite12",3.4,3.9,4.9,8.6,6.2,27,-1,2.8,27.1
174,"bfet",4.18,5.64,7.05,10.08,9.49,36.44,-1,3.78,29.3
222,"ours0.s1",9.96,13.15,9.54,3.61,0.83,37.09,4.44,0,23.47
222,"ours0.s2",0,0.02,0.27,0.26,0.07,0.63,0.33,0,0.46
222,"ours0.total",9.96,13.17,9.82,3.88,0.9,37.72,4.77,6.41,23.93
222,"bf.s1",9.07,13.23,9.83,3.84,0.77,36.74,4.62,0,23.53
222,"bf.s2",0,0,0,0,0,0,0,0,0
222,"bf.total",9.07,13.23,9.83,3.84,0.77,36.74,4.62,6.51,23.53
222,"ours1.s1",9.66,12.66,9.29,3.85,0.95,36.41,4.81,0,18.78
222,"ours1.s2",0.08,0.14,0.41,0.36,0.12,1.13,0.49,0,0.82
222,"ours1.total",9.74,12.8,9.7,4.22,1.07,37.54,5.29,6.41,19.6
222,"ours2.s1",9.7,12.72,9.37,3.73,0.87,36.39,4.6,0,19.11
222,"ours2.s2",0.07,0.11,0.41,0.35,0.07,1,0.42,0,0.75
222,"ours2.total",9.77,12.83,9.77,4.08,0.94,37.39,5.02,6.36,19.86
222,"ours3.s1",9.64,12.75,9.39,3.82,0.89,36.49,4.71,0,19.17
222,"ours3.s2",0,0,0,0,0,0,0,0,0
222,"ours3.total",9.64,12.75,9.39,3.82,0.89,36.49,4.71,6.4,19.17
222,"titeet",6.6,12.3,7.4,2.9,0.7,29.9,3.6,5.3,17.69
222,"tite12",4.9,7.3,6.2,4.4,2.3,25.1,6.7,5.5,15.83
222,"bfet",7.33,11.22,8.99,4.11,1.22,32.88,5.33,5.95,16.1
99,"ours0.s1",7.11,10.3,10,6.69,2.97,37.08,2.97,0,21.5
99,"ours0.s2",0.47,0.82,0.87,0.63,0.18,2.97,0.18,0,2.07
99,"ours0.total",7.59,11.12,10.87,7.32,3.16,40.05,3.16,5.27,23.57
99,"bf.s1",5.6,9.76,10.73,7.29,2.99,36.37,2.99,0,21.49
99,"bf.s2",0,0,0,0,0,0,0,0,0
99,"bf.total",5.6,9.76,10.73,7.29,2.99,36.37,2.99,5.46,21.49
99,"ours1.s1",5.62,8.24,9.14,6.57,3.16,32.72,3.16,0,17.75
99,"ours1.s2",1.86,2.59,1.63,0.91,0.25,7.25,0.25,0,4.48
99,"ours1.total",7.48,10.83,10.77,7.48,3.41,39.96,3.41,4.96,22.22
99,"ours2.s1",5.87,8.56,9.31,6.4,3.01,33.16,3.01,0,18.15
99,"ours2.s2",1.6,2.41,1.51,0.93,0.23,6.67,0.23,0,4.15
99,"ours2.total",7.47,10.97,10.82,7.34,3.24,39.84,3.24,5,22.3
99,"ours3.s1",5.79,8.5,9.15,6.53,3.19,33.16,3.19,0,18.12
99,"ours3.s2",0,0,0,0,0,0,0,0,0
99,"ours3.total",5.79,8.5,9.15,6.53,3.19,33.16,3.19,4.96,18.12
99,"titeet",4.3,11,8.7,4.4,1.5,29.9,1.5,4,17.6
99,"tite12",4.2,6.9,6.2,5,2.8,25.1,2.8,3.8,14.72
99,"bfet",5.55,9.12,10.34,7.67,4.33,37.02,4.33,5.89,20.1
103,"ours0.s1",6.17,8.12,11.66,9.42,3.76,39.13,3.76,0,29.6
103,"ours0.s2",0.01,0.03,0.38,0.76,0.3,1.46,0.3,0,1.33
103,"ours0.total",6.18,8.14,12.04,10.18,4.05,40.59,4.05,5.42,30.93
103,"bf.s1",4.89,7.78,11.7,9.84,3.65,37.85,3.65,0,29.57
103,"bf.s2",0,0,0,0,0,0,0,0,0
103,"bf.total",4.89,7.78,11.7,9.84,3.65,37.85,3.65,5.46,29.57
103,"ours1.s1",5.82,7.28,10.64,8.82,3.88,36.44,3.88,0,23.89
103,"ours1.s2",0.17,0.52,1.13,1.21,0.45,3.48,0.45,0,2.92
103,"ours1.total",5.99,7.8,11.77,10.04,4.33,39.93,4.33,5.13,26.81
103,"ours2.s1",5.9,7.41,10.77,8.89,3.89,36.86,3.89,0,24.51
103,"ours2.s2",0.12,0.42,1.06,1.21,0.39,3.2,0.39,0,2.72
103,"ours2.total",6.02,7.83,11.82,10.1,4.27,40.05,4.27,5.17,27.23
103,"ours3.s1",5.8,7.38,10.78,8.9,3.89,36.75,3.89,0,24.32
103,"ours3.s2",0,0,0,0,0,0,0,0,0
103,"ours3.total",5.8,7.38,10.78,8.9,3.89,36.75,3.89,5.18,24.32
103,"titeet",3.9,5.1,10.9,7.2,2.8,29.9,2.8,4.3,22.65
103,"tite12",3.7,4.2,7.7,6.8,4,26.4,4,4.3,20.02
103,"bfet",4.29,5.86,10.07,9.32,4.91,34.45,4.91,5.29,22.9
192,"ours0.s1",9.94,13.05,9.57,3.75,0.8,37.11,4.55,0,23.46
192,"ours0.s2",0,0.02,0.27,0.25,0.07,0.61,0.31,0,0.44
192,"ours0.total",9.94,13.08,9.84,4,0.87,37.72,4.86,6.44,23.9
192,"bf.s1",9.07,13.24,9.83,3.85,0.78,36.76,4.63,0,23.48
192,"bf.s2",0,0,0,0,0,0,0,0,0
192,"bf.total",9.07,13.24,9.83,3.85,0.78,36.76,4.63,6.51,23.48
192,"ours1.s1",9.74,12.72,9.49,3.76,0.86,36.57,4.61,0,18.78
192,"ours1.s2",0.07,0.14,0.43,0.36,0.07,1.07,0.43,0,0.8
192,"ours1.total",9.82,12.86,9.91,4.11,0.93,37.64,5.05,6.42,19.58
192,"ours2.s1",9.74,12.72,9.41,3.82,0.9,36.59,4.72,0,19.16
192,"ours2.s2",0.05,0.09,0.44,0.35,0.08,1.01,0.43,0,0.75
192,"ours2.total",9.79,12.82,9.85,4.17,0.97,37.59,5.14,6.39,19.91
192,"ours3.s1",9.64,12.77,9.39,3.85,0.88,36.53,4.73,0,19.17
192,"ours3.s2",0,0,0,0,0,0,0,0,0
192,"ours3.total",9.64,12.77,9.39,3.85,0.88,36.53,4.73,6.42,19.17
192,"titeet",6.6,12.6,7.3,2.7,0.7,29.9,3.4,5.3,17.28
192,"tite12",4.9,7.3,6.2,4.5,2.3,25.2,6.8,5.4,15.35
192,"bfet",7.33,11.27,9.02,4.11,1.23,32.96,5.34,5.97,16
215,"ours0.s1",8.31,11.04,10.44,4.74,1.03,35.56,5.77,0,22.36
215,"ours0.s2",0,0.03,0.39,0.44,0.11,0.97,0.54,0,0.71
215,"ours0.total",8.32,11.07,10.83,5.18,1.13,36.52,6.31,6.08,23.07
215,"bf.s1",7.54,11.31,10.38,4.86,1.06,35.15,5.92,0,22.38
215,"bf.s2",0,0,0,0,0,0,0,0,0
215,"bf.total",7.54,11.31,10.38,4.86,1.06,35.15,5.92,6.14,22.38
215,"ours1.s1",7.88,9.9,9.48,4.58,1.23,33.08,5.82,0,15.29
215,"ours1.s2",0.45,0.7,0.94,0.67,0.16,2.92,0.83,0,1.98
215,"ours1.total",8.33,10.6,10.42,5.25,1.39,36,6.64,5.74,17.27
215,"ours2.s1",7.89,10.02,9.64,4.53,1.16,33.24,5.7,0,15.51
215,"ours2.s2",0.35,0.65,0.85,0.65,0.11,2.61,0.76,0,1.81
215,"ours2.total",8.24,10.67,10.49,5.18,1.28,35.85,6.46,5.77,17.32
215,"ours3.s1",7.91,10.08,9.58,4.61,1.19,33.38,5.81,0,15.53
215,"ours3.s2",0,0,0,0,0,0,0,0,0
215,"ours3.total",7.91,10.08,9.58,4.61,1.19,33.38,5.81,5.78,15.53
215,"titeet",5.7,8.4,10.8,4,1,29.9,5,5.5,17.46
215,"tite12",4.9,5.6,7.6,5.3,2.8,26.2,8.1,5.6,15.81
215,"bfet",5.83,8.19,9.88,5.69,1.96,31.56,7.65,6.06,13.7
123,"ours0.s1",6.07,7.95,11.16,9.1,3.81,38.09,3.81,0,28.24
123,"ours0.s2",0.02,0.07,0.51,0.88,0.33,1.81,0.33,0,1.64
123,"ours0.total",6.09,8.02,11.66,9.99,4.14,39.9,4.14,5.31,29.88
123,"bf.s1",4.81,7.61,11.2,9.49,3.7,36.81,3.7,0,28.18
123,"bf.s2",0,0,0,0,0,0,0,0,0
123,"bf.total",4.81,7.61,11.2,9.49,3.7,36.81,3.7,5.34,28.18
123,"ours1.s1",5.27,6.29,9.08,8.4,3.91,32.95,3.91,0,19.95
123,"ours1.s2",0.64,1.59,2.25,1.41,0.36,6.26,0.36,0,4.73
123,"ours1.total",5.91,7.88,11.33,9.81,4.28,39.21,4.28,4.87,24.69
123,"ours2.s1",5.32,6.43,9.38,8.43,3.77,33.33,3.77,0,20.37
123,"ours2.s2",0.55,1.27,2.02,1.38,0.38,5.6,0.38,0,4.32
123,"ours2.total",5.87,7.7,11.4,9.8,4.15,38.93,4.15,4.86,24.69
123,"ours3.s1",5.34,6.39,9.3,8.43,3.89,33.35,3.89,0,20.34
123,"ours3.s2",0,0,0,0,0,0,0,0,0
123,"ours3.total",5.34,6.39,9.3,8.43,3.89,33.35,3.89,4.83,20.34
123,"titeet",4,5.2,11.1,7.2,2.5,30,2.5,4.2,22.38
123,"tite12",3.7,4.3,7.8,6.8,3.9,26.5,3.9,4.2,19.76
123,"bfet",4.23,5.84,9.63,9.27,5.29,34.26,5.29,5.49,20.1
113,"ours0.s1",6.26,8.34,12.23,9.92,3.6,40.34,3.6,0,37.64
113,"ours0.s2",0,0.01,0.19,0.66,0.32,1.18,0.32,0,1.3
113,"ours0.total",6.26,8.34,12.42,10.58,3.92,41.52,3.92,5.59,38.94
113,"bf.s1",5.08,8.04,12.26,10.22,3.63,39.24,3.63,0,37.67
113,"bf.s2",0,0,0,0,0,0,0,0,0
113,"bf.total",5.08,8.04,12.26,10.22,3.63,39.24,3.63,5.6,37.67
113,"ours1.s1",6.14,8.01,11.71,9.56,3.91,39.33,3.91,0,30.24
113,"ours1.s2",0.02,0.13,0.45,0.94,0.4,1.94,0.4,0,2.06
113,"ours1.total",6.16,8.14,12.15,10.5,4.3,41.26,4.3,5.52,32.29
113,"ours2.s1",6.14,8.07,11.84,9.46,3.84,39.36,3.84,0,30.86
113,"ours2.s2",0.01,0.09,0.4,0.96,0.42,1.88,0.42,0,1.99
113,"ours2.total",6.15,8.16,12.25,10.42,4.26,41.23,4.26,5.5,32.85
113,"ours3.s1",6.09,7.97,11.85,9.52,3.89,39.32,3.89,0,30.81
113,"ours3.s2",0,0,0,0,0,0,0,0,0
113,"ours3.total",6.09,7.97,11.85,9.52,3.89,39.32,3.89,5.48,30.81
113,"titeet",4,5.2,10.9,7.2,2.7,30,2.7,4.2,28.11
113,"tite12",3.6,4.2,7.7,6.9,4,26.4,4,4.3,25.18
113,"bfet",4.46,6.16,10.64,9.68,4.54,35.48,4.54,5.32,27.8
144,"ours0.s1",5.77,7.52,8.95,11.69,8.5,42.44,-1,0,38.46
144,"ours0.s2",0,0,0.04,0.43,0.82,1.29,-1,0,1.4
144,"ours0.total",5.77,7.53,9,12.13,9.31,43.74,-1,4.08,39.86
144,"bf.s1",4.6,7.19,9.68,12.01,8.42,41.9,-1,0,38.6
144,"bf.s2",0,0,0,0,0,0,-1,0,0
144,"bf.total",4.6,7.19,9.68,12.01,8.42,41.9,-1,4.15,38.6
144,"ours1.s1",5.67,7.36,8.53,10.95,8.68,41.19,-1,0,31.11
144,"ours1.s2",0.02,0.1,0.32,0.8,0.98,2.22,-1,0,2.44
144,"ours1.total",5.69,7.46,8.85,11.75,9.66,43.41,-1,4.04,33.54
144,"ours2.s1",5.76,7.37,8.76,11.05,8.61,41.55,-1,0,31.79
144,"ours2.s2",0.01,0.06,0.22,0.79,0.97,2.05,-1,0,2.23
144,"ours2.total",5.78,7.43,8.97,11.84,9.58,43.6,-1,4.03,34.02
144,"ours3.s1",5.71,7.31,8.68,11.05,8.68,41.43,-1,0,31.82
144,"ours3.s2",0,0,0,0,0,0,-1,0,0
144,"ours3.total",5.71,7.31,8.68,11.05,8.68,41.43,-1,4.06,31.82
144,"titeet",3.5,4.3,5.5,10,6.7,30,-1,3.1,29.78
144,"tite12",3.4,3.9,4.8,8.7,6.2,27,-1,2.8,26.64
144,"bfet",4.14,5.59,7.01,10.1,9.5,36.34,-1,3.78,29.2
133,"ours0.s1",6.12,8.19,11.61,9.41,3.71,39.05,3.71,0,29.75
133,"ours0.s2",0.01,0.03,0.35,0.73,0.33,1.46,0.33,0,1.32
133,"ours0.total",6.13,8.23,11.96,10.15,4.04,40.5,4.04,5.42,31.06
133,"bf.s1",4.89,7.79,11.71,9.84,3.64,37.87,3.64,0,29.62
133,"bf.s2",0,0,0,0,0,0,0,0,0
133,"bf.total",4.89,7.79,11.71,9.84,3.64,37.87,3.64,5.46,29.62
133,"ours1.s1",5.81,7.37,10.6,8.71,3.85,36.35,3.85,0,23.85
133,"ours1.s2",0.19,0.55,1.12,1.27,0.37,3.51,0.37,0,2.91
133,"ours1.total",6.01,7.93,11.72,9.98,4.23,39.85,4.23,5.17,26.76
133,"ours2.s1",5.92,7.41,10.64,8.84,3.91,36.71,3.91,0,24.48
133,"ours2.s2",0.15,0.46,1.05,1.21,0.39,3.26,0.39,0,2.76
133,"ours2.total",6.06,7.87,11.69,10.05,4.3,39.97,4.3,5.16,27.25
133,"ours3.s1",5.83,7.4,10.76,8.9,3.86,36.74,3.86,0,24.32
133,"ours3.s2",0,0,0,0,0,0,0,0,0
133,"ours3.total",5.83,7.4,10.76,8.9,3.86,36.74,3.86,5.18,24.32
133,"titeet",3.9,5.1,11,7.3,2.7,30,2.7,4.3,23.04
133,"tite12",3.7,4.3,7.7,6.8,4,26.5,4,4.3,20.53
133,"bfet",4.33,5.87,10.09,9.34,4.93,34.56,4.93,5.3,23.1
173,"ours0.s1",6.25,8.33,12.14,9.9,3.66,40.28,3.66,0,37.78
173,"ours0.s2",0,0.01,0.22,0.68,0.32,1.22,0.32,0,1.32
173,"ours0.total",6.25,8.33,12.36,10.58,3.98,41.5,3.98,5.58,39.1
173,"bf.s1",5.08,8.04,12.27,10.22,3.63,39.24,3.63,0,37.76
173,"bf.s2",0,0,0,0,0,0,0,0,0
173,"bf.total",5.08,8.04,12.27,10.22,3.63,39.24,3.63,5.6,37.76
173,"ours1.s1",6.09,7.91,11.78,9.48,3.86,39.13,3.86,0,30.28
173,"ours1.s2",0.03,0.13,0.5,0.96,0.41,2.03,0.41,0,2.21
173,"ours1.total",6.12,8.04,12.29,10.44,4.27,41.16,4.27,5.49,32.48
173,"ours2.s1",6.17,8.06,11.85,9.53,3.87,39.48,3.87,0,30.86
173,"ours2.s2",0.02,0.1,0.4,0.93,0.41,1.85,0.41,0,1.98
173,"ours2.total",6.18,8.16,12.25,10.46,4.27,41.33,4.27,5.49,32.83
173,"ours3.s1",6.1,7.99,11.8,9.52,3.88,39.29,3.88,0,30.83
173,"ours3.s2",0,0,0,0,0,0,0,0,0
173,"ours3.total",6.1,7.99,11.8,9.52,3.88,39.29,3.88,5.47,30.83
173,"titeet",4,5.3,11,7.1,2.6,30,2.6,4.2,28.55
173,"tite12",3.7,4.3,7.7,6.8,4.1,26.6,4.1,4.3,26.06
173,"bfet",4.53,6.21,10.63,9.66,4.55,35.57,4.55,5.31,27.9
130,"ours0.s1",8.4,11.08,9.96,7.38,4.7,41.52,-1,0,27.79
130,"ours0.s2",0.07,0.19,0.52,0.77,0.45,1.99,-1,0,1.8
130,"ours0.total",8.47,11.27,10.48,8.15,5.14,43.51,-1,5.25,29.58
130,"bf.s1",7.05,10.59,10.66,7.99,4.55,40.84,-1,0,27.87
130,"bf.s2",0,0,0,0,0,0,-1,0,0
130,"bf.total",7.05,10.59,10.66,7.99,4.55,40.84,-1,5.36,27.87
130,"ours1.s1",6.34,8.14,7.81,6.14,4.66,33.1,-1,0,19.42
130,"ours1.s2",1.16,2.27,2.03,1.52,0.44,7.43,-1,0,5.41
130,"ours1.total",7.51,10.41,9.84,7.66,5.1,40.53,-1,4.42,24.83
130,"ours2.s1",6.47,8.39,7.97,6.15,4.76,33.73,-1,0,19.94
130,"ours2.s2",0.95,2.08,1.87,1.56,0.49,6.94,-1,0,5.15
130,"ours2.total",7.42,10.46,9.84,7.71,5.24,40.67,-1,4.41,25.09
130,"ours3.s1",6.45,8.44,7.93,6.21,4.75,33.78,-1,0,19.92
130,"ours3.s2",0,0,0,0,0,0,-1,0,0
130,"ours3.total",6.45,8.44,7.93,6.21,4.75,33.78,-1,4.43,19.92
130,"titeet",5.1,11.4,7.5,4.1,1.8,29.9,-1,3.5,21.33
130,"tite12",4,6.6,6,5.2,3.5,25.3,-1,3.4,18.33
130,"bfet",5.87,8.69,9.03,7.28,6.32,37.2,-1,5.09,21
232,"ours0.s1",10.16,13.61,9.74,3.58,0.73,37.82,4.31,0,30.88
232,"ours0.s2",0,0.02,0.23,0.21,0.06,0.52,0.27,0,0.48
232,"ours0.total",10.16,13.63,9.97,3.8,0.79,38.34,4.58,6.51,31.36
232,"bf.s1",9.18,13.59,10.26,4.03,0.77,37.83,4.8,0,31.02
232,"bf.s2",0,0,0,0,0,0,0,0,0
232,"bf.total",9.18,13.59,10.26,4.03,0.77,37.83,4.8,6.68,31.02
232,"ours1.s1",10.03,13.45,10.02,3.81,0.77,38.07,4.57,0,24.64
232,"ours1.s2",0.01,0.03,0.29,0.33,0.1,0.75,0.43,0,0.65
232,"ours1.total",10.04,13.48,10.3,4.14,0.87,38.83,5,6.66,25.29
232,"ours2.s1",10.15,13.33,10,3.79,0.76,38.02,4.54,0,25.06
232,"ours2.s2",0,0.03,0.32,0.32,0.08,0.76,0.4,0,0.67
232,"ours2.total",10.15,13.37,10.32,4.11,0.84,38.78,4.95,6.64,25.73
232,"ours3.s1",9.92,13.33,10.01,3.93,0.85,38.05,4.78,0,25.15
232,"ours3.s2",0,0,0,0,0,0,0,0,0
232,"ours3.total",9.92,13.33,10.01,3.93,0.85,38.05,4.78,6.64,25.15
232,"titeet",6.8,12.6,7.3,2.6,0.6,29.9,3.2,5.2,22.25
232,"tite12",4.8,7.3,6.2,4.6,2.4,25.3,7,5.4,20.64
232,"bfet",7.85,12.09,9.22,4.02,1.08,34.26,5.1,5.96,20.4
128,"ours0.s1",11.31,10.9,9.01,5.58,2.3,39.1,2.3,0,26.46
128,"ours0.s2",0.1,0.24,0.43,0.47,0.18,1.42,0.18,0,1.32
128,"ours0.total",11.41,11.14,9.44,6.05,2.48,40.52,2.48,6.06,27.78
128,"bf.s1",10.09,11.35,9.76,5.95,2.31,39.45,2.31,0,26.57
128,"bf.s2",0,0,0,0,0,0,0,0,0
128,"bf.total",10.09,11.35,9.76,5.95,2.31,39.45,2.31,6.18,26.57
128,"ours1.s1",8.5,8.34,7.55,5.19,2.47,32.05,2.47,0,18.7
128,"ours1.s2",2.07,1.92,1.32,0.76,0.22,6.29,0.22,0,4.73
128,"ours1.total",10.57,10.26,8.87,5.95,2.69,38.34,2.69,5.21,23.44
128,"ours2.s1",8.87,8.51,7.61,5.2,2.43,32.62,2.43,0,19.2
128,"ours2.s2",1.86,1.79,1.29,0.77,0.17,5.87,0.17,0,4.48
128,"ours2.total",10.73,10.3,8.9,5.96,2.6,38.49,2.6,5.28,23.68
128,"ours3.s1",8.73,8.54,7.73,5.28,2.53,32.81,2.53,0,19.24
128,"ours3.s2",0,0,0,0,0,0,0,0,0
128,"ours3.total",8.73,8.54,7.73,5.28,2.53,32.81,2.53,5.28,19.24
128,"titeet",11.9,9.3,5.7,2.4,0.7,30,0.7,3.8,20.39
128,"tite12",6.5,6.2,5,4,2.2,23.9,2.2,3.9,16.87
128,"bfet",8.78,9.8,9.27,6.75,3.69,38.3,3.69,6.42,21.2
100,"ours0.s1",7.44,9.81,8.72,6.7,4.77,37.45,-1,0,21.68
100,"ours0.s2",0.31,0.8,1.11,1.02,0.47,3.71,-1,0,2.5
100,"ours0.total",7.75,10.61,9.83,7.73,5.24,41.16,-1,4.86,24.18
100,"bf.s1",6.09,8.95,9.42,7.59,4.68,36.74,-1,0,21.62
100,"bf.s2",0,0,0,0,0,0,-1,0,0
100,"bf.total",6.09,8.95,9.42,7.59,4.68,36.74,-1,4.95,21.62
100,"ours1.s1",6.14,7.95,7.62,6.1,4.65,32.45,-1,0,17.7
100,"ours1.s2",1.18,2.45,2.15,1.59,0.43,7.79,-1,0,4.74
100,"ours1.total",7.32,10.39,9.76,7.69,5.07,40.24,-1,4.36,22.45
100,"ours2.s1",6.26,8.17,7.9,6.2,4.66,33.19,-1,0,18.24
100,"ours2.s2",1.06,2.2,2.09,1.52,0.49,7.36,-1,0,4.52
100,"ours2.total",7.32,10.37,9.99,7.72,5.15,40.55,-1,4.42,22.75
100,"ours3.s1",6.22,8.16,7.79,6.15,4.79,33.1,-1,0,18.14
100,"ours3.s2",0,0,0,0,0,0,-1,0,0
100,"ours3.total",6.22,8.16,7.79,6.15,4.79,33.1,-1,4.39,18.14
100,"titeet",5.1,11.1,7.4,4.3,1.9,29.8,-1,3.6,17.52
100,"tite12",4.1,6.7,5.9,5,3.4,25.1,-1,3.3,14.63
100,"bfet",5.86,8.73,9.07,7.31,6.29,37.27,-1,5.09,20.1
160,"ours0.s1",8.73,11.52,10.61,7.66,4.48,43,-1,0,34.61
160,"ours0.s2",0.01,0.04,0.25,0.6,0.41,1.3,-1,0,1.39
160,"ours0.total",8.73,11.55,10.86,8.26,4.89,44.29,-1,5.5,36
160,"bf.s1",7.68,11.46,11.18,8.13,4.42,42.88,-1,0,34.79
160,"bf.s2",0,0,0,0,0,0,-1,0,0
160,"bf.total",7.68,11.46,11.18,8.13,4.42,42.88,-1,5.59,34.79
160,"ours1.s1",6.7,8.83,8.15,6.27,4.59,34.54,-1,0,22.1
160,"ours1.s2",0.87,1.78,1.86,1.49,0.47,6.48,-1,0,5.72
160,"ours1.total",7.58,10.61,10.01,7.77,5.06,41.02,-1,4.56,27.82
160,"ours2.s1",6.86,8.95,8.29,6.37,4.56,35.03,-1,0,22.43
160,"ours2.s2",0.77,1.73,1.73,1.34,0.5,6.07,-1,0,5.47
160,"ours2.total",7.63,10.68,10.02,7.71,5.06,41.1,-1,4.58,27.9
160,"ours3.s1",6.79,8.99,8.24,6.37,4.71,35.11,-1,0,22.46
160,"ours3.s2",0,0,0,0,0,0,-1,0,0
160,"ours3.total",6.79,8.99,8.24,6.37,4.71,35.11,-1,4.59,22.46
160,"titeet",5.1,11.5,7.5,4.1,1.8,30,-1,3.6,25.82
160,"tite12",4,6.5,6,5.2,3.6,25.3,-1,3.4,22.71
160,"bfet",5.83,8.64,8.99,7.29,6.35,37.09,-1,5.1,22
163,"ours0.s1",6.18,8.22,11.86,9.55,3.77,39.59,3.77,0,36.09
163,"ours0.s2",0,0.01,0.24,0.72,0.33,1.29,0.33,0,1.39
163,"ours0.total",6.18,8.23,12.1,10.27,4.1,40.88,4.1,5.47,37.48
163,"bf.s1",5.06,8,11.9,9.94,3.65,38.55,3.65,0,36.14
163,"bf.s2",0,0,0,0,0,0,0,0,0
163,"bf.total",5.06,8,11.9,9.94,3.65,38.55,3.65,5.5,36.14
163,"ours1.s1",6,7.42,10.77,8.83,3.91,36.92,3.91,0,26.04
163,"ours1.s2",0.13,0.46,1.03,1.24,0.4,3.27,0.4,0,3.36
163,"ours1.total",6.13,7.88,11.8,10.07,4.31,40.19,4.31,5.21,29.39
163,"ours2.s1",6.02,7.6,10.92,8.83,3.82,37.18,3.82,0,26.52
163,"ours2.s2",0.1,0.4,0.9,1.2,0.44,3.05,0.44,0,3.16
163,"ours2.total",6.12,8,11.82,10.03,4.26,40.23,4.26,5.23,29.68
163,"ours3.s1",5.96,7.57,10.89,8.96,3.81,37.18,3.81,0,26.51
163,"ours3.s2",0,0,0,0,0,0,0,0,0
163,"ours3.total",5.96,7.57,10.89,8.96,3.81,37.18,3.81,5.19,26.51
163,"titeet",4,5.2,10.9,7.2,2.6,29.9,2.6,4.2,27.77
163,"tite12",3.7,4.4,7.8,6.7,4,26.6,4,4.3,25.1
163,"bfet",4.38,5.92,10.06,9.31,4.9,34.57,4.9,5.31,24
143,"ours0.s1",6.24,8.22,12.21,9.92,3.7,40.29,3.7,0,37.71
143,"ours0.s2",0,0.01,0.19,0.66,0.28,1.13,0.28,0,1.26
143,"ours0.total",6.24,8.23,12.4,10.58,3.98,41.42,3.98,5.6,38.97
143,"bf.s1",5.08,8.04,12.26,10.22,3.63,39.24,3.63,0,37.68
143,"bf.s2",0,0,0,0,0,0,0,0,0
143,"bf.total",5.08,8.04,12.26,10.22,3.63,39.24,3.63,5.6,37.68
143,"ours1.s1",6.16,8.04,11.67,9.4,3.9,39.16,3.9,0,30.2
143,"ours1.s2",0.03,0.12,0.47,1,0.43,2.05,0.43,0,2.16
143,"ours1.total",6.18,8.16,12.15,10.39,4.33,41.22,4.33,5.48,32.37
143,"ours2.s1",6.04,8.09,11.91,9.54,3.84,39.42,3.84,0,30.91
143,"ours2.s2",0.01,0.09,0.39,0.94,0.38,1.81,0.38,0,1.96
143,"ours2.total",6.06,8.18,12.3,10.48,4.22,41.23,4.22,5.54,32.87
143,"ours3.s1",6.09,7.97,11.84,9.51,3.87,39.28,3.87,0,30.81
143,"ours3.s2",0,0,0,0,0,0,0,0,0
143,"ours3.total",6.09,7.97,11.84,9.51,3.87,39.28,3.87,5.48,30.81
143,"titeet",4,5.2,11,7.1,2.7,30,2.7,4.2,28.17
143,"tite12",3.6,4.2,7.7,6.9,4.1,26.5,4.1,4.3,25.55
143,"bfet",4.49,6.18,10.63,9.67,4.56,35.54,4.56,5.32,27.8
271,"ours0.s1",13.61,10.65,4.28,0.98,0.15,29.66,5.41,0,10.16
271,"ours0.s2",0,0.04,0.09,0.05,0.01,0.2,0.16,0,0.08
271,"ours0.total",13.61,10.69,4.37,1.03,0.17,29.86,5.57,6.63,10.24
271,"bf.s1",13.19,10.91,4.45,0.96,0.14,29.65,5.55,0,10.1
271,"bf.s2",0,0,0,0,0,0,0,0,0
271,"bf.total",13.19,10.91,4.45,0.96,0.14,29.65,5.55,6.68,10.1
271,"ours1.s1",13.23,10.59,4.47,1.14,0.19,29.62,5.8,0,8.26
271,"ours1.s2",0.05,0.13,0.15,0.07,0.01,0.4,0.23,0,0.16
271,"ours1.total",13.28,10.72,4.62,1.21,0.2,30.02,6.02,6.74,8.42
271,"ours2.s1",13.28,10.63,4.52,1.1,0.17,29.69,5.79,0,8.43
271,"ours2.s2",0.03,0.09,0.15,0.06,0.01,0.34,0.22,0,0.13
271,"ours2.total",13.31,10.72,4.67,1.16,0.18,30.03,6,6.75,8.56
271,"ours3.s1",13.25,10.55,4.44,1.08,0.19,29.51,5.72,0,8.37
271,"ours3.s2",0,0,0,0,0,0,0,0,0
271,"ours3.total",13.25,10.55,4.44,1.08,0.19,29.51,5.72,6.68,8.37
271,"titeet",15.6,9.4,3.7,1,0.2,29.9,4.9,6.4,8.19
271,"tite12",7.9,6.6,4.5,2.8,1.4,23.2,8.7,6.1,7.03
271,"bfet",11.58,9.82,4.67,1.3,0.29,27.67,6.26,6.09,6.7
186,"ours0.s1",6.1,7.87,9.63,9.51,4.4,37.51,4.4,0,17.23
186,"ours0.s2",0.04,0.12,0.39,1,0.47,2.02,0.47,0,1.07
186,"ours0.total",6.14,7.99,10.02,10.51,4.87,39.53,4.87,5.14,18.31
186,"bf.s1",4.64,7.33,10.16,9.7,4.22,36.05,4.22,0,17.16
186,"bf.s2",0,0,0,0,0,0,0,0,0
186,"bf.total",4.64,7.33,10.16,9.7,4.22,36.05,4.22,5.16,17.16
186,"ours1.s1",5.5,6.89,8.57,8.93,4.52,34.41,4.52,0,13.92
186,"ours1.s2",0.41,0.95,1.27,1.46,0.59,4.68,0.59,0,2.26
186,"ours1.total",5.91,7.85,9.83,10.4,5.11,39.09,5.11,4.93,16.18
186,"ours2.s1",5.63,7.09,8.81,8.91,4.32,34.75,4.32,0,14.24
186,"ours2.s2",0.33,0.73,1.09,1.4,0.55,4.1,0.55,0,2.01
186,"ours2.total",5.96,7.82,9.89,10.31,4.87,38.85,4.87,4.95,16.26
186,"ours3.s1",5.6,7.12,8.75,8.92,4.46,34.86,4.46,0,14.21
186,"ours3.s2",0,0,0,0,0,0,0,0,0
186,"ours3.total",5.6,7.12,8.75,8.92,4.46,34.86,4.46,4.88,14.21
186,"titeet",4,5.2,7.5,9.7,3.5,29.9,3.5,4.6,13.7
186,"tite12",4.1,4.8,5.5,7.9,4.9,27.2,4.9,4.3,12.33
186,"bfet",4.22,5.93,7.89,9.5,5.78,33.33,5.78,5.19,13.9
149,"ours0.s1",8.53,12.25,12.08,7.66,2.78,43.29,2.78,0,37.1
149,"ours0.s2",0,0.01,0.14,0.38,0.19,0.73,0.19,0,0.81
149,"ours0.total",8.53,12.26,12.22,8.04,2.97,44.02,2.97,5.92,37.92
149,"bf.s1",7.26,12.2,12.43,7.83,2.75,42.47,2.75,0,36.95
149,"bf.s2",0,0,0,0,0,0,0,0,0
149,"bf.total",7.26,12.2,12.43,7.83,2.75,42.47,2.75,5.98,36.95
149,"ours1.s1",8.19,11.76,11.45,7.22,2.98,41.6,2.98,0,29.85
149,"ours1.s2",0.1,0.22,0.4,0.64,0.29,1.65,0.29,0,1.82
149,"ours1.total",8.29,11.98,11.85,7.86,3.27,43.25,3.27,5.79,31.67
149,"ours2.s1",8.25,11.75,11.57,7.35,2.98,41.89,2.98,0,30.54
149,"ours2.s2",0.06,0.14,0.37,0.65,0.29,1.5,0.29,0,1.64
149,"ours2.total",8.31,11.88,11.93,8,3.27,43.39,3.27,5.81,32.18
149,"ours3.s1",8.15,11.79,11.46,7.35,3.08,41.83,3.08,0,30.33
149,"ours3.s2",0,0,0,0,0,0,0,0,0
149,"ours3.total",8.15,11.79,11.46,7.35,3.08,41.83,3.08,5.82,30.33
149,"titeet",4.5,10.9,8.6,4.5,1.5,30,1.5,4,27.14
149,"tite12",4,6.8,6.2,5.2,3.1,25.3,3.1,4,24.18
149,"bfet",6.19,10.5,11.14,7.39,3.49,38.7,3.49,5.62,27
182,"ours0.s1",9.53,12.29,8.73,3.66,0.93,35.14,4.6,0,16.14
182,"ours0.s2",0.11,0.19,0.44,0.28,0.06,1.07,0.33,0,0.6
182,"ours0.total",9.64,12.48,9.17,3.94,0.99,36.21,4.93,6.18,16.74
182,"bf.s1",8.5,12.28,9.16,3.76,0.87,34.57,4.63,0,16.1
182,"bf.s2",0,0,0,0,0,0,0,0,0
182,"bf.total",8.5,12.28,9.16,3.76,0.87,34.57,4.63,6.21,16.1
182,"ours1.s1",8.45,10.96,8.44,3.73,1.08,32.68,4.82,0,13.17
182,"ours1.s2",0.94,1.06,0.8,0.45,0.08,3.33,0.53,0,1.66
182,"ours1.total",9.39,12.03,9.24,4.19,1.16,36,5.35,5.87,14.83
182,"ours2.s1",8.65,11.18,8.43,3.61,0.95,32.81,4.56,0,13.44
182,"ours2.s2",0.78,0.94,0.77,0.48,0.07,3.04,0.55,0,1.55
182,"ours2.total",9.43,12.12,9.19,4.09,1.02,35.85,5.11,5.87,14.99
182,"ours3.s1",8.55,11.24,8.43,3.65,1.05,32.92,4.7,0,13.45
182,"ours3.s2",0,0,0,0,0,0,0,0,0
182,"ours3.total",8.55,11.24,8.43,3.65,1.05,32.92,4.7,5.88,13.45
182,"titeet",6.6,12.4,7.5,2.7,0.7,29.9,3.4,5.3,12.93
182,"tite12",5,7.5,6.2,4.3,2.2,25.2,6.5,5.2,11.01
182,"bfet",6.56,10.43,9.09,4.72,1.64,32.44,6.36,6.29,12.7
202,"ours0.s1",10.08,13.59,9.88,3.7,0.75,38,4.45,0,30.97
202,"ours0.s2",0,0.01,0.24,0.22,0.05,0.52,0.27,0,0.48
202,"ours0.total",10.08,13.6,10.12,3.93,0.79,38.52,4.72,6.57,31.45
202,"bf.s1",9.18,13.59,10.26,4.03,0.77,37.83,4.8,0,31.02
202,"bf.s2",0,0,0,0,0,0,0,0,0
202,"bf.total",9.18,13.59,10.26,4.03,0.77,37.83,4.8,6.68,31.02
202,"ours1.s1",10.09,13.37,9.91,3.93,0.79,38.09,4.72,0,24.61
202,"ours1.s2",0,0.03,0.32,0.36,0.1,0.81,0.46,0,0.7
202,"ours1.total",10.09,13.4,10.23,4.29,0.89,38.9,5.19,6.66,25.31
202,"ours2.s1",10.06,13.28,9.99,3.83,0.78,37.95,4.61,0,25.12
202,"ours2.s2",0.01,0.03,0.32,0.37,0.08,0.81,0.45,0,0.72
202,"ours2.total",10.07,13.31,10.32,4.19,0.87,38.75,5.06,6.64,25.84
202,"ours3.s1",9.93,13.35,10.05,3.93,0.83,38.09,4.76,0,25.15
202,"ours3.s2",0,0,0,0,0,0,0,0,0
202,"ours3.total",9.93,13.35,10.05,3.93,0.83,38.09,4.76,6.65,25.15
202,"titeet",6.8,12.9,7.1,2.5,0.6,29.9,3.1,5.2,22.07
202,"tite12",4.9,7.2,6.1,4.6,2.4,25.2,7,5.4,20.21
202,"bfet",7.85,12.11,9.24,4.05,1.07,34.33,5.12,5.96,20.4
109,"ours0.s1",8.21,11.86,11.36,7.16,2.8,41.4,2.8,0,29.27
109,"ours0.s2",0.03,0.08,0.28,0.47,0.21,1.06,0.21,0,1
109,"ours0.total",8.24,11.94,11.64,7.63,3.01,42.46,3.01,5.73,30.27
109,"bf.s1",6.86,11.65,11.99,7.56,2.79,40.85,2.79,0,29.17
109,"bf.s2",0,0,0,0,0,0,0,0,0
109,"bf.total",6.86,11.65,11.99,7.56,2.79,40.85,2.79,5.84,29.17
109,"ours1.s1",7.28,10.6,10.3,6.86,3.01,38.05,3.01,0,23.65
109,"ours1.s2",0.49,0.87,0.93,0.8,0.26,3.35,0.26,0,2.89
109,"ours1.total",7.77,11.48,11.23,7.66,3.27,41.4,3.27,5.37,26.54
109,"ours2.s1",7.45,10.86,10.41,6.75,2.97,38.45,2.97,0,24.16
109,"ours2.s2",0.4,0.69,0.84,0.8,0.25,2.98,0.25,0,2.58
109,"ours2.total",7.85,11.56,11.25,7.55,3.21,41.43,3.21,5.43,26.74
109,"ours3.s1",7.38,10.68,10.46,6.84,3.06,38.4,3.06,0,24.07
109,"ours3.s2",0,0,0,0,0,0,0,0,0
109,"ours3.total",7.38,10.68,10.46,6.84,3.06,38.4,3.06,5.42,24.07
109,"titeet",4.3,11,8.7,4.4,1.6,30,1.6,4.1,22.06
109,"tite12",4,6.8,6.2,5.1,3,25.1,3,4,18.85
109,"bfet",5.78,9.74,10.63,7.51,3.93,37.58,3.93,5.73,23.1
98,"ours0.s1",10.32,9.7,8.31,5.38,2.41,36.13,2.41,0,20.98
98,"ours0.s2",0.58,0.81,0.75,0.62,0.2,2.95,0.2,0,2.03
98,"ours0.total",10.9,10.51,9.06,6,2.61,39.08,2.61,5.64,23.01
98,"bf.s1",8.58,10.06,9.09,5.9,2.4,36.03,2.4,0,21
98,"bf.s2",0,0,0,0,0,0,0,0,0
98,"bf.total",8.58,10.06,9.09,5.9,2.4,36.03,2.4,5.8,21
98,"ours1.s1",8.17,8.19,7.57,5.2,2.49,31.61,2.49,0,17.3
98,"ours1.s2",2.39,2.08,1.35,0.75,0.2,6.76,0.2,0,4.2
98,"ours1.total",10.56,10.27,8.91,5.94,2.68,38.37,2.68,5.15,21.5
98,"ours2.s1",8.52,8.35,7.58,5.16,2.45,32.07,2.45,0,17.67
98,"ours2.s2",2.08,1.97,1.31,0.79,0.17,6.31,0.17,0,3.96
98,"ours2.total",10.6,10.32,8.89,5.95,2.62,38.38,2.62,5.24,21.64
98,"ours3.s1",8.48,8.35,7.62,5.31,2.56,32.32,2.56,0,17.78
98,"ours3.s2",0,0,0,0,0,0,0,0,0
98,"ours3.total",8.48,8.35,7.62,5.31,2.56,32.32,2.56,5.26,17.78
98,"titeet",12.1,9.2,5.6,2.4,0.7,30,0.7,4,17.12
98,"tite12",6.5,6.2,5,3.9,2.1,23.7,2.1,3.7,13.67
98,"bfet",8.79,9.8,9.28,6.74,3.69,38.31,3.69,6.45,20.3
252,"ours0.s1",9.95,13.14,9.65,3.86,0.8,37.4,4.66,0,29.2
252,"ours0.s2",0,0.02,0.21,0.25,0.08,0.56,0.33,0,0.52
252,"ours0.total",9.96,13.15,9.86,4.11,0.88,37.96,4.99,6.45,29.72
252,"bf.s1",9.09,13.27,9.88,3.82,0.72,36.79,4.54,0,29.3
252,"bf.s2",0,0,0,0,0,0,0,0,0
252,"bf.total",9.09,13.27,9.88,3.82,0.72,36.79,4.54,6.47,29.3
252,"ours1.s1",9.77,12.72,9.47,3.71,0.79,36.47,4.5,0,20.45
252,"ours1.s2",0.07,0.12,0.37,0.36,0.09,1.01,0.45,0,0.94
252,"ours1.total",9.84,12.85,9.84,4.07,0.88,37.48,4.95,6.4,21.39
252,"ours2.s1",9.98,12.87,9.4,3.58,0.77,36.6,4.34,0,20.88
252,"ours2.s2",0.04,0.08,0.37,0.34,0.09,0.92,0.43,0,0.87
252,"ours2.total",10.03,12.96,9.77,3.91,0.86,37.52,4.77,6.42,21.75
252,"ours3.s1",9.71,12.81,9.46,3.77,0.91,36.65,4.67,0,20.89
252,"ours3.s2",0,0,0,0,0,0,0,0,0
252,"ours3.total",9.71,12.81,9.46,3.77,0.91,36.65,4.67,6.41,20.89
252,"titeet",6.7,12.6,7.2,2.8,0.7,30,3.5,5.3,21.84
252,"tite12",5,7.4,6.1,4.4,2.3,25.2,6.7,5.3,20
252,"bfet",7.27,11.07,8.94,4.14,1.23,32.66,5.37,5.93,17
129,"ours0.s1",7.99,11.41,10.91,6.99,2.9,40.2,2.9,0,27.52
129,"ours0.s2",0.07,0.2,0.38,0.51,0.21,1.37,0.21,0,1.31
129,"ours0.total",8.06,11.61,11.29,7.5,3.11,41.57,3.11,5.56,28.83
129,"bf.s1",6.65,11.2,11.54,7.33,2.82,39.53,2.82,0,27.49
129,"bf.s2",0,0,0,0,0,0,0,0,0
129,"bf.total",6.65,11.2,11.54,7.33,2.82,39.53,2.82,5.67,27.49
129,"ours1.s1",5.88,8.53,9.33,6.44,3.07,33.25,3.07,0,19.46
129,"ours1.s2",1.71,2.41,1.6,0.89,0.23,6.84,0.23,0,5.08
129,"ours1.total",7.59,10.95,10.93,7.33,3.3,40.09,3.3,4.98,24.54
129,"ours2.s1",6.08,8.82,9.37,6.42,3,33.69,3,0,19.92
129,"ours2.s2",1.41,2.15,1.52,0.87,0.25,6.19,0.25,0,4.71
129,"ours2.total",7.5,10.96,10.89,7.29,3.24,39.88,3.24,5.01,24.63
129,"ours3.s1",6.04,8.78,9.33,6.47,3.12,33.73,3.12,0,19.87
129,"ours3.s2",0,0,0,0,0,0,0,0,0
129,"ours3.total",6.04,8.78,9.33,6.47,3.12,33.73,3.12,4.99,19.87
129,"titeet",4.4,11.1,8.8,4.3,1.4,30,1.4,4,21.49
129,"tite12",4.1,6.9,6.1,5.1,3,25.2,3,3.8,18.4
129,"bfet",5.58,9.12,10.3,7.66,4.39,37.06,4.39,5.89,21
245,"ours0.s1",8.35,11.12,10.5,4.69,0.98,35.64,5.67,0,28.79
245,"ours0.s2",0,0.03,0.36,0.42,0.1,0.92,0.52,0,0.83
245,"ours0.total",8.36,11.15,10.86,5.11,1.08,36.56,6.19,6.1,29.62
245,"bf.s1",7.55,11.38,10.58,4.9,1.06,35.46,5.96,0,28.79
245,"bf.s2",0,0,0,0,0,0,0,0,0
245,"bf.total",7.55,11.38,10.58,4.9,1.06,35.46,5.96,6.14,28.79
245,"ours1.s1",7.98,10.11,9.83,4.58,1.13,33.62,5.71,0,17.86
245,"ours1.s2",0.28,0.57,0.78,0.62,0.13,2.37,0.75,0,2.11
245,"ours1.total",8.26,10.68,10.61,5.2,1.26,36,6.45,5.85,19.98
245,"ours2.s1",8.02,10.27,9.9,4.63,1.1,33.94,5.74,0,18.2
245,"ours2.s2",0.2,0.46,0.75,0.61,0.13,2.16,0.74,0,1.96
245,"ours2.total",8.23,10.74,10.65,5.25,1.23,36.1,6.48,5.84,20.15
245,"ours3.s1",8.1,10.28,9.81,4.68,1.2,34.06,5.87,0,18.21
245,"ours3.s2",0,0,0,0,0,0,0,0,0
245,"ours3.total",8.1,10.28,9.81,4.68,1.2,34.06,5.87,5.86,18.21
245,"titeet",5.6,8.5,10.7,4,1,29.8,5,5.5,22.37
245,"tite12",4.8,5.6,7.6,5.4,2.8,26.2,8.2,5.6,20.61
245,"bfet",5.85,8.16,9.85,5.72,2,31.58,7.72,6.08,14.8
341,"ours0.s1",14.18,11.38,4.42,0.91,0.11,31,5.44,0,21.26
341,"ours0.s2",0,0.03,0.1,0.05,0.01,0.19,0.16,0,0.14
341,"ours0.total",14.19,11.4,4.51,0.96,0.12,31.19,5.6,6.88,21.39
341,"bf.s1",13.9,11.52,4.46,0.84,0.1,30.81,5.39,0,21.19
341,"bf.s2",0,0,0,0,0,0,0,0,0
341,"bf.total",13.9,11.52,4.46,0.84,0.1,30.81,5.39,6.86,21.19
341,"ours1.s1",14.2,11.36,4.47,0.89,0.11,31.02,5.46,0,14.71
341,"ours1.s2",0.01,0.04,0.14,0.06,0.01,0.26,0.21,0,0.18
341,"ours1.total",14.21,11.4,4.61,0.94,0.12,31.28,5.67,6.96,14.88
341,"ours2.s1",14.22,11.26,4.31,0.82,0.11,30.73,5.25,0,14.82
341,"ours2.s2",0.01,0.05,0.13,0.06,0.01,0.25,0.2,0,0.17
341,"ours2.total",14.22,11.31,4.44,0.88,0.13,30.98,5.44,6.87,14.99
341,"ours3.s1",14.11,11.3,4.54,0.93,0.13,31.01,5.6,0,14.89
341,"ours3.s2",0,0,0,0,0,0,0,0,0
341,"ours3.total",14.11,11.3,4.54,0.93,0.13,31.01,5.6,6.94,14.89
341,"titeet",15.9,9.2,3.4,1,0.2,29.7,4.6,6.4,16.61
341,"tite12",8.1,6.6,4.4,2.6,1.2,22.9,8.2,5.8,15.04
341,"bfet",12.47,10.09,4.3,1.16,0.23,28.25,5.69,5.82,11.3
262,"ours0.s1",10.17,13.56,9.78,3.65,0.75,37.91,4.39,0,30.97
262,"ours0.s2",0,0.02,0.22,0.22,0.05,0.51,0.27,0,0.47
262,"ours0.total",10.18,13.58,10,3.87,0.8,38.42,4.66,6.54,31.44
262,"bf.s1",9.18,13.58,10.27,4.03,0.76,37.83,4.8,0,31.09
262,"bf.s2",0,0,0,0,0,0,0,0,0
262,"bf.total",9.18,13.58,10.27,4.03,0.76,37.83,4.8,6.68,31.09
262,"ours1.s1",10.05,13.38,9.92,3.86,0.83,38.03,4.69,0,24.66
262,"ours1.s2",0.01,0.03,0.33,0.33,0.1,0.8,0.43,0,0.72
262,"ours1.total",10.06,13.41,10.25,4.19,0.93,38.83,5.12,6.61,25.37
262,"ours2.s1",10.07,13.24,9.87,3.84,0.83,37.85,4.67,0,25.03
262,"ours2.s2",0.01,0.02,0.29,0.32,0.11,0.74,0.43,0,0.66
262,"ours2.total",10.07,13.27,10.16,4.16,0.94,38.59,5.09,6.62,25.7
262,"ours3.s1",9.94,13.31,9.99,3.92,0.84,38,4.76,0,25.15
262,"ours3.s2",0,0,0,0,0,0,0,0,0
262,"ours3.total",9.94,13.31,9.99,3.92,0.84,38,4.76,6.64,25.15
262,"titeet",6.7,12.7,7.2,2.6,0.7,29.9,3.3,5.2,22.64
262,"tite12",5,7.2,6.1,4.5,2.4,25.2,6.9,5.5,21.22
262,"bfet",7.83,12.04,9.19,4.02,1.06,34.15,5.08,5.94,20.4
281,"ours0.s1",14.23,11.54,4.48,0.9,0.1,31.25,5.48,0,16.71
281,"ours0.s2",0,0.04,0.11,0.05,0,0.21,0.16,0,0.11
281,"ours0.total",14.23,11.58,4.59,0.95,0.1,31.46,5.64,6.94,16.82
281,"bf.s1",13.94,11.57,4.41,0.81,0.1,30.84,5.32,0,16.57
281,"bf.s2",0,0,0,0,0,0,0,0,0
281,"bf.total",13.94,11.57,4.41,0.81,0.1,30.84,5.32,6.86,16.57
281,"ours1.s1",14.08,11.34,4.51,0.89,0.13,30.96,5.53,0,13.26
281,"ours1.s2",0,0.04,0.16,0.06,0.01,0.27,0.23,0,0.14
281,"ours1.total",14.09,11.38,4.67,0.95,0.14,31.23,5.76,6.94,13.4
281,"ours2.s1",14.1,11.34,4.49,0.89,0.12,30.94,5.5,0,13.55
281,"ours2.s2",0,0.03,0.17,0.07,0.01,0.28,0.25,0,0.14
281,"ours2.total",14.11,11.37,4.66,0.96,0.13,31.23,5.75,6.9,13.69
281,"ours3.s1",14.1,11.35,4.55,0.94,0.13,31.08,5.63,0,13.53
281,"ours3.s2",0,0,0,0,0,0,0,0,0
281,"ours3.total",14.1,11.35,4.55,0.94,0.13,31.08,5.63,6.95,13.53
281,"titeet",16.4,9.2,3.2,0.8,0.2,29.8,4.2,6.3,12.3
281,"tite12",7.8,6.5,4.5,2.9,1.3,23,8.7,6.1,11.02
281,"bfet",12.8,10.4,4.35,1.16,0.23,28.94,5.74,6,10.3
179,"ours0.s1",8.43,12.23,12.07,7.65,2.81,43.18,2.81,0,37.23
179,"ours0.s2",0,0.01,0.14,0.41,0.22,0.77,0.22,0,0.83
179,"ours0.total",8.43,12.24,12.21,8.06,3.03,43.96,3.03,5.91,38.05
179,"bf.s1",7.26,12.2,12.43,7.83,2.75,42.48,2.75,0,37.03
179,"bf.s2",0,0,0,0,0,0,0,0,0
179,"bf.total",7.26,12.2,12.43,7.83,2.75,42.48,2.75,5.98,37.03
179,"ours1.s1",8.17,11.69,11.42,7.43,2.94,41.64,2.94,0,29.82
179,"ours1.s2",0.1,0.23,0.4,0.64,0.27,1.64,0.27,0,1.79
179,"ours1.total",8.27,11.92,11.82,8.07,3.21,43.28,3.21,5.82,31.61
179,"ours2.s1",8.15,11.78,11.59,7.42,3.03,41.98,3.03,0,30.49
179,"ours2.s2",0.06,0.17,0.36,0.65,0.29,1.53,0.29,0,1.65
179,"ours2.total",8.21,11.95,11.95,8.08,3.32,43.51,3.32,5.84,32.14
179,"ours3.s1",8.17,11.77,11.45,7.36,3.08,41.82,3.08,0,30.37
179,"ours3.s2",0,0,0,0,0,0,0,0,0
179,"ours3.total",8.17,11.77,11.45,7.36,3.08,41.82,3.08,5.83,30.37
179,"titeet",4.5,10.9,8.7,4.4,1.5,30,1.5,3.9,27.47
179,"tite12",4.1,6.7,6.3,5.2,3.1,25.4,3.1,4,24.62
179,"bfet",6.21,10.51,11.09,7.36,3.46,38.64,3.46,5.6,27.1
236,"ours0.s1",6.31,8.37,10.9,10.69,4.06,40.33,4.06,0,33.41
236,"ours0.s2",0,0,0.1,0.71,0.53,1.34,0.53,0,1.2
236,"ours0.total",6.31,8.37,11,11.4,4.59,41.68,4.59,5.54,34.61
236,"bf.s1",5.11,8.14,11.4,10.75,4.11,39.5,4.11,0,33.31
236,"bf.s2",0,0,0,0,0,0,0,0,0
236,"bf.total",5.11,8.14,11.4,10.75,4.11,39.5,4.11,5.52,33.31
236,"ours1.s1",6.2,8.28,10.56,10.47,4.48,39.99,4.48,0,26.82
236,"ours1.s2",0,0.01,0.15,0.85,0.66,1.68,0.66,0,1.4
236,"ours1.total",6.2,8.29,10.72,11.33,5.14,41.67,5.14,5.52,28.23
236,"ours2.s1",6.25,8.32,10.77,10.36,4.34,40.05,4.34,0,27.3
236,"ours2.s2",0,0,0.14,0.84,0.64,1.63,0.64,0,1.36
236,"ours2.total",6.25,8.32,10.91,11.2,4.99,41.67,4.99,5.47,28.66
236,"ours3.s1",6.17,8.25,10.81,10.47,4.44,40.14,4.44,0,27.41
236,"ours3.s2",0,0,0,0,0,0,0,0,0
236,"ours3.total",6.17,8.25,10.81,10.47,4.44,40.14,4.44,5.5,27.41
236,"titeet",4.2,5.5,7.5,9.4,3.3,29.9,3.3,4.4,25.02
236,"tite12",4,4.6,5.4,8,5.1,27.1,5.1,4.4,23.32
236,"bfet",4.75,6.73,8.99,10.31,4.75,35.52,4.75,5.07,24.2
226,"ours0.s1",6.18,8.28,10.58,10.17,4.23,39.46,4.23,0,25.36
226,"ours0.s2",0,0,0.15,0.81,0.52,1.48,0.52,0,1.05
226,"ours0.total",6.18,8.29,10.74,10.98,4.75,40.94,4.75,5.38,26.41
226,"bf.s1",5.08,8.06,11.01,10.36,4.15,38.67,4.15,0,25.27
226,"bf.s2",0,0,0,0,0,0,0,0,0
226,"bf.total",5.08,8.06,11.01,10.36,4.15,38.67,4.15,5.41,25.27
226,"ours1.s1",6.1,8.15,10.15,9.72,4.45,38.58,4.45,0,20.27
226,"ours1.s2",0.02,0.1,0.4,1.1,0.7,2.33,0.7,0,1.63
226,"ours1.total",6.13,8.26,10.56,10.82,5.15,40.91,5.15,5.31,21.89
226,"ours2.s1",6.14,8.18,10.2,9.8,4.33,38.64,4.33,0,20.64
226,"ours2.s2",0.01,0.08,0.31,1,0.62,2.03,0.62,0,1.44
226,"ours2.total",6.15,8.25,10.51,10.81,4.95,40.67,4.95,5.33,22.08
226,"ours3.s1",6.12,8.06,10.18,9.84,4.41,38.61,4.41,0,20.61
226,"ours3.s2",0,0,0,0,0,0,0,0,0
226,"ours3.total",6.12,8.06,10.18,9.84,4.41,38.61,4.41,5.28,20.61
226,"titeet",4.1,5.4,7.4,9.5,3.5,29.9,3.5,4.4,19.35
226,"tite12",4,4.6,5.5,8,5,27.1,5,4.6,17.81
226,"bfet",4.54,6.43,8.4,9.9,5.21,34.48,5.21,5.13,18.7
153,"ours0.s1",6.22,8.14,11.57,9.39,3.69,39.02,3.69,0,35.15
153,"ours0.s2",0,0.01,0.31,0.78,0.32,1.41,0.32,0,1.54
153,"ours0.total",6.22,8.15,11.88,10.17,4.01,40.43,4.01,5.4,36.69
153,"bf.s1",5.05,7.95,11.54,9.66,3.67,37.86,3.67,0,35.2
153,"bf.s2",0,0,0,0,0,0,0,0,0
153,"bf.total",5.05,7.95,11.54,9.66,3.67,37.86,3.67,5.41,35.2
153,"ours1.s1",5.61,6.6,9.49,8.46,3.84,34,3.84,0,23.07
153,"ours1.s2",0.42,1.22,1.94,1.41,0.4,5.39,0.4,0,4.91
153,"ours1.total",6.03,7.82,11.43,9.87,4.24,39.39,4.24,4.91,27.99
153,"ours2.s1",5.61,6.76,9.69,8.56,3.72,34.35,3.72,0,23.43
153,"ours2.s2",0.33,1.01,1.74,1.33,0.41,4.83,0.41,0,4.6
153,"ours2.total",5.94,7.78,11.43,9.9,4.13,39.18,4.13,4.92,28.03
153,"ours3.s1",5.62,6.74,9.63,8.52,3.71,34.22,3.71,0,23.34
153,"ours3.s2",0,0,0,0,0,0,0,0,0
153,"ours3.total",5.62,6.74,9.63,8.52,3.71,34.22,3.71,4.89,23.34
153,"titeet",4,5.2,11.1,7.2,2.5,30,2.5,4.2,27.46
153,"tite12",3.7,4.3,7.9,6.8,3.9,26.6,3.9,4.2,24.62
153,"bfet",4.25,5.89,9.59,9.23,5.27,34.23,5.27,5.48,21.1
206,"ours0.s1",6.19,8.32,10.82,10.83,4.29,40.45,4.29,0,33.38
206,"ours0.s2",0,0,0.09,0.65,0.5,1.25,0.5,0,1.12
206,"ours0.total",6.19,8.32,10.91,11.48,4.79,41.7,4.79,5.53,34.5
206,"bf.s1",5.11,8.14,11.4,10.75,4.11,39.5,4.11,0,33.31
206,"bf.s2",0,0,0,0,0,0,0,0,0
206,"bf.total",5.11,8.14,11.4,10.75,4.11,39.5,4.11,5.52,33.31
206,"ours1.s1",6.2,8.32,10.72,10.62,4.55,40.4,4.55,0,26.86
206,"ours1.s2",0,0,0.15,0.84,0.64,1.63,0.64,0,1.39
206,"ours1.total",6.2,8.32,10.87,11.46,5.19,42.04,5.19,5.54,28.24
206,"ours2.s1",6.22,8.43,10.72,10.34,4.34,40.04,4.34,0,27.34
206,"ours2.s2",0,0,0.13,0.89,0.62,1.65,0.62,0,1.41
206,"ours2.total",6.22,8.43,10.85,11.23,4.96,41.69,4.96,5.47,28.75
206,"ours3.s1",6.17,8.26,10.83,10.49,4.43,40.17,4.43,0,27.39
206,"ours3.s2",0,0,0,0,0,0,0,0,0
206,"ours3.total",6.17,8.26,10.83,10.49,4.43,40.17,4.43,5.52,27.39
206,"titeet",4.2,5.6,7.5,9.3,3.4,30,3.4,4.4,24.86
206,"tite12",3.9,4.6,5.5,8,5.1,27.1,5.1,4.5,22.95
206,"bfet",4.73,6.67,8.97,10.36,4.73,35.45,4.73,5.07,24.2
196,"ours0.s1",6.2,8.31,10.54,10.19,4.28,39.52,4.28,0,25.25
196,"ours0.s2",0,0,0.13,0.77,0.51,1.42,0.51,0,1.01
196,"ours0.total",6.2,8.32,10.67,10.96,4.79,40.94,4.79,5.41,26.26
196,"bf.s1",5.08,8.06,11.01,10.37,4.16,38.67,4.16,0,25.21
196,"bf.s2",0,0,0,0,0,0,0,0,0
196,"bf.total",5.08,8.06,11.01,10.37,4.16,38.67,4.16,5.41,25.21
196,"ours1.s1",6.15,8.07,10,9.83,4.46,38.52,4.46,0,20.26
196,"ours1.s2",0.03,0.09,0.4,1.06,0.6,2.17,0.6,0,1.53
196,"ours1.total",6.18,8.16,10.4,10.89,5.07,40.69,5.07,5.31,21.78
196,"ours2.s1",6.15,8.08,10.22,9.91,4.41,38.77,4.41,0,20.65
196,"ours2.s2",0.01,0.06,0.29,1.01,0.66,2.03,0.66,0,1.41
196,"ours2.total",6.16,8.13,10.51,10.92,5.07,40.8,5.07,5.32,22.06
196,"ours3.s1",6.11,8.06,10.18,9.83,4.44,38.61,4.44,0,20.6
196,"ours3.s2",0,0,0,0,0,0,0,0,0
196,"ours3.total",6.11,8.06,10.18,9.83,4.44,38.61,4.44,5.29,20.6
196,"titeet",4,5.3,7.4,9.6,3.6,29.9,3.6,4.5,19.1
196,"tite12",3.9,4.5,5.5,8.1,5,27,5,4.5,17.33
196,"bfet",4.49,6.33,8.36,9.92,5.19,34.29,5.19,5.13,18.6
178,"ours0.s1",11.8,11.95,10.19,5.96,2.19,42.1,2.19,0,36.13
178,"ours0.s2",0,0.02,0.21,0.38,0.17,0.78,0.17,0,0.83
178,"ours0.total",11.8,11.97,10.4,6.34,2.36,42.88,2.36,6.52,36.97
178,"bf.s1",11.13,12.4,10.68,6.42,2.24,42.86,2.24,0,36.4
178,"bf.s2",0,0,0,0,0,0,0,0,0
178,"bf.total",11.13,12.4,10.68,6.42,2.24,42.86,2.24,6.61,36.4
178,"ours1.s1",11.53,11.38,9.56,5.83,2.37,40.67,2.37,0,29.25
178,"ours1.s2",0.09,0.22,0.47,0.59,0.2,1.58,0.2,0,1.72
178,"ours1.total",11.62,11.6,10.03,6.42,2.57,42.25,2.57,6.25,30.97
178,"ours2.s1",11.53,11.38,9.67,5.91,2.36,40.85,2.36,0,29.8
178,"ours2.s2",0.08,0.18,0.44,0.58,0.22,1.5,0.22,0,1.62
178,"ours2.total",11.61,11.56,10.11,6.49,2.58,42.35,2.58,6.31,31.42
178,"ours3.s1",11.53,11.51,9.71,5.9,2.34,40.99,2.34,0,29.83
178,"ours3.s2",0,0,0,0,0,0,0,0,0
178,"ours3.total",11.53,11.51,9.71,5.9,2.34,40.99,2.34,6.35,29.83
178,"titeet",12.1,9.1,5.6,2.5,0.7,30,0.7,4,25.7
178,"tite12",6.4,6.1,5,4,2.2,23.7,2.2,3.9,22.62
178,"bfet",10.2,10.6,9.23,6.16,2.85,39.03,2.85,6.13,25.9
148,"ours0.s1",11.83,11.97,10.17,5.99,2.17,42.13,2.17,0,36.12
148,"ours0.s2",0,0.02,0.22,0.39,0.18,0.81,0.18,0,0.86
148,"ours0.total",11.83,11.99,10.39,6.38,2.35,42.94,2.35,6.49,36.98
148,"bf.s1",11.13,12.4,10.68,6.41,2.23,42.85,2.23,0,36.32
148,"bf.s2",0,0,0,0,0,0,0,0,0
148,"bf.total",11.13,12.4,10.68,6.41,2.23,42.85,2.23,6.61,36.32
148,"ours1.s1",11.56,11.45,9.6,5.93,2.37,40.91,2.37,0,29.26
148,"ours1.s2",0.08,0.22,0.46,0.62,0.21,1.59,0.21,0,1.74
148,"ours1.total",11.64,11.67,10.06,6.55,2.58,42.49,2.58,6.31,31
148,"ours2.s1",11.54,11.38,9.8,5.8,2.33,40.85,2.33,0,29.7
148,"ours2.s2",0.06,0.16,0.43,0.56,0.2,1.41,0.2,0,1.53
148,"ours2.total",11.59,11.55,10.23,6.36,2.53,42.26,2.53,6.29,31.23
148,"ours3.s1",11.53,11.49,9.71,5.91,2.32,40.95,2.32,0,29.8
148,"ours3.s2",0,0,0,0,0,0,0,0,0
148,"ours3.total",11.53,11.49,9.71,5.91,2.32,40.95,2.32,6.34,29.8
148,"titeet",11.9,9,5.6,2.6,0.8,29.9,0.8,4,25.45
148,"tite12",6.3,6,5,4.2,2.4,23.9,2.4,3.9,22.33
148,"bfet",10.2,10.6,9.28,6.16,2.87,39.11,2.87,6.13,25.9
331,"ours0.s1",13.53,10.94,4.22,0.8,0.09,29.58,5.11,0,19.63
331,"ours0.s2",0,0.04,0.11,0.07,0.01,0.23,0.19,0,0.17
331,"ours0.total",13.54,10.98,4.33,0.87,0.1,29.81,5.3,6.59,19.8
331,"bf.s1",13.27,10.94,4.35,0.84,0.09,29.5,5.29,0,19.57
331,"bf.s2",0,0,0,0,0,0,0,0,0
331,"bf.total",13.27,10.94,4.35,0.84,0.09,29.5,5.29,6.59,19.57
331,"ours1.s1",13.34,10.69,4.39,0.94,0.13,29.49,5.46,0,11.47
331,"ours1.s2",0.03,0.07,0.16,0.09,0.02,0.36,0.27,0,0.28
331,"ours1.total",13.37,10.76,4.55,1.03,0.15,29.85,5.73,6.65,11.74
331,"ours2.s1",13.34,10.69,4.49,0.97,0.12,29.6,5.57,0,11.63
331,"ours2.s2",0.02,0.06,0.17,0.08,0.02,0.35,0.26,0,0.27
331,"ours2.total",13.36,10.76,4.66,1.04,0.14,29.95,5.83,6.66,11.9
331,"ours3.s1",13.35,10.69,4.44,0.98,0.15,29.62,5.57,0,11.66
331,"ours3.s2",0,0,0,0,0,0,0,0,0
331,"ours3.total",13.35,10.69,4.44,0.98,0.15,29.62,5.57,6.68,11.66
331,"titeet",15.4,9.3,3.7,1,0.2,29.6,4.9,6.4,16.17
331,"tite12",8,6.7,4.4,2.6,1.2,22.9,8.2,6.1,14.38
331,"bfet",10.86,9.29,4.62,1.38,0.33,26.48,6.33,5.89,8.6
266,"ours0.s1",6.31,8.51,10.85,10.53,4.16,40.36,4.16,0,33.46
266,"ours0.s2",0,0,0.12,0.75,0.49,1.37,0.49,0,1.19
266,"ours0.total",6.31,8.52,10.98,11.28,4.64,41.73,4.64,5.52,34.65
266,"bf.s1",5.11,8.14,11.4,10.75,4.11,39.5,4.11,0,33.37
266,"bf.s2",0,0,0,0,0,0,0,0,0
266,"bf.total",5.11,8.14,11.4,10.75,4.11,39.5,4.11,5.52,33.37
266,"ours1.s1",6.19,8.29,10.58,10.53,4.51,40.11,4.51,0,26.87
266,"ours1.s2",0,0.01,0.17,0.78,0.6,1.57,0.6,0,1.37
266,"ours1.total",6.2,8.31,10.75,11.32,5.11,41.68,5.11,5.6,28.24
266,"ours2.s1",6.2,8.33,10.68,10.38,4.39,39.99,4.39,0,27.3
266,"ours2.s2",0,0.01,0.16,0.89,0.67,1.72,0.67,0,1.45
266,"ours2.total",6.21,8.34,10.84,11.27,5.06,41.71,5.06,5.49,28.75
266,"ours3.s1",6.19,8.25,10.77,10.45,4.46,40.13,4.46,0,27.42
266,"ours3.s2",0,0,0,0,0,0,0,0,0
266,"ours3.total",6.19,8.25,10.77,10.45,4.46,40.13,4.46,5.5,27.42
266,"titeet",4.2,5.6,7.5,9.2,3.5,30,3.5,4.4,25.38
266,"tite12",4,4.7,5.5,7.9,5.1,27.2,5.1,4.5,23.94
266,"bfet",4.76,6.77,8.97,10.26,4.74,35.49,4.74,5.07,24.2
311,"ours0.s1",14.24,11.53,4.47,0.88,0.09,31.22,5.44,0,16.78
311,"ours0.s2",0,0.04,0.1,0.05,0,0.18,0.14,0,0.1
311,"ours0.total",14.24,11.57,4.57,0.93,0.1,31.4,5.59,6.91,16.88
311,"bf.s1",13.94,11.57,4.41,0.81,0.1,30.83,5.32,0,16.6
311,"bf.s2",0,0,0,0,0,0,0,0,0
311,"bf.total",13.94,11.57,4.41,0.81,0.1,30.83,5.32,6.86,16.6
311,"ours1.s1",14.03,11.3,4.57,0.93,0.13,30.96,5.63,0,13.28
311,"ours1.s2",0,0.04,0.15,0.05,0.01,0.26,0.21,0,0.14
311,"ours1.total",14.04,11.34,4.71,0.98,0.15,31.22,5.84,6.94,13.42
311,"ours2.s1",14.05,11.31,4.54,0.9,0.11,30.9,5.54,0,13.51
311,"ours2.s2",0,0.04,0.15,0.07,0.01,0.27,0.23,0,0.14
311,"ours2.total",14.05,11.35,4.68,0.97,0.12,31.17,5.77,6.91,13.65
311,"ours3.s1",14.09,11.3,4.55,0.98,0.15,31.08,5.69,0,13.53
311,"ours3.s2",0,0,0,0,0,0,0,0,0
311,"ours3.total",14.09,11.3,4.55,0.98,0.15,31.08,5.69,6.95,13.53
311,"titeet",15.8,9.4,3.5,0.9,0.2,29.8,4.6,6.4,12.76
311,"tite12",7.9,6.6,4.4,2.7,1.3,22.9,8.4,6.2,11.66
311,"bfet",12.74,10.28,4.31,1.14,0.23,28.69,5.68,5.91,10.3
168,"ours0.s1",11.74,11.77,9.93,5.85,2.17,41.46,2.17,0,34.14
168,"ours0.s2",0.01,0.04,0.25,0.43,0.2,0.92,0.2,0,1
168,"ours0.total",11.75,11.81,10.18,6.28,2.37,42.38,2.37,6.39,35.14
168,"bf.s1",10.97,12.17,10.4,6.17,2.19,41.92,2.19,0,34.16
168,"bf.s2",0,0,0,0,0,0,0,0,0
168,"bf.total",10.97,12.17,10.4,6.17,2.19,41.92,2.19,6.5,34.16
168,"ours1.s1",10.63,10.08,8.54,5.56,2.45,37.26,2.45,0,24.54
168,"ours1.s2",0.53,0.8,0.84,0.73,0.21,3.12,0.21,0,3.2
168,"ours1.total",11.17,10.88,9.39,6.28,2.66,40.38,2.66,5.85,27.74
168,"ours2.s1",10.9,10.31,8.62,5.41,2.29,37.52,2.29,0,24.96
168,"ours2.s2",0.4,0.64,0.74,0.66,0.2,2.63,0.2,0,2.79
168,"ours2.total",11.3,10.95,9.36,6.06,2.48,40.16,2.48,5.82,27.76
168,"ours3.s1",10.77,10.38,8.81,5.55,2.44,37.96,2.44,0,25.16
168,"ours3.s2",0,0,0,0,0,0,0,0,0
168,"ours3.total",10.77,10.38,8.81,5.55,2.44,37.96,2.44,5.89,25.16
168,"titeet",12,9,5.6,2.6,0.8,30,0.8,4,24.69
168,"tite12",6.4,6,5,3.9,2.3,23.6,2.3,3.9,21.02
168,"bfet",9.49,10.13,9.23,6.48,3.34,38.66,3.34,6.25,23.8
139,"ours0.s1",8.15,11.74,11.37,7.22,2.93,41.41,2.93,0,29.35
139,"ours0.s2",0.03,0.08,0.28,0.45,0.18,1.02,0.18,0,0.96
139,"ours0.total",8.18,11.83,11.65,7.67,3.11,42.43,3.11,5.73,30.31
139,"bf.s1",6.87,11.68,12,7.55,2.79,40.89,2.79,0,29.23
139,"bf.s2",0,0,0,0,0,0,0,0,0
139,"bf.total",6.87,11.68,12,7.55,2.79,40.89,2.79,5.85,29.23
139,"ours1.s1",7.29,10.5,10.25,6.94,3.16,38.14,3.16,0,23.72
139,"ours1.s2",0.55,0.94,0.96,0.83,0.23,3.52,0.23,0,2.98
139,"ours1.total",7.84,11.44,11.21,7.77,3.39,41.65,3.39,5.44,26.7
139,"ours2.s1",7.42,10.83,10.45,6.79,2.94,38.43,2.94,0,24.18
139,"ours2.s2",0.42,0.73,0.82,0.79,0.29,3.06,0.29,0,2.62
139,"ours2.total",7.84,11.56,11.28,7.57,3.24,41.49,3.24,5.41,26.8
139,"ours3.s1",7.38,10.66,10.45,6.81,3.09,38.39,3.09,0,24.08
139,"ours3.s2",0,0,0,0,0,0,0,0,0
139,"ours3.total",7.38,10.66,10.45,6.81,3.09,38.39,3.09,5.42,24.08
139,"titeet",4.4,10.9,8.6,4.5,1.6,30,1.6,4.1,22.29
139,"tite12",4.1,6.8,6.2,5.1,3,25.2,3,3.9,19.28
139,"bfet",5.8,9.74,10.59,7.5,3.93,37.57,3.93,5.73,23.2
110,"ours0.s1",8.43,11.41,10.51,7.79,4.62,42.77,-1,0,29.66
110,"ours0.s2",0.02,0.1,0.37,0.66,0.4,1.56,-1,0,1.4
110,"ours0.total",8.45,11.52,10.88,8.45,5.02,44.33,-1,5.49,31.06
110,"bf.s1",7.3,11.12,11.09,8.33,4.59,42.44,-1,0,29.68
110,"bf.s2",0,0,0,0,0,0,-1,0,0
110,"bf.total",7.3,11.12,11.09,8.33,4.59,42.44,-1,5.56,29.68
110,"ours1.s1",7.69,10.21,9.01,6.72,4.65,38.28,-1,0,23.92
110,"ours1.s2",0.27,0.84,1.27,1.26,0.51,4.15,-1,0,3.39
110,"ours1.total",7.96,11.06,10.29,7.98,5.16,42.43,-1,4.98,27.31
110,"ours2.s1",7.72,10.43,9.34,6.84,4.63,38.96,-1,0,24.43
110,"ours2.s2",0.25,0.64,1.1,1.24,0.47,3.7,-1,0,3.06
110,"ours2.total",7.97,11.06,10.44,8.09,5.11,42.67,-1,5.01,27.5
110,"ours3.s1",7.69,10.42,9.32,6.86,4.66,38.96,-1,0,24.42
110,"ours3.s2",0,0,0,0,0,0,-1,0,0
110,"ours3.total",7.69,10.42,9.32,6.86,4.66,38.96,-1,5.03,24.42
110,"titeet",5,11.4,7.5,4.2,1.9,30,-1,3.5,21.91
110,"tite12",3.9,6.5,5.9,5.2,3.6,25.1,-1,3.5,18.92
110,"bfet",6.14,9.55,9.56,7.45,5.76,38.46,-1,5.1,23.5
119,"ours0.s1",8.54,12.34,12.08,7.56,2.72,43.24,2.72,0,37.03
119,"ours0.s2",0,0.01,0.14,0.38,0.19,0.72,0.19,0,0.8
119,"ours0.total",8.54,12.35,12.22,7.94,2.91,43.96,2.91,5.96,37.83
119,"bf.s1",7.26,12.2,12.43,7.83,2.75,42.47,2.75,0,36.95
119,"bf.s2",0,0,0,0,0,0,0,0,0
119,"bf.total",7.26,12.2,12.43,7.83,2.75,42.47,2.75,5.98,36.95
119,"ours1.s1",8.15,11.77,11.4,7.25,2.96,41.52,2.96,0,29.8
119,"ours1.s2",0.07,0.18,0.45,0.63,0.25,1.59,0.25,0,1.75
119,"ours1.total",8.22,11.95,11.85,7.88,3.21,43.1,3.21,5.78,31.56
119,"ours2.s1",8.26,11.84,11.58,7.25,2.88,41.81,2.88,0,30.5
119,"ours2.s2",0.06,0.13,0.37,0.68,0.27,1.51,0.27,0,1.64
119,"ours2.total",8.31,11.97,11.96,7.93,3.15,43.31,3.15,5.78,32.14
119,"ours3.s1",8.18,11.83,11.48,7.32,3.06,41.87,3.06,0,30.32
119,"ours3.s2",0,0,0,0,0,0,0,0,0
119,"ours3.total",8.18,11.83,11.48,7.32,3.06,41.87,3.06,5.82,30.32
119,"titeet",4.5,10.7,8.7,4.5,1.5,29.9,1.5,3.9,27.07
119,"tite12",3.9,6.7,6.2,5.3,3.1,25.2,3.1,4,23.74
119,"bfet",6.17,10.49,11.18,7.4,3.47,38.71,3.47,5.63,27
150,"ours0.s1",8.95,11.97,11.14,8.14,4.52,44.72,-1,0,37.68
150,"ours0.s2",0,0.01,0.21,0.53,0.44,1.19,-1,0,1.22
150,"ours0.total",8.95,11.99,11.35,8.67,4.96,45.91,-1,5.64,38.9
150,"bf.s1",7.78,11.87,11.67,8.6,4.44,44.36,-1,0,37.73
150,"bf.s2",0,0,0,0,0,0,-1,0,0
150,"bf.total",7.78,11.87,11.67,8.6,4.44,44.36,-1,5.76,37.73
150,"ours1.s1",8.53,11.4,10.46,7.78,4.74,42.91,-1,0,30.47
150,"ours1.s2",0.07,0.2,0.52,0.93,0.53,2.25,-1,0,2.34
150,"ours1.total",8.6,11.6,10.98,8.71,5.27,45.16,-1,5.43,32.81
150,"ours2.s1",8.58,11.56,10.67,7.74,4.54,43.1,-1,0,31.08
150,"ours2.s2",0.03,0.13,0.47,0.82,0.55,2.01,-1,0,2.1
150,"ours2.total",8.61,11.7,11.14,8.56,5.09,45.1,-1,5.46,33.18
150,"ours3.s1",8.54,11.54,10.6,7.7,4.63,43.01,-1,0,31.01
150,"ours3.s2",0,0,0,0,0,0,-1,0,0
150,"ours3.total",8.54,11.54,10.6,7.7,4.63,43.01,-1,5.48,31.01
150,"titeet",5.1,11.2,7.6,4.1,2,30,-1,3.5,27.08
150,"tite12",3.9,6.3,6,5.3,3.7,25.2,-1,3.5,24.2
150,"bfet",6.61,10.26,10.01,7.38,5.16,39.43,-1,5.09,27.3
158,"ours0.s1",11.59,11.51,9.65,5.77,2.25,40.78,2.25,0,32.84
158,"ours0.s2",0.01,0.05,0.3,0.44,0.16,0.96,0.16,0,1.04
158,"ours0.total",11.6,11.57,9.95,6.21,2.42,41.74,2.42,6.35,33.88
158,"bf.s1",10.87,11.91,10.11,6.05,2.24,41.18,2.24,0,32.94
158,"bf.s2",0,0,0,0,0,0,0,0,0
158,"bf.total",10.87,11.91,10.11,6.05,2.24,41.18,2.24,6.37,32.94
158,"ours1.s1",9,8.71,7.9,5.29,2.45,33.35,2.45,0,20.99
158,"ours1.s2",1.67,1.68,1.28,0.84,0.2,5.67,0.2,0,5.17
158,"ours1.total",10.67,10.4,9.17,6.13,2.66,39.02,2.66,5.34,26.15
158,"ours2.s1",9.3,8.74,7.88,5.3,2.37,33.59,2.37,0,21.22
158,"ours2.s2",1.44,1.6,1.23,0.79,0.14,5.2,0.14,0,4.86
158,"ours2.total",10.74,10.35,9.11,6.1,2.5,38.8,2.5,5.4,26.08
158,"ours3.s1",9.25,8.92,8,5.34,2.42,33.93,2.42,0,21.31
158,"ours3.s2",0,0,0,0,0,0,0,0,0
158,"ours3.total",9.25,8.92,8,5.34,2.42,33.93,2.42,5.37,21.31
158,"titeet",12,9.1,5.6,2.5,0.7,29.9,0.7,4,24.21
158,"tite12",6.4,6.2,5,4,2.2,23.8,2.2,3.9,20.48
158,"bfet",8.72,9.77,9.27,6.71,3.66,38.13,3.66,6.4,22.2
138,"ours0.s1",11.57,11.34,9.43,5.83,2.31,40.48,2.31,0,28.56
138,"ours0.s2",0.03,0.1,0.33,0.43,0.16,1.05,0.16,0,0.97
138,"ours0.total",11.6,11.44,9.76,6.26,2.48,41.53,2.48,6.26,29.53
138,"bf.s1",10.53,11.82,10.25,6.13,2.23,40.96,2.23,0,28.65
138,"bf.s2",0,0,0,0,0,0,0,0,0
138,"bf.total",10.53,11.82,10.25,6.13,2.23,40.96,2.23,6.39,28.65
138,"ours1.s1",10.54,9.98,8.54,5.55,2.47,37.08,2.47,0,23.21
138,"ours1.s2",0.56,0.84,0.9,0.71,0.21,3.23,0.21,0,2.75
138,"ours1.total",11.1,10.82,9.45,6.25,2.69,40.31,2.69,5.81,25.96
138,"ours2.s1",10.75,10.03,8.59,5.59,2.43,37.39,2.43,0,23.64
138,"ours2.s2",0.48,0.78,0.84,0.68,0.23,3.01,0.23,0,2.57
138,"ours2.total",11.23,10.81,9.43,6.26,2.66,40.39,2.66,5.83,26.22
138,"ours3.s1",10.67,10.22,8.69,5.56,2.47,37.6,2.47,0,23.66
138,"ours3.s2",0,0,0,0,0,0,0,0,0
138,"ours3.total",10.67,10.22,8.69,5.56,2.47,37.6,2.47,5.86,23.66
138,"titeet",12.1,8.9,5.6,2.6,0.8,30,0.8,4,21.21
138,"tite12",6.4,6.1,5,4,2.2,23.7,2.2,3.9,17.84
138,"bfet",9.53,10.17,9.2,6.51,3.36,38.77,3.36,6.28,22.9
301,"ours0.s1",13.66,10.67,4.15,0.82,0.1,29.4,5.07,0,14.65
301,"ours0.s2",0,0.04,0.1,0.06,0.01,0.22,0.17,0,0.12
301,"ours0.total",13.66,10.71,4.25,0.88,0.11,29.62,5.24,6.61,14.77
301,"bf.s1",13.27,10.94,4.42,0.89,0.1,29.62,5.4,0,14.69
301,"bf.s2",0,0,0,0,0,0,0,0,0
301,"bf.total",13.27,10.94,4.42,0.89,0.1,29.62,5.4,6.66,14.69
301,"ours1.s1",13.29,10.63,4.47,0.96,0.14,29.49,5.57,0,9.66
301,"ours1.s2",0.03,0.1,0.17,0.1,0.02,0.42,0.29,0,0.25
301,"ours1.total",13.33,10.73,4.65,1.06,0.16,29.92,5.86,6.65,9.91
301,"ours2.s1",13.32,10.6,4.39,1.01,0.15,29.46,5.55,0,9.8
301,"ours2.s2",0.02,0.06,0.14,0.08,0.01,0.32,0.23,0,0.2
301,"ours2.total",13.34,10.66,4.53,1.09,0.16,29.78,5.78,6.65,9.99
301,"ours3.s1",13.32,10.61,4.37,0.99,0.16,29.46,5.53,0,9.79
301,"ours3.s2",0,0,0,0,0,0,0,0,0
301,"ours3.total",13.32,10.61,4.37,0.99,0.16,29.46,5.53,6.65,9.79
301,"titeet",15.5,9.2,3.7,1.1,0.2,29.7,5,6.4,11.99
301,"tite12",8,6.6,4.4,2.6,1.3,22.9,8.3,5.9,10.49
301,"bfet",11.15,9.52,4.62,1.34,0.3,26.93,6.26,5.96,7.6
118,"ours0.s1",11.9,11.91,10.09,5.95,2.13,41.97,2.13,0,36.04
118,"ours0.s2",0,0.02,0.21,0.42,0.15,0.81,0.15,0,0.86
118,"ours0.total",11.91,11.93,10.3,6.37,2.28,42.79,2.28,6.49,36.9
118,"bf.s1",11.13,12.4,10.68,6.41,2.23,42.85,2.23,0,36.31
118,"bf.s2",0,0,0,0,0,0,0,0,0
118,"bf.total",11.13,12.4,10.68,6.41,2.23,42.85,2.23,6.61,36.31
118,"ours1.s1",11.6,11.37,9.55,5.74,2.37,40.62,2.37,0,29.11
118,"ours1.s2",0.08,0.2,0.48,0.58,0.2,1.53,0.2,0,1.68
118,"ours1.total",11.68,11.56,10.03,6.32,2.56,42.16,2.56,6.3,30.79
118,"ours2.s1",11.62,11.53,9.67,5.73,2.31,40.87,2.31,0,29.72
118,"ours2.s2",0.06,0.15,0.44,0.57,0.22,1.44,0.22,0,1.57
118,"ours2.total",11.67,11.68,10.11,6.3,2.54,42.3,2.54,6.34,31.29
118,"ours3.s1",11.54,11.5,9.73,5.88,2.34,40.99,2.34,0,29.79
118,"ours3.s2",0,0,0,0,0,0,0,0,0
118,"ours3.total",11.54,11.5,9.73,5.88,2.34,40.99,2.34,6.34,29.79
118,"titeet",12.3,8.9,5.6,2.4,0.8,30,0.8,4,25.26
118,"tite12",6.2,5.9,5,4.2,2.4,23.7,2.4,3.9,21.87
118,"bfet",10.19,10.61,9.29,6.16,2.86,39.11,2.86,6.13,25.9
227,"ours0.s1",11.94,13.11,9.45,3.67,0.83,39.01,4.5,0,23.5
227,"ours0.s2",0,0.02,0.2,0.2,0.07,0.49,0.27,0,0.35
227,"ours0.total",11.95,13.13,9.65,3.87,0.89,39.49,4.77,6.55,23.85
227,"bf.s1",11.31,13.54,9.9,3.83,0.77,39.35,4.6,0,23.57
227,"bf.s2",0,0,0,0,0,0,0,0,0
227,"bf.total",11.31,13.54,9.9,3.83,0.77,39.35,4.6,6.67,23.57
227,"ours1.s1",11.58,12.63,9.39,3.75,0.93,38.27,4.67,0,18.83
227,"ours1.s2",0.11,0.16,0.33,0.26,0.08,0.93,0.34,0,0.72
227,"ours1.total",11.69,12.79,9.72,4,1,39.2,5.01,6.52,19.56
227,"ours2.s1",11.66,12.46,9.27,3.9,0.97,38.26,4.87,0,19.24
227,"ours2.s2",0.07,0.16,0.33,0.27,0.07,0.9,0.34,0,0.7
227,"ours2.total",11.73,12.61,9.6,4.17,1.04,39.16,5.21,6.49,19.93
227,"ours3.s1",11.63,12.6,9.35,3.82,0.87,38.28,4.7,0,19.19
227,"ours3.s2",0,0,0,0,0,0,0,0,0
227,"ours3.total",11.63,12.6,9.35,3.82,0.87,38.28,4.7,6.48,19.19
227,"titeet",11,10.2,6,2.2,0.6,30,2.8,4.5,17.22
227,"tite12",6.9,6.3,4.9,3.6,1.9,23.6,5.5,4.4,14.75
227,"bfet",10.02,11.48,8.97,4.15,1.24,35.86,5.39,6.16,16.3
159,"ours0.s1",8.33,11.78,11.48,7.35,2.86,41.8,2.86,0,34.28
159,"ours0.s2",0,0.03,0.2,0.46,0.19,0.89,0.19,0,1.01
159,"ours0.total",8.33,11.81,11.68,7.81,3.05,42.69,3.05,5.74,35.3
159,"bf.s1",7.17,11.76,11.81,7.5,2.76,41.01,2.76,0,34.26
159,"bf.s2",0,0,0,0,0,0,0,0,0
159,"bf.total",7.17,11.76,11.81,7.5,2.76,41.01,2.76,5.76,34.26
159,"ours1.s1",6.31,8.98,9.47,6.67,3.01,34.44,3.01,0,22.07
159,"ours1.s2",1.29,2.11,1.44,0.89,0.26,5.98,0.26,0,5.43
159,"ours1.total",7.6,11.09,10.91,7.56,3.26,40.42,3.26,5.05,27.49
159,"ours2.s1",6.47,9.28,9.62,6.51,2.95,34.84,2.95,0,22.35
159,"ours2.s2",1.11,1.81,1.35,0.93,0.24,5.44,0.24,0,5.06
159,"ours2.total",7.59,11.09,10.97,7.44,3.19,40.28,3.19,5.06,27.41
159,"ours3.s1",6.43,9.27,9.62,6.6,3.01,34.93,3.01,0,22.43
159,"ours3.s2",0,0,0,0,0,0,0,0,0
159,"ours3.total",6.43,9.27,9.62,6.6,3.01,34.93,3.01,5.09,22.43
159,"titeet",4.5,10.9,8.9,4.3,1.5,30.1,1.5,4,25.99
159,"tite12",4.2,6.8,6.3,5.1,3,25.4,3,3.9,22.85
159,"bfet",5.59,9.11,10.28,7.66,4.42,37.06,4.42,5.9,22.1
140,"ours0.s1",8.62,11.55,10.5,7.55,4.46,42.67,-1,0,29.68
140,"ours0.s2",0.02,0.09,0.36,0.64,0.43,1.54,-1,0,1.39
140,"ours0.total",8.64,11.64,10.86,8.19,4.88,44.21,-1,5.42,31.07
140,"bf.s1",7.31,11.14,11.11,8.32,4.59,42.46,-1,0,29.74
140,"bf.s2",0,0,0,0,0,0,-1,0,0
140,"bf.total",7.31,11.14,11.11,8.32,4.59,42.46,-1,5.56,29.74
140,"ours1.s1",7.64,10.1,9.01,6.86,4.71,38.31,-1,0,23.91
140,"ours1.s2",0.31,0.88,1.27,1.2,0.43,4.09,-1,0,3.37
140,"ours1.total",7.95,10.98,10.28,8.06,5.14,42.4,-1,4.97,27.28
140,"ours2.s1",7.79,10.47,9.23,6.75,4.59,38.82,-1,0,24.45
140,"ours2.s2",0.26,0.69,1.08,1.25,0.52,3.79,-1,0,3.15
140,"ours2.total",8.05,11.15,10.31,7.99,5.11,42.62,-1,4.95,27.6
140,"ours3.s1",7.68,10.37,9.33,6.86,4.69,38.94,-1,0,24.42
140,"ours3.s2",0,0,0,0,0,0,-1,0,0
140,"ours3.total",7.68,10.37,9.33,6.86,4.69,38.94,-1,5.01,24.42
140,"titeet",5.1,11.2,7.4,4.3,1.9,29.9,-1,3.6,22.15
140,"tite12",4.1,6.4,5.9,5.2,3.6,25.2,-1,3.4,19.31
140,"bfet",6.15,9.56,9.54,7.44,5.75,38.43,-1,5.1,23.6
169,"ours0.s1",8.35,11.99,11.8,7.43,2.79,42.35,2.79,0,35.39
169,"ours0.s2",0.01,0.02,0.19,0.42,0.21,0.84,0.21,0,0.94
169,"ours0.total",8.35,12,11.98,7.85,3.01,43.2,3.01,5.83,36.33
169,"bf.s1",7.2,11.98,12.1,7.7,2.75,41.73,2.75,0,35.27
169,"bf.s2",0,0,0,0,0,0,0,0,0
169,"bf.total",7.2,11.98,12.1,7.7,2.75,41.73,2.75,5.88,35.27
169,"ours1.s1",7.46,10.67,10.42,6.89,3.03,38.46,3.03,0,25.37
169,"ours1.s2",0.44,0.83,0.89,0.77,0.28,3.21,0.28,0,3.33
169,"ours1.total",7.9,11.5,11.31,7.66,3.31,41.68,3.31,5.4,28.71
169,"ours2.s1",7.61,10.86,10.44,6.83,2.96,38.7,2.96,0,25.92
169,"ours2.s2",0.38,0.67,0.85,0.79,0.25,2.94,0.25,0,3.1
169,"ours2.total",7.99,11.53,11.29,7.62,3.21,41.64,3.21,5.43,29.02
169,"ours3.s1",7.51,10.83,10.56,6.83,3.03,38.77,3.03,0,25.84
169,"ours3.s2",0,0,0,0,0,0,0,0,0
169,"ours3.total",7.51,10.83,10.56,6.83,3.03,38.77,3.03,5.41,25.84
169,"titeet",4.4,10.7,8.8,4.5,1.5,29.9,1.5,3.9,26.58
169,"tite12",4.1,6.8,6.3,5.2,3,25.4,3,4,23.46
169,"bfet",5.81,9.71,10.58,7.47,3.92,37.49,3.92,5.72,24.1
256,"ours0.s1",6.18,8.2,10.67,10.32,4.28,39.66,4.28,0,32.09
256,"ours0.s2",0,0,0.14,0.73,0.46,1.34,0.46,0,1.21
256,"ours0.total",6.18,8.2,10.8,11.05,4.75,41,4.75,5.45,33.3
256,"bf.s1",5.09,8.07,11.1,10.39,4.16,38.82,4.16,0,32.03
256,"bf.s2",0,0,0,0,0,0,0,0,0
256,"bf.total",5.09,8.07,11.1,10.39,4.16,38.82,4.16,5.43,32.03
256,"ours1.s1",6.31,8.23,10.05,9.87,4.41,38.87,4.41,0,22.76
256,"ours1.s2",0.02,0.07,0.34,1.06,0.65,2.14,0.65,0,1.86
256,"ours1.total",6.32,8.3,10.39,10.93,5.06,41.01,5.06,5.32,24.62
256,"ours2.s1",6.29,8.16,10.21,9.82,4.35,38.83,4.35,0,23.11
256,"ours2.s2",0.01,0.05,0.32,0.98,0.63,1.99,0.63,0,1.73
256,"ours2.total",6.29,8.21,10.52,10.81,4.99,40.82,4.99,5.32,24.83
256,"ours3.s1",6.22,8.18,10.26,9.9,4.35,38.9,4.35,0,23.16
256,"ours3.s2",0,0,0,0,0,0,0,0,0
256,"ours3.total",6.22,8.18,10.26,9.9,4.35,38.9,4.35,5.32,23.16
256,"titeet",4.1,5.3,7.5,9.5,3.6,30,3.6,4.6,24.68
256,"tite12",4,4.7,5.5,8,5.1,27.3,5.1,4.5,22.95
256,"bfet",4.58,6.45,8.36,9.77,5.25,34.41,5.25,5.12,19.7
170,"ours0.s1",8.84,11.76,10.9,7.92,4.51,43.93,-1,0,35.81
170,"ours0.s2",0,0.03,0.22,0.6,0.42,1.27,-1,0,1.35
170,"ours0.total",8.85,11.79,11.12,8.51,4.93,45.2,-1,5.55,37.16
170,"bf.s1",7.73,11.67,11.43,8.39,4.48,43.7,-1,0,35.94
170,"bf.s2",0,0,0,0,0,0,-1,0,0
170,"bf.total",7.73,11.67,11.43,8.39,4.48,43.7,-1,5.67,35.94
170,"ours1.s1",7.76,10.35,9.17,6.87,4.67,38.82,-1,0,25.57
170,"ours1.s2",0.3,0.75,1.14,1.22,0.51,3.91,-1,0,3.85
170,"ours1.total",8.06,11.1,10.31,8.08,5.18,42.73,-1,4.99,29.42
170,"ours2.s1",7.77,10.41,9.35,6.92,4.55,39.01,-1,0,26.07
170,"ours2.s2",0.28,0.65,1.05,1.16,0.48,3.62,-1,0,3.62
170,"ours2.total",8.06,11.06,10.4,8.08,5.03,42.63,-1,5.01,29.69
170,"ours3.s1",7.79,10.54,9.42,6.92,4.69,39.36,-1,0,26.12
170,"ours3.s2",0,0,0,0,0,0,-1,0,0
170,"ours3.total",7.79,10.54,9.42,6.92,4.69,39.36,-1,5.03,26.12
170,"titeet",5.2,11.1,7.6,4.1,1.9,29.9,-1,3.5,26.31
170,"tite12",4,6.4,6,5.3,3.6,25.3,-1,3.5,23.46
170,"bfet",6.14,9.55,9.5,7.37,5.72,38.29,-1,5.07,24.5
120,"ours0.s1",8.77,11.92,11.17,8.28,4.57,44.71,-1,0,37.78
120,"ours0.s2",0,0.01,0.2,0.53,0.43,1.17,-1,0,1.21
120,"ours0.total",8.77,11.94,11.36,8.81,5,45.89,-1,5.69,38.99
120,"bf.s1",7.78,11.87,11.67,8.6,4.44,44.36,-1,0,37.72
120,"bf.s2",0,0,0,0,0,0,-1,0,0
120,"bf.total",7.78,11.87,11.67,8.6,4.44,44.36,-1,5.76,37.72
120,"ours1.s1",8.48,11.53,10.43,7.7,4.68,42.83,-1,0,30.48
120,"ours1.s2",0.05,0.18,0.53,0.86,0.57,2.18,-1,0,2.3
120,"ours1.total",8.52,11.71,10.96,8.56,5.25,45,-1,5.48,32.78
120,"ours2.s1",8.58,11.53,10.69,7.76,4.51,43.06,-1,0,31.05
120,"ours2.s2",0.03,0.12,0.45,0.82,0.59,2.01,-1,0,2.1
120,"ours2.total",8.61,11.65,11.14,8.58,5.1,45.07,-1,5.44,33.14
120,"ours3.s1",8.55,11.58,10.63,7.7,4.58,43.05,-1,0,31
120,"ours3.s2",0,0,0,0,0,0,-1,0,0
120,"ours3.total",8.55,11.58,10.63,7.7,4.58,43.05,-1,5.49,31
120,"titeet",5.1,11.2,7.5,4.2,1.9,29.9,-1,3.6,26.96
120,"tite12",3.8,6.3,5.9,5.4,3.8,25.2,-1,3.5,23.99
120,"bfet",6.63,10.26,10.05,7.39,5.15,39.48,-1,5.1,27.4
108,"ours0.s1",11.54,11.43,9.62,5.79,2.37,40.75,2.37,0,28.6
108,"ours0.s2",0.03,0.11,0.33,0.51,0.17,1.15,0.17,0,1.06
108,"ours0.total",11.57,11.54,9.95,6.3,2.53,41.9,2.53,6.25,29.66
108,"bf.s1",10.51,11.8,10.26,6.12,2.23,40.92,2.23,0,28.59
108,"bf.s2",0,0,0,0,0,0,0,0,0
108,"bf.total",10.51,11.8,10.26,6.12,2.23,40.92,2.23,6.38,28.59
108,"ours1.s1",10.56,9.93,8.47,5.45,2.43,36.84,2.43,0,23.09
108,"ours1.s2",0.56,0.86,0.89,0.68,0.22,3.22,0.22,0,2.72
108,"ours1.total",11.13,10.79,9.37,6.13,2.64,40.06,2.64,5.79,25.81
108,"ours2.s1",10.67,10.2,8.62,5.45,2.4,37.35,2.4,0,23.62
108,"ours2.s2",0.45,0.72,0.79,0.73,0.2,2.89,0.2,0,2.46
108,"ours2.total",11.12,10.92,9.42,6.18,2.6,40.24,2.6,5.87,26.07
108,"ours3.s1",10.68,10.24,8.71,5.55,2.47,37.64,2.47,0,23.67
108,"ours3.s2",0,0,0,0,0,0,0,0,0
108,"ours3.total",10.68,10.24,8.71,5.55,2.47,37.64,2.47,5.87,23.67
108,"titeet",11.9,9.2,5.6,2.5,0.7,29.9,0.7,4,20.93
108,"tite12",6.3,6,5,4,2.3,23.6,2.3,3.9,17.34
108,"bfet",9.55,10.16,9.22,6.52,3.37,38.83,3.37,6.27,22.9
267,"ours0.s1",12.15,13.68,9.97,3.75,0.73,40.28,4.48,0,31.03
267,"ours0.s2",0,0.01,0.16,0.19,0.05,0.41,0.24,0,0.38
267,"ours0.total",12.15,13.69,10.13,3.94,0.78,40.69,4.72,6.72,31.4
267,"bf.s1",11.51,13.94,10.3,3.96,0.73,40.44,4.69,0,31.03
267,"bf.s2",0,0,0,0,0,0,0,0,0
267,"bf.total",11.51,13.94,10.3,3.96,0.73,40.44,4.69,6.84,31.03
267,"ours1.s1",12.11,13.23,9.98,3.86,0.73,39.92,4.59,0,24.67
267,"ours1.s2",0.01,0.02,0.21,0.23,0.06,0.54,0.3,0,0.48
267,"ours1.total",12.12,13.26,10.19,4.09,0.79,40.45,4.88,6.75,25.15
267,"ours2.s1",12.03,13.21,9.95,3.86,0.75,39.8,4.61,0,25.12
267,"ours2.s2",0,0.02,0.19,0.25,0.07,0.54,0.33,0,0.5
267,"ours2.total",12.04,13.23,10.14,4.12,0.82,40.35,4.94,6.72,25.62
267,"ours3.s1",11.99,13.29,10.01,3.95,0.85,40.09,4.79,0,25.22
267,"ours3.s2",0,0,0,0,0,0,0,0,0
267,"ours3.total",11.99,13.29,10.01,3.95,0.85,40.09,4.79,6.75,25.22
267,"titeet",11.4,10,5.9,2.2,0.5,30,2.7,4.4,22.04
267,"tite12",6.8,6.4,5.1,3.6,1.8,23.7,5.4,4.6,19.83
267,"bfet",10.75,12.59,9.18,3.89,1.02,37.44,4.91,6.13,20.4
242,"ours0.s1",9.83,12.85,9.38,3.62,0.72,36.39,4.34,0,28.04
242,"ours0.s2",0.01,0.03,0.29,0.27,0.07,0.66,0.34,0,0.62
242,"ours0.total",9.83,12.87,9.67,3.88,0.79,37.05,4.67,6.3,28.66
242,"bf.s1",8.92,12.85,9.55,3.8,0.76,35.88,4.56,0,28.11
242,"bf.s2",0,0,0,0,0,0,0,0,0
242,"bf.total",8.92,12.85,9.55,3.8,0.76,35.88,4.56,6.33,28.11
242,"ours1.s1",8.91,11.56,8.81,3.66,0.94,33.87,4.6,0,17.2
242,"ours1.s2",0.54,0.72,0.66,0.37,0.09,2.36,0.45,0,2.16
242,"ours1.total",9.45,12.27,9.46,4.03,1.02,36.23,5.05,6.04,19.36
242,"ours2.s1",9.02,11.69,8.72,3.58,0.86,33.88,4.44,0,17.37
242,"ours2.s2",0.5,0.59,0.62,0.38,0.07,2.16,0.45,0,1.99
242,"ours2.total",9.52,12.28,9.35,3.96,0.93,36.04,4.89,6,19.36
242,"ours3.s1",8.99,11.73,8.76,3.61,0.93,34.03,4.55,0,17.48
242,"ours3.s2",0,0,0,0,0,0,0,0,0
242,"ours3.total",8.99,11.73,8.76,3.61,0.93,34.03,4.55,6,17.48
242,"titeet",6.5,12.6,7.4,2.8,0.7,30,3.5,5.4,21.48
242,"tite12",4.9,7.3,6.3,4.5,2.3,25.3,6.8,5.2,19.46
242,"bfet",6.59,10.26,9.08,4.73,1.69,32.34,6.42,6.28,14.8
184,"ours0.s1",5.63,7.03,8.11,10.61,8.48,39.87,-1,0,17.38
184,"ours0.s2",0.05,0.12,0.35,0.83,0.81,2.15,-1,0,1.18
184,"ours0.total",5.67,7.15,8.45,11.44,9.3,42.02,-1,3.9,18.56
184,"bf.s1",4.01,5.97,8.73,11.11,8.46,38.29,-1,0,17.46
184,"bf.s2",0,0,0,0,0,0,-1,0,0
184,"bf.total",4.01,5.97,8.73,11.11,8.46,38.29,-1,3.98,17.46
184,"ours1.s1",5.1,5.95,6.69,9.18,8.54,35.46,-1,0,14.05
184,"ours1.s2",0.38,1.01,1.76,2.01,0.92,6.07,-1,0,2.86
184,"ours1.total",5.48,6.96,8.44,11.19,9.46,41.53,-1,3.7,16.92
184,"ours2.s1",5.21,6.1,6.9,9.35,8.55,36.12,-1,0,14.4
184,"ours2.s2",0.32,0.83,1.46,1.9,0.94,5.45,-1,0,2.6
184,"ours2.total",5.53,6.93,8.36,11.26,9.49,41.57,-1,3.68,17
184,"ours3.s1",5.14,6.17,6.91,9.32,8.58,36.12,-1,0,14.37
184,"ours3.s2",0,0,0,0,0,0,-1,0,0
184,"ours3.total",5.14,6.17,6.91,9.32,8.58,36.12,-1,3.68,14.37
184,"titeet",3.5,4.2,5.3,10.1,6.9,30,-1,3.1,13.95
184,"tite12",3.5,4,4.8,8.6,6.1,27,-1,2.8,12.3
184,"bfet",3.89,5.11,6.38,8.62,9.78,33.78,-1,3.71,14.1
197,"ours0.s1",11.96,13.14,9.4,3.59,0.77,38.86,4.35,0,23.44
197,"ours0.s2",0,0.01,0.18,0.18,0.05,0.42,0.23,0,0.31
197,"ours0.total",11.96,13.15,9.58,3.76,0.82,39.28,4.59,6.51,23.75
197,"bf.s1",11.31,13.54,9.89,3.83,0.78,39.35,4.6,0,23.52
197,"bf.s2",0,0,0,0,0,0,0,0,0
197,"bf.total",11.31,13.54,9.89,3.83,0.78,39.35,4.6,6.67,23.52
197,"ours1.s1",11.71,12.52,9.2,3.75,0.88,38.07,4.64,0,18.8
197,"ours1.s2",0.08,0.17,0.31,0.31,0.07,0.94,0.38,0,0.72
197,"ours1.total",11.79,12.69,9.51,4.06,0.96,39.01,5.01,6.48,19.52
197,"ours2.s1",11.7,12.58,9.25,3.71,0.92,38.16,4.63,0,19.2
197,"ours2.s2",0.06,0.13,0.31,0.26,0.07,0.83,0.33,0,0.65
197,"ours2.total",11.76,12.72,9.56,3.98,0.99,39,4.96,6.48,19.85
197,"ours3.s1",11.63,12.61,9.36,3.83,0.87,38.3,4.7,0,19.18
197,"ours3.s2",0,0,0,0,0,0,0,0,0
197,"ours3.total",11.63,12.61,9.36,3.83,0.87,38.3,4.7,6.48,19.18
197,"titeet",11.1,10.2,5.9,2.2,0.5,29.9,2.7,4.6,16.92
197,"tite12",6.7,6.3,5.1,3.7,2,23.8,5.7,4.7,14.45
197,"bfet",10.04,11.51,9.01,4.18,1.25,35.98,5.43,6.17,16.2
237,"ours0.s1",12.22,13.64,9.89,3.71,0.72,40.19,4.43,0,30.98
237,"ours0.s2",0,0.01,0.18,0.21,0.05,0.44,0.25,0,0.39
237,"ours0.total",12.22,13.66,10.06,3.92,0.77,40.63,4.69,6.68,31.37
237,"bf.s1",11.5,13.94,10.29,3.96,0.73,40.43,4.69,0,30.97
237,"bf.s2",0,0,0,0,0,0,0,0,0
237,"bf.total",11.5,13.94,10.29,3.96,0.73,40.43,4.69,6.85,30.97
237,"ours1.s1",12.04,13.28,10.03,3.88,0.75,39.97,4.63,0,24.69
237,"ours1.s2",0,0.02,0.23,0.26,0.08,0.6,0.35,0,0.52
237,"ours1.total",12.04,13.3,10.26,4.14,0.83,40.57,4.97,6.77,25.21
237,"ours2.s1",12.01,13.36,9.92,3.74,0.71,39.72,4.45,0,25.12
237,"ours2.s2",0,0.02,0.24,0.28,0.08,0.62,0.35,0,0.54
237,"ours2.total",12.01,13.38,10.16,4.01,0.79,40.34,4.8,6.68,25.65
237,"ours3.s1",11.99,13.32,10.03,3.91,0.84,40.09,4.75,0,25.21
237,"ours3.s2",0,0,0,0,0,0,0,0,0
237,"ours3.total",11.99,13.32,10.03,3.91,0.84,40.09,4.75,6.75,25.21
237,"titeet",11.5,10.2,5.7,2.1,0.5,30,2.6,4.4,21.67
237,"tite12",6.6,6.3,5.1,3.8,2,23.8,5.8,4.7,19.48
237,"bfet",10.76,12.66,9.24,3.91,1.02,37.59,4.93,6.18,20.4
207,"ours0.s1",12.22,13.65,9.86,3.69,0.71,40.13,4.4,0,30.98
207,"ours0.s2",0,0.02,0.17,0.21,0.06,0.46,0.27,0,0.4
207,"ours0.total",12.22,13.67,10.03,3.9,0.77,40.58,4.67,6.7,31.38
207,"bf.s1",11.5,13.94,10.29,3.96,0.73,40.43,4.69,0,30.97
207,"bf.s2",0,0,0,0,0,0,0,0,0
207,"bf.total",11.5,13.94,10.29,3.96,0.73,40.43,4.69,6.85,30.97
207,"ours1.s1",12,13.33,10.1,3.98,0.79,40.2,4.77,0,24.7
207,"ours1.s2",0,0.03,0.2,0.23,0.07,0.53,0.3,0,0.49
207,"ours1.total",12.01,13.36,10.29,4.21,0.86,40.73,5.07,6.83,25.19
207,"ours2.s1",11.96,13.31,10.04,3.88,0.72,39.91,4.6,0,25.06
207,"ours2.s2",0,0.02,0.2,0.25,0.07,0.54,0.32,0,0.49
207,"ours2.total",11.97,13.34,10.24,4.13,0.78,40.46,4.92,6.74,25.54
207,"ours3.s1",12,13.33,10.07,3.95,0.82,40.17,4.77,0,25.24
207,"ours3.s2",0,0,0,0,0,0,0,0,0
207,"ours3.total",12,13.33,10.07,3.95,0.82,40.17,4.77,6.77,25.24
207,"titeet",11.3,10.2,5.9,2.1,0.5,30,2.6,4.5,21.59
207,"tite12",6.7,6.4,5.1,3.7,2,23.9,5.7,4.7,19.01
207,"bfet",10.74,12.71,9.29,3.94,1.02,37.71,4.96,6.2,20.4
212,"ours0.s1",9.79,12.73,9.24,3.66,0.85,36.27,4.52,0,21.84
212,"ours0.s2",0.01,0.03,0.33,0.23,0.08,0.69,0.31,0,0.52
212,"ours0.total",9.79,12.76,9.57,3.9,0.93,36.96,4.83,6.33,22.36
212,"bf.s1",8.92,12.73,9.38,3.78,0.8,35.6,4.58,0,21.86
212,"bf.s2",0,0,0,0,0,0,0,0,0
212,"bf.total",8.92,12.73,9.38,3.78,0.8,35.6,4.58,6.32,21.86
212,"ours1.s1",8.7,11.36,8.45,3.55,0.93,33,4.48,0,14.92
212,"ours1.s2",0.7,0.88,0.78,0.43,0.07,2.86,0.51,0,1.97
212,"ours1.total",9.4,12.24,9.23,3.98,1.01,35.86,4.99,5.93,16.89
212,"ours2.s1",8.92,11.48,8.46,3.58,0.95,33.39,4.53,0,15.23
212,"ours2.s2",0.59,0.7,0.69,0.41,0.07,2.46,0.48,0,1.76
212,"ours2.total",9.52,12.18,9.15,3.99,1.02,35.85,5.01,5.95,16.99
212,"ours3.s1",8.74,11.48,8.5,3.63,0.97,33.31,4.59,0,15.14
212,"ours3.s2",0,0,0,0,0,0,0,0,0
212,"ours3.total",8.74,11.48,8.5,3.63,0.97,33.31,4.59,5.89,15.14
212,"titeet",6.5,12.5,7.4,2.8,0.7,29.9,3.5,5.3,16.94
212,"tite12",5,7.4,6.2,4.3,2.2,25.1,6.5,5.3,14.86
212,"bfet",6.6,10.35,9.12,4.76,1.66,32.48,6.42,6.29,13.7
187,"ours0.s1",11.39,11.94,8.68,3.65,0.96,36.62,4.6,0,16.09
187,"ours0.s2",0.16,0.27,0.31,0.21,0.05,1,0.26,0,0.57
187,"ours0.total",11.55,12.21,9,3.86,1.01,37.62,4.87,6.18,16.66
187,"bf.s1",10.28,12.52,9.16,3.75,0.85,36.56,4.6,0,16.07
187,"bf.s2",0,0,0,0,0,0,0,0,0
187,"bf.total",10.28,12.52,9.16,3.75,0.85,36.56,4.6,6.33,16.07
187,"ours1.s1",9.97,10.57,8.17,3.66,1.04,33.41,4.7,0,13.14
187,"ours1.s2",1.32,1.19,0.65,0.35,0.07,3.57,0.42,0,1.79
187,"ours1.total",11.29,11.75,8.81,4.01,1.11,36.98,5.12,5.88,14.93
187,"ours2.s1",10.15,10.75,8.3,3.67,1.02,33.88,4.69,0,13.51
187,"ours2.s2",1.07,1.09,0.66,0.32,0.04,3.18,0.36,0,1.63
187,"ours2.total",11.22,11.84,8.96,3.99,1.06,37.06,5.05,5.9,15.14
187,"ours3.s1",10.16,10.81,8.36,3.65,1.05,34.04,4.7,0,13.5
187,"ours3.s2",0,0,0,0,0,0,0,0,0
187,"ours3.total",10.16,10.81,8.36,3.65,1.05,34.04,4.7,5.88,13.5
187,"titeet",11.2,10.3,5.8,2.1,0.6,30,2.7,4.6,12.74
187,"tite12",6.9,6.5,5,3.4,1.8,23.6,5.2,4.4,10.34
187,"bfet",8.75,10.67,9.1,4.72,1.64,34.88,6.36,6.46,13.2
194,"ours0.s1",5.77,7.54,8.94,11.77,8.62,42.63,-1,0,25.68
194,"ours0.s2",0,0,0.04,0.41,0.79,1.23,-1,0,0.9
194,"ours0.total",5.77,7.54,8.98,12.18,9.4,43.87,-1,4.1,26.58
194,"bf.s1",4.6,7.19,9.67,12.01,8.42,41.9,-1,0,25.73
194,"bf.s2",0,0,0,0,0,0,-1,0,0
194,"bf.total",4.6,7.19,9.67,12.01,8.42,41.9,-1,4.15,25.73
194,"ours1.s1",5.69,7.27,8.52,11.04,8.79,41.3,-1,0,20.76
194,"ours1.s2",0.02,0.1,0.34,0.8,0.93,2.2,-1,0,1.59
194,"ours1.total",5.71,7.36,8.85,11.85,9.72,43.5,-1,4.03,22.35
194,"ours2.s1",5.69,7.29,8.63,11.09,8.68,41.37,-1,0,21.2
194,"ours2.s2",0.02,0.05,0.22,0.79,1,2.07,-1,0,1.49
194,"ours2.total",5.7,7.34,8.84,11.88,9.67,43.44,-1,4.06,22.69
194,"ours3.s1",5.7,7.31,8.67,11.07,8.69,41.46,-1,0,21.21
194,"ours3.s2",0,0,0,0,0,0,-1,0,0
194,"ours3.total",5.7,7.31,8.67,11.07,8.69,41.46,-1,4.07,21.21
194,"titeet",3.5,4.2,5.4,9.9,7,30,-1,3.1,19.86
194,"tite12",3.4,3.9,4.9,8.6,6.2,27,-1,2.8,17.72
194,"bfet",4.13,5.55,6.99,10.11,9.49,36.26,-1,3.77,19.5
257,"ours0.s1",11.95,13.24,9.55,3.59,0.66,38.98,4.25,0,28.87
257,"ours0.s2",0,0.02,0.15,0.19,0.06,0.42,0.24,0,0.4
257,"ours0.total",11.95,13.26,9.7,3.78,0.72,39.4,4.49,6.48,29.28
257,"bf.s1",11.33,13.58,9.96,3.82,0.67,39.35,4.49,0,29.12
257,"bf.s2",0,0,0,0,0,0,0,0,0
257,"bf.total",11.33,13.58,9.96,3.82,0.67,39.35,4.49,6.64,29.12
257,"ours1.s1",11.73,12.44,9.45,3.88,0.94,38.44,4.82,0,20.38
257,"ours1.s2",0.08,0.15,0.3,0.3,0.09,0.93,0.4,0,0.9
257,"ours1.total",11.81,12.59,9.75,4.18,1.03,39.37,5.22,6.5,21.27
257,"ours2.s1",11.76,12.65,9.32,3.77,0.9,38.4,4.67,0,20.73
257,"ours2.s2",0.06,0.1,0.32,0.28,0.07,0.83,0.35,0,0.81
257,"ours2.total",11.82,12.75,9.64,4.05,0.97,39.23,5.02,6.44,21.54
257,"ours3.s1",11.69,12.65,9.42,3.83,0.89,38.48,4.73,0,20.76
257,"ours3.s2",0,0,0,0,0,0,0,0,0
257,"ours3.total",11.69,12.65,9.42,3.83,0.89,38.48,4.73,6.49,20.76
257,"titeet",10.8,10.4,6,2.2,0.6,30,2.8,4.6,21.1
257,"tite12",6.8,6.4,5.1,3.7,1.9,23.9,5.6,4.6,18.52
257,"bfet",9.9,11.35,8.93,4.13,1.24,35.55,5.37,6.11,17.2
180,"ours0.s1",8.86,11.92,11.19,8.29,4.57,44.83,-1,0,37.8
180,"ours0.s2",0,0.01,0.22,0.51,0.45,1.19,-1,0,1.23
180,"ours0.total",8.86,11.93,11.41,8.8,5.01,46.02,-1,5.7,39.03
180,"bf.s1",7.78,11.87,11.67,8.59,4.44,44.36,-1,0,37.79
180,"bf.s2",0,0,0,0,0,0,-1,0,0
180,"bf.total",7.78,11.87,11.67,8.59,4.44,44.36,-1,5.76,37.79
180,"ours1.s1",8.57,11.41,10.47,7.69,4.72,42.86,-1,0,30.53
180,"ours1.s2",0.05,0.22,0.52,0.9,0.55,2.25,-1,0,2.36
180,"ours1.total",8.62,11.63,10.99,8.59,5.28,45.11,-1,5.4,32.89
180,"ours2.s1",8.59,11.55,10.51,7.67,4.6,42.92,-1,0,31.09
180,"ours2.s2",0.03,0.14,0.5,0.89,0.59,2.15,-1,0,2.21
180,"ours2.total",8.63,11.69,11,8.56,5.19,45.07,-1,5.44,33.3
180,"ours3.s1",8.56,11.52,10.6,7.74,4.61,43.03,-1,0,31.05
180,"ours3.s2",0,0,0,0,0,0,-1,0,0
180,"ours3.total",8.56,11.52,10.6,7.74,4.61,43.03,-1,5.49,31.05
180,"titeet",5.2,11.3,7.5,4.2,1.9,30.1,-1,3.6,27.29
180,"tite12",3.9,6.4,5.9,5.3,3.7,25.2,-1,3.4,24.62
180,"bfet",6.62,10.26,9.99,7.36,5.14,39.37,-1,5.06,27.4
216,"ours0.s1",6.11,8.24,10.19,9.8,4.33,38.67,4.33,0,24.01
216,"ours0.s2",0,0.01,0.17,0.84,0.53,1.55,0.53,0,1.09
216,"ours0.total",6.11,8.25,10.36,10.63,4.86,40.21,4.86,5.27,25.1
216,"bf.s1",5.06,7.96,10.64,9.91,4.22,37.79,4.22,0,23.99
216,"bf.s2",0,0,0,0,0,0,0,0,0
216,"bf.total",5.06,7.96,10.64,9.91,4.22,37.79,4.22,5.29,23.99
216,"ours1.s1",5.94,7.33,8.87,8.82,4.35,35.31,4.35,0,16.45
216,"ours1.s2",0.25,0.68,1.1,1.49,0.65,4.18,0.65,0,2.71
216,"ours1.total",6.19,8,9.98,10.32,5,39.49,5,4.89,19.16
216,"ours2.s1",5.97,7.43,8.92,8.96,4.37,35.65,4.37,0,16.76
216,"ours2.s2",0.2,0.56,1,1.45,0.66,3.87,0.66,0,2.54
216,"ours2.total",6.17,7.99,9.92,10.41,5.03,39.52,5.03,4.93,19.3
216,"ours3.s1",5.88,7.45,9.04,8.93,4.34,35.64,4.34,0,16.69
216,"ours3.s2",0,0,0,0,0,0,0,0,0
216,"ours3.total",5.88,7.45,9.04,8.93,4.34,35.64,4.34,4.92,16.69
216,"titeet",4,5.3,7.5,9.6,3.6,30,3.6,4.4,18.86
216,"tite12",4,4.7,5.5,8,5.1,27.3,5.1,4.5,17.14
216,"bfet",4.27,6.02,7.93,9.44,5.78,33.44,5.78,5.2,14.9
321,"ours0.s1",14.64,11.71,4.5,0.89,0.1,31.83,5.48,0,23.32
321,"ours0.s2",0,0.04,0.09,0.06,0.01,0.2,0.16,0,0.13
321,"ours0.total",14.64,11.75,4.59,0.95,0.1,32.03,5.64,7.07,23.45
321,"bf.s1",14.29,11.92,4.5,0.82,0.08,31.61,5.4,0,23.13
321,"bf.s2",0,0,0,0,0,0,0,0,0
321,"bf.total",14.29,11.92,4.5,0.82,0.08,31.61,5.4,7,23.13
321,"ours1.s1",14.55,11.62,4.56,0.96,0.1,31.78,5.61,0,18.54
321,"ours1.s2",0,0.03,0.16,0.07,0.01,0.27,0.23,0,0.17
321,"ours1.total",14.55,11.66,4.72,1.02,0.1,32.05,5.85,7.15,18.71
321,"ours2.s1",14.41,11.77,4.71,0.91,0.09,31.89,5.71,0,18.92
321,"ours2.s2",0,0.03,0.14,0.06,0.02,0.25,0.22,0,0.17
321,"ours2.total",14.41,11.8,4.85,0.96,0.11,32.14,5.92,7.11,19.09
321,"ours3.s1",14.56,11.65,4.54,0.87,0.12,31.74,5.53,0,18.78
321,"ours3.s2",0,0,0,0,0,0,0,0,0
321,"ours3.total",14.56,11.65,4.54,0.87,0.12,31.74,5.53,7.08,18.78
321,"titeet",16.6,9.2,3.2,0.8,0.1,29.9,4.1,6.3,17.03
321,"tite12",7.9,6.6,4.5,2.8,1.3,23.1,8.6,6.1,15.72
321,"bfet",13.04,10.35,4.21,1.04,0.2,28.84,5.45,5.89,14.2
234,"ours0.s1",5.83,7.59,9.19,12.15,8.44,43.2,-1,0,34.19
234,"ours0.s2",0,0,0.03,0.39,0.87,1.28,-1,0,1.16
234,"ours0.total",5.83,7.59,9.22,12.54,9.31,44.48,-1,4.14,35.34
234,"bf.s1",4.64,7.25,9.79,12.53,8.45,42.67,-1,0,34.11
234,"bf.s2",0,0,0,0,0,0,-1,0,0
234,"bf.total",4.64,7.25,9.79,12.53,8.45,42.67,-1,4.21,34.11
234,"ours1.s1",5.83,7.57,9.15,11.75,8.72,43.02,-1,0,27.6
234,"ours1.s2",0,0.01,0.06,0.54,0.96,1.57,-1,0,1.38
234,"ours1.total",5.83,7.58,9.21,12.29,9.68,44.59,-1,4.17,28.98
234,"ours2.s1",5.86,7.55,9.16,11.73,8.75,43.05,-1,0,28.19
234,"ours2.s2",0,0,0.03,0.53,0.95,1.51,-1,0,1.35
234,"ours2.total",5.86,7.55,9.19,12.27,9.7,44.56,-1,4.18,29.55
234,"ours3.s1",5.78,7.51,9.17,11.79,8.72,42.97,-1,0,28.2
234,"ours3.s2",0,0,0,0,0,0,-1,0,0
234,"ours3.total",5.78,7.51,9.17,11.79,8.72,42.97,-1,4.19,28.2
234,"titeet",3.6,4.3,5.5,10,6.6,30,-1,3.1,26.19
234,"tite12",3.4,4,4.9,8.6,6.2,27.1,-1,2.8,23.89
234,"bfet",4.37,6.01,7.78,11.08,8.99,38.23,-1,3.79,25.4
214,"ours0.s1",5.81,7.51,8.92,11.29,8.51,42.04,-1,0,24.58
214,"ours0.s2",0,0.01,0.07,0.5,0.78,1.37,-1,0,1
214,"ours0.total",5.81,7.52,8.99,11.8,9.3,43.4,-1,4.1,25.58
214,"bf.s1",4.56,7.1,9.53,11.46,8.44,41.09,-1,0,24.59
214,"bf.s2",0,0,0,0,0,0,-1,0,0
214,"bf.total",4.56,7.1,9.53,11.46,8.44,41.09,-1,4.1,24.59
214,"ours1.s1",5.43,6.38,7.11,9.4,8.47,36.8,-1,0,16.82
214,"ours1.s2",0.2,0.63,1.45,1.87,0.96,5.11,-1,0,3.28
214,"ours1.total",5.64,7.01,8.56,11.28,9.42,41.91,-1,3.74,20.09
214,"ours2.s1",5.5,6.53,7.33,9.52,8.41,37.28,-1,0,17.13
214,"ours2.s2",0.18,0.57,1.23,1.73,0.98,4.69,-1,0,3.07
214,"ours2.total",5.68,7.1,8.56,11.25,9.39,41.97,-1,3.76,20.21
214,"ours3.s1",5.45,6.56,7.3,9.59,8.5,37.39,-1,0,17.11
214,"ours3.s2",0,0,0,0,0,0,-1,0,0
214,"ours3.total",5.45,6.56,7.3,9.59,8.5,37.39,-1,3.77,17.11
214,"titeet",3.5,4.2,5.4,10.1,6.8,30,-1,3.1,19.38
214,"tite12",3.5,4,4.9,8.6,6.2,27.2,-1,2.7,17.29
214,"bfet",3.91,5.13,6.41,8.54,9.73,33.71,-1,3.69,15
246,"ours0.s1",6.22,8.22,10.27,9.84,4.32,38.87,4.32,0,31.06
246,"ours0.s2",0,0,0.17,0.77,0.52,1.46,0.52,0,1.32
246,"ours0.total",6.22,8.22,10.44,10.61,4.84,40.33,4.84,5.31,32.38
246,"bf.s1",5.08,8.02,10.77,9.94,4.2,38.01,4.2,0,31.1
246,"bf.s2",0,0,0,0,0,0,0,0,0
246,"bf.total",5.08,8.02,10.77,9.94,4.2,38.01,4.2,5.31,31.1
246,"ours1.s1",6.1,7.69,9.19,9.15,4.32,36.45,4.32,0,19.86
246,"ours1.s2",0.13,0.43,0.96,1.35,0.64,3.52,0.64,0,2.96
246,"ours1.total",6.22,8.13,10.15,10.5,4.96,39.97,4.96,5.01,22.81
246,"ours2.s1",6.1,7.83,9.25,9.08,4.26,36.52,4.26,0,20.15
246,"ours2.s2",0.09,0.33,0.81,1.31,0.65,3.2,0.65,0,2.69
246,"ours2.total",6.18,8.16,10.07,10.39,4.91,39.71,4.91,4.98,22.84
246,"ours3.s1",6.04,7.71,9.24,9.2,4.24,36.44,4.24,0,20.11
246,"ours3.s2",0,0,0,0,0,0,0,0,0
246,"ours3.total",6.04,7.71,9.24,9.2,4.24,36.44,4.24,4.99,20.11
246,"titeet",4,5.2,7.6,9.6,3.5,29.9,3.5,4.4,24.45
246,"tite12",4,4.8,5.5,7.9,5.1,27.3,5.1,4.5,22.53
246,"bfet",4.31,6.06,7.92,9.39,5.75,33.44,5.75,5.18,15.9
291,"ours0.s1",14.68,11.66,4.48,0.89,0.1,31.8,5.46,0,23.25
291,"ours0.s2",0,0.04,0.09,0.06,0.01,0.2,0.16,0,0.14
291,"ours0.total",14.68,11.7,4.56,0.95,0.1,32,5.62,7.06,23.38
291,"bf.s1",14.29,11.92,4.5,0.82,0.08,31.61,5.4,0,23.13
291,"bf.s2",0,0,0,0,0,0,0,0,0
291,"bf.total",14.29,11.92,4.5,0.82,0.08,31.61,5.4,7,23.13
291,"ours1.s1",14.58,11.77,4.57,0.94,0.12,31.98,5.63,0,18.53
291,"ours1.s2",0,0.04,0.14,0.07,0.01,0.26,0.22,0,0.17
291,"ours1.total",14.59,11.81,4.71,1.01,0.13,32.24,5.85,7.19,18.71
291,"ours2.s1",14.58,11.77,4.55,0.91,0.11,31.91,5.57,0,18.81
291,"ours2.s2",0,0.04,0.13,0.05,0.01,0.24,0.2,0,0.16
291,"ours2.total",14.58,11.81,4.68,0.97,0.12,32.15,5.77,7.16,18.97
291,"ours3.s1",14.59,11.66,4.52,0.88,0.12,31.77,5.52,0,18.77
291,"ours3.s2",0,0,0,0,0,0,0,0,0
291,"ours3.total",14.59,11.66,4.52,0.88,0.12,31.77,5.52,7.09,18.77
291,"titeet",16.7,9.3,3,0.7,0.1,29.8,3.8,6.3,16.84
291,"tite12",8.1,6.5,4.4,2.7,1.3,23,8.4,6,15.18
291,"bfet",13.07,10.39,4.22,1.04,0.2,28.93,5.46,5.92,14.2
264,"ours0.s1",5.8,7.66,9.18,12.21,8.45,43.3,-1,0,34.16
264,"ours0.s2",0,0,0.03,0.38,0.86,1.27,-1,0,1.15
264,"ours0.total",5.8,7.66,9.21,12.59,9.31,44.57,-1,4.13,35.31
264,"bf.s1",4.64,7.25,9.79,12.53,8.46,42.67,-1,0,34.16
264,"bf.s2",0,0,0,0,0,0,-1,0,0
264,"bf.total",4.64,7.25,9.79,12.53,8.46,42.67,-1,4.21,34.16
264,"ours1.s1",5.91,7.56,9.12,11.71,8.74,43.05,-1,0,27.63
264,"ours1.s2",0,0.01,0.06,0.54,0.98,1.59,-1,0,1.4
264,"ours1.total",5.91,7.57,9.18,12.25,9.72,44.64,-1,4.18,29.03
264,"ours2.s1",5.9,7.66,9.09,11.7,8.69,43.05,-1,0,28.18
264,"ours2.s2",0,0,0.04,0.56,0.93,1.54,-1,0,1.37
264,"ours2.total",5.9,7.66,9.14,12.26,9.63,44.59,-1,4.15,29.55
264,"ours3.s1",5.8,7.51,9.18,11.76,8.73,42.98,-1,0,28.21
264,"ours3.s2",0,0,0,0,0,0,-1,0,0
264,"ours3.total",5.8,7.51,9.18,11.76,8.73,42.98,-1,4.19,28.21
264,"titeet",3.6,4.4,5.6,9.9,6.5,30,-1,3,26.43
264,"tite12",3.5,4.1,5,8.5,6.2,27.3,-1,2.9,24.23
264,"bfet",4.39,6.06,7.79,11.07,8.98,38.28,-1,3.76,25.5
254,"ours0.s1",5.89,7.56,9.02,11.8,8.55,42.82,-1,0,32.9
254,"ours0.s2",0,0,0.02,0.43,0.77,1.22,-1,0,1.12
254,"ours0.total",5.89,7.56,9.04,12.23,9.32,44.04,-1,4.15,34.02
254,"bf.s1",4.63,7.23,9.7,12.04,8.44,42.05,-1,0,32.88
254,"bf.s2",0,0,0,0,0,0,-1,0,0
254,"bf.total",4.63,7.23,9.7,12.04,8.44,42.05,-1,4.16,32.88
254,"ours1.s1",5.88,7.39,8.69,11.1,8.6,41.66,-1,0,23.51
254,"ours1.s2",0.02,0.06,0.31,0.79,0.93,2.11,-1,0,1.97
254,"ours1.total",5.9,7.45,9,11.89,9.53,43.77,-1,4.08,25.48
254,"ours2.s1",5.83,7.45,8.8,11.12,8.66,41.86,-1,0,23.95
254,"ours2.s2",0.01,0.05,0.23,0.76,0.92,1.97,-1,0,1.83
254,"ours2.total",5.84,7.5,9.03,11.89,9.58,43.83,-1,4.05,25.78
254,"ours3.s1",5.82,7.43,8.81,11.11,8.61,41.79,-1,0,23.97
254,"ours3.s2",0,0,0,0,0,0,-1,0,0
254,"ours3.total",5.82,7.43,8.81,11.11,8.61,41.79,-1,4.07,23.97
254,"titeet",3.5,4.3,5.4,10,6.8,30,-1,3.1,25.73
254,"tite12",3.5,4,4.9,8.5,6.3,27.2,-1,2.8,23.23
254,"bfet",4.23,5.68,7.03,9.85,9.4,36.2,-1,3.73,20.4
224,"ours0.s1",5.82,7.48,9.02,11.75,8.55,42.62,-1,0,25.71
224,"ours0.s2",0,0,0.04,0.44,0.78,1.26,-1,0,0.91
224,"ours0.total",5.82,7.48,9.06,12.19,9.33,43.89,-1,4.12,26.63
224,"bf.s1",4.6,7.19,9.67,12.02,8.43,41.91,-1,0,25.78
224,"bf.s2",0,0,0,0,0,0,-1,0,0
224,"bf.total",4.6,7.19,9.67,12.02,8.43,41.91,-1,4.15,25.78
224,"ours1.s1",5.74,7.21,8.51,10.97,8.73,41.16,-1,0,20.78
224,"ours1.s2",0.02,0.11,0.35,0.83,0.96,2.27,-1,0,1.62
224,"ours1.total",5.76,7.32,8.86,11.8,9.69,43.43,-1,4.03,22.4
224,"ours2.s1",5.77,7.37,8.75,11.11,8.61,41.62,-1,0,21.23
224,"ours2.s2",0.02,0.06,0.25,0.77,0.97,2.07,-1,0,1.5
224,"ours2.total",5.79,7.43,9,11.88,9.58,43.68,-1,4.04,22.73
224,"ours3.s1",5.72,7.36,8.66,11.03,8.66,41.44,-1,0,21.22
224,"ours3.s2",0,0,0,0,0,0,-1,0,0
224,"ours3.total",5.72,7.36,8.66,11.03,8.66,41.44,-1,4.06,21.22
224,"titeet",3.5,4.3,5.5,10,6.7,30,-1,3.1,19.97
224,"tite12",3.4,3.9,4.9,8.6,6.1,26.9,-1,2.8,18.05
224,"bfet",4.18,5.64,7.05,10.08,9.49,36.44,-1,3.78,19.5
217,"ours0.s1",11.73,12.65,9.21,3.73,0.83,38.14,4.56,0,21.74
217,"ours0.s2",0.01,0.02,0.21,0.2,0.07,0.51,0.26,0,0.39
217,"ours0.total",11.74,12.67,9.42,3.92,0.9,38.65,4.82,6.37,22.13
217,"bf.s1",11.05,12.98,9.44,3.75,0.8,38.02,4.56,0,21.72
217,"bf.s2",0,0,0,0,0,0,0,0,0
217,"bf.total",11.05,12.98,9.44,3.75,0.8,38.02,4.56,6.45,21.72
217,"ours1.s1",10.19,10.82,8.49,3.78,1.01,34.29,4.79,0,14.77
217,"ours1.s2",1.07,1.01,0.61,0.35,0.07,3.11,0.42,0,2.14
217,"ours1.total",11.26,11.83,9.1,4.13,1.08,37.4,5.21,5.91,16.92
217,"ours2.s1",10.43,10.99,8.49,3.66,1.01,34.58,4.67,0,15.03
217,"ours2.s2",0.9,0.87,0.6,0.42,0.09,2.89,0.51,0,2.02
217,"ours2.total",11.33,11.86,9.1,4.08,1.09,37.47,5.18,5.9,17.05
217,"ours3.s1",10.46,11.08,8.5,3.62,0.97,34.63,4.59,0,15.06
217,"ours3.s2",0,0,0,0,0,0,0,0,0
217,"ours3.total",10.46,11.08,8.5,3.62,0.97,34.63,4.59,5.9,15.06
217,"titeet",10.9,10.5,5.9,2.2,0.5,30,2.7,4.7,16.36
217,"tite12",6.9,6.5,5.1,3.5,1.8,23.8,5.3,4.5,13.74
217,"bfet",8.7,10.63,9.12,4.77,1.64,34.86,6.41,6.46,14.2
351,"ours0.s1",14.64,11.6,4.5,0.86,0.1,31.7,5.46,0,23.12
351,"ours0.s2",0,0.05,0.08,0.03,0.01,0.18,0.12,0,0.13
351,"ours0.total",14.64,11.66,4.58,0.89,0.1,31.88,5.58,7.03,23.26
351,"bf.s1",14.29,11.92,4.5,0.82,0.08,31.62,5.41,0,23.17
351,"bf.s2",0,0,0,0,0,0,0,0,0
351,"bf.total",14.29,11.92,4.5,0.82,0.08,31.62,5.41,7,23.17
351,"ours1.s1",14.46,11.85,4.82,0.94,0.1,32.17,5.86,0,18.71
351,"ours1.s2",0,0.04,0.15,0.07,0.01,0.27,0.23,0,0.17
351,"ours1.total",14.46,11.89,4.97,1.01,0.11,32.44,6.09,7.17,18.89
351,"ours2.s1",14.4,11.79,4.73,0.91,0.1,31.93,5.74,0,18.97
351,"ours2.s2",0,0.03,0.13,0.06,0.01,0.24,0.21,0,0.16
351,"ours2.total",14.4,11.82,4.87,0.97,0.11,32.17,5.95,7.12,19.13
351,"ours3.s1",14.56,11.64,4.51,0.89,0.12,31.72,5.52,0,18.78
351,"ours3.s2",0,0,0,0,0,0,0,0,0
351,"ours3.total",14.56,11.64,4.51,0.89,0.12,31.72,5.52,7.09,18.78
351,"titeet",16.4,9.3,3.1,0.8,0.2,29.8,4.1,6.3,17.57
351,"tite12",7.9,6.7,4.5,2.7,1.3,23.1,8.5,6.2,16.54
351,"bfet",13,10.32,4.21,1.03,0.2,28.75,5.44,5.84,14.2
247,"ours0.s1",11.77,12.75,9.1,3.53,0.73,37.88,4.26,0,27.74
247,"ours0.s2",0,0.02,0.21,0.24,0.05,0.52,0.29,0,0.47
247,"ours0.total",11.77,12.77,9.32,3.78,0.78,38.41,4.55,6.33,28.21
247,"bf.s1",11.11,13.11,9.57,3.8,0.72,38.31,4.52,0,27.91
247,"bf.s2",0,0,0,0,0,0,0,0,0
247,"bf.total",11.11,13.11,9.57,3.8,0.72,38.31,4.52,6.46,27.91
247,"ours1.s1",10.59,11.23,8.58,3.71,0.91,35.02,4.62,0,16.87
247,"ours1.s2",0.77,0.75,0.54,0.32,0.06,2.44,0.39,0,2.24
247,"ours1.total",11.36,11.98,9.11,4.03,0.97,37.46,5.01,6.02,19.11
247,"ours2.s1",10.75,11.45,8.58,3.61,0.86,35.25,4.47,0,17.1
247,"ours2.s2",0.65,0.66,0.5,0.29,0.05,2.15,0.34,0,2.05
247,"ours2.total",11.4,12.11,9.08,3.9,0.91,37.4,4.81,5.98,19.14
247,"ours3.s1",10.74,11.46,8.69,3.64,0.93,35.46,4.57,0,17.1
247,"ours3.s2",0,0,0,0,0,0,0,0,0
247,"ours3.total",10.74,11.46,8.69,3.64,0.93,35.46,4.57,6.04,17.1
247,"titeet",10.8,10.4,6,2.2,0.5,29.9,2.7,4.7,20.64
247,"tite12",6.9,6.4,5,3.6,1.8,23.7,5.4,4.5,17.67
247,"bfet",8.62,10.52,9.07,4.81,1.66,34.68,6.47,6.45,15.3
183,"ours0.s1",6.01,7.78,11.13,9.06,3.74,37.71,3.74,0,17.13
183,"ours0.s2",0.03,0.15,0.59,0.85,0.33,1.95,0.33,0,1.05
183,"ours0.total",6.05,7.92,11.72,9.91,4.06,39.66,4.06,5.26,18.18
183,"bf.s1",4.66,7.39,11.19,9.57,3.64,36.44,3.64,0,17.09
183,"bf.s2",0,0,0,0,0,0,0,0,0
183,"bf.total",4.66,7.39,11.19,9.57,3.64,36.44,3.64,5.32,17.09
183,"ours1.s1",5.48,6.72,9.78,8.49,3.97,34.44,3.97,0,13.85
183,"ours1.s2",0.41,1.05,1.73,1.29,0.36,4.84,0.36,0,2.34
183,"ours1.total",5.88,7.76,11.51,9.79,4.33,39.28,4.33,5,16.19
183,"ours2.s1",5.55,6.88,10.02,8.59,3.89,34.93,3.89,0,14.2
183,"ours2.s2",0.33,0.85,1.48,1.32,0.39,4.36,0.39,0,2.12
183,"ours2.total",5.88,7.73,11.5,9.91,4.28,39.29,4.28,5.03,16.32
183,"ours3.s1",5.54,6.93,9.98,8.64,3.94,35.02,3.94,0,14.17
183,"ours3.s2",0,0,0,0,0,0,0,0,0
183,"ours3.total",5.54,6.93,9.98,8.64,3.94,35.02,3.94,4.99,14.17
183,"titeet",4,5.2,11.1,7.1,2.6,30,2.6,4.2,13.53
183,"tite12",3.7,4.3,7.8,6.7,4,26.5,4,4.2,11.95
183,"bfet",4.22,5.81,9.71,9.34,5.13,34.21,5.13,5.36,14
204,"ours0.s1",5.81,7.64,9.14,12.16,8.47,43.22,-1,0,34.14
204,"ours0.s2",0,0,0.03,0.4,0.83,1.26,-1,0,1.16
204,"ours0.total",5.81,7.64,9.17,12.55,9.3,44.48,-1,4.14,35.31
204,"bf.s1",4.64,7.25,9.79,12.53,8.45,42.67,-1,0,34.11
204,"bf.s2",0,0,0,0,0,0,-1,0,0
204,"bf.total",4.64,7.25,9.79,12.53,8.45,42.67,-1,4.21,34.11
204,"ours1.s1",5.82,7.62,9.11,11.72,8.67,42.94,-1,0,27.55
204,"ours1.s2",0,0,0.06,0.57,0.96,1.59,-1,0,1.37
204,"ours1.total",5.82,7.62,9.17,12.3,9.63,44.54,-1,4.19,28.93
204,"ours2.s1",5.82,7.57,9.16,11.79,8.76,43.11,-1,0,28.19
204,"ours2.s2",0,0,0.03,0.57,0.97,1.58,-1,0,1.38
204,"ours2.total",5.82,7.57,9.2,12.36,9.73,44.69,-1,4.18,29.57
204,"ours3.s1",5.78,7.51,9.18,11.81,8.75,43.02,-1,0,28.21
204,"ours3.s2",0,0,0,0,0,0,-1,0,0
204,"ours3.total",5.78,7.51,9.18,11.81,8.75,43.02,-1,4.18,28.21
204,"titeet",3.5,4.4,5.5,10,6.5,29.9,-1,3.1,26.16
204,"tite12",3.4,3.9,4.8,8.7,6.1,26.9,-1,2.8,23.64
204,"bfet",4.35,5.95,7.72,11.09,8.99,38.11,-1,3.79,25.4
244,"ours0.s1",5.8,7.46,9.03,11.33,8.45,42.08,-1,0,32.21
244,"ours0.s2",0,0,0.04,0.48,0.81,1.34,-1,0,1.22
244,"ours0.total",5.8,7.46,9.07,11.82,9.27,43.42,-1,4.07,33.43
244,"bf.s1",4.63,7.2,9.61,11.54,8.46,41.44,-1,0,32.14
244,"bf.s2",0,0,0,0,0,0,-1,0,0
244,"bf.total",4.63,7.2,9.61,11.54,8.46,41.44,-1,4.11,32.14
244,"ours1.s1",5.7,6.87,7.46,9.78,8.44,38.25,-1,0,20.7
244,"ours1.s2",0.09,0.41,1.12,1.56,0.97,4.15,-1,0,3.45
244,"ours1.total",5.79,7.27,8.58,11.34,9.42,42.4,-1,3.81,24.16
244,"ours2.s1",5.75,6.97,7.68,9.85,8.51,38.76,-1,0,20.98
244,"ours2.s2",0.06,0.31,0.92,1.52,1,3.81,-1,0,3.27
244,"ours2.total",5.81,7.27,8.59,11.37,9.51,42.56,-1,3.8,24.24
244,"ours3.s1",5.67,6.93,7.75,9.97,8.47,38.8,-1,0,21.02
244,"ours3.s2",0,0,0,0,0,0,-1,0,0
244,"ours3.total",5.67,6.93,7.75,9.97,8.47,38.8,-1,3.85,21.02
244,"titeet",3.5,4.2,5.4,10.1,6.9,30.1,-1,3.1,25.42
244,"tite12",3.5,4,4.9,8.5,6.2,27.1,-1,2.8,22.79
244,"bfet",3.94,5.19,6.46,8.5,9.66,33.76,-1,3.7,16.1
193,"ours0.s1",6.22,8.35,12.2,9.86,3.6,40.23,3.6,0,25.09
193,"ours0.s2",0,0.01,0.2,0.64,0.29,1.13,0.29,0,0.83
193,"ours0.total",6.22,8.36,12.4,10.49,3.89,41.36,3.89,5.58,25.92
193,"bf.s1",5.08,8.04,12.26,10.22,3.63,39.24,3.63,0,25.12
193,"bf.s2",0,0,0,0,0,0,0,0,0
193,"bf.total",5.08,8.04,12.26,10.22,3.63,39.24,3.63,5.6,25.12
193,"ours1.s1",6.13,8.06,11.68,9.47,3.96,39.31,3.96,0,20.15
193,"ours1.s2",0.03,0.12,0.45,0.96,0.43,2,0.43,0,1.43
193,"ours1.total",6.16,8.18,12.13,10.44,4.4,41.31,4.4,5.52,21.58
193,"ours2.s1",6.18,8.04,11.9,9.57,3.85,39.54,3.85,0,20.64
193,"ours2.s2",0.01,0.1,0.38,0.92,0.44,1.84,0.44,0,1.32
193,"ours2.total",6.19,8.13,12.28,10.49,4.29,41.39,4.29,5.5,21.96
193,"ours3.s1",6.09,7.98,11.84,9.51,3.88,39.3,3.88,0,20.54
193,"ours3.s2",0,0,0,0,0,0,0,0,0
193,"ours3.total",6.09,7.98,11.84,9.51,3.88,39.3,3.88,5.48,20.54
193,"titeet",4,5.3,10.8,7.2,2.7,30,2.7,4.2,18.76
193,"tite12",3.7,4.3,7.7,6.9,3.9,26.5,3.9,4.3,16.9
193,"bfet",4.48,6.16,10.63,9.68,4.56,35.52,4.56,5.33,18.5
263,"ours0.s1",6.35,8.43,12.73,10.29,3.56,41.35,3.56,0,33.36
263,"ours0.s2",0,0,0.14,0.62,0.3,1.06,0.3,0,0.94
263,"ours0.total",6.35,8.43,12.87,10.9,3.87,42.42,3.87,5.73,34.3
263,"bf.s1",5.1,8.12,12.81,10.54,3.5,40.08,3.5,0,33.22
263,"bf.s2",0,0,0,0,0,0,0,0,0
263,"bf.total",5.1,8.12,12.81,10.54,3.5,40.08,3.5,5.71,33.22
263,"ours1.s1",6.26,8.31,12.49,10.14,3.87,41.07,3.87,0,26.76
263,"ours1.s2",0,0.01,0.22,0.8,0.5,1.53,0.5,0,1.31
263,"ours1.total",6.27,8.32,12.71,10.94,4.37,42.61,4.37,5.75,28.07
263,"ours2.s1",6.28,8.37,12.65,10.09,3.78,41.17,3.78,0,27.34
263,"ours2.s2",0,0.01,0.2,0.87,0.4,1.49,0.4,0,1.27
263,"ours2.total",6.28,8.37,12.85,10.97,4.18,42.65,4.18,5.73,28.61
263,"ours3.s1",6.19,8.25,12.58,10.23,3.82,41.05,3.82,0,27.29
263,"ours3.s2",0,0,0,0,0,0,0,0,0
263,"ours3.total",6.19,8.25,12.58,10.23,3.82,41.05,3.82,5.71,27.29
263,"titeet",4.1,5.5,10.9,6.9,2.5,29.9,2.5,4.1,24.85
263,"tite12",3.8,4.4,7.5,6.8,4.2,26.7,4.2,4.3,23.3
263,"bfet",4.76,6.54,11.42,10.05,4.01,36.78,4.01,5.32,23.9
223,"ours0.s1",6.25,8.33,12.14,9.9,3.66,40.28,3.66,0,25.18
223,"ours0.s2",0,0.01,0.22,0.68,0.32,1.22,0.32,0,0.88
223,"ours0.total",6.25,8.33,12.36,10.58,3.98,41.5,3.98,5.58,26.06
223,"bf.s1",5.08,8.04,12.27,10.22,3.63,39.24,3.63,0,25.17
223,"bf.s2",0,0,0,0,0,0,0,0,0
223,"bf.total",5.08,8.04,12.27,10.22,3.63,39.24,3.63,5.6,25.17
223,"ours1.s1",6.09,7.91,11.78,9.48,3.86,39.13,3.86,0,20.18
223,"ours1.s2",0.03,0.13,0.5,0.96,0.41,2.03,0.41,0,1.47
223,"ours1.total",6.12,8.04,12.29,10.44,4.27,41.16,4.27,5.49,21.66
223,"ours2.s1",6.17,8.06,11.85,9.53,3.87,39.48,3.87,0,20.57
223,"ours2.s2",0.02,0.1,0.4,0.93,0.41,1.85,0.41,0,1.32
223,"ours2.total",6.18,8.16,12.25,10.46,4.27,41.33,4.27,5.49,21.89
223,"ours3.s1",6.1,7.99,11.8,9.52,3.88,39.29,3.88,0,20.56
223,"ours3.s2",0,0,0,0,0,0,0,0,0
223,"ours3.total",6.1,7.99,11.8,9.52,3.88,39.29,3.88,5.47,20.56
223,"titeet",4,5.3,11,7.1,2.6,30,2.6,4.2,19.04
223,"tite12",3.7,4.3,7.7,6.8,4.1,26.6,4.1,4.3,17.37
223,"bfet",4.53,6.21,10.63,9.66,4.55,35.57,4.55,5.33,18.6
213,"ours0.s1",6.26,8.2,11.74,9.39,3.72,39.3,3.72,0,23.72
213,"ours0.s2",0,0.01,0.29,0.75,0.33,1.37,0.33,0,1.01
213,"ours0.total",6.26,8.2,12.02,10.13,4.05,40.67,4.05,5.44,24.73
213,"bf.s1",5.06,7.96,11.74,9.75,3.64,38.15,3.64,0,23.72
213,"bf.s2",0,0,0,0,0,0,0,0,0
213,"bf.total",5.06,7.96,11.74,9.75,3.64,38.15,3.64,5.44,23.72
213,"ours1.s1",5.85,7.09,10.07,8.59,3.78,35.38,3.78,0,16.23
213,"ours1.s2",0.24,0.82,1.55,1.33,0.41,4.34,0.41,0,2.8
213,"ours1.total",6.09,7.91,11.62,9.92,4.19,39.72,4.19,5.1,19.03
213,"ours2.s1",5.88,7.16,10.28,8.66,3.86,35.83,3.86,0,16.57
213,"ours2.s2",0.2,0.69,1.35,1.28,0.35,3.87,0.35,0,2.56
213,"ours2.total",6.09,7.84,11.62,9.94,4.21,39.7,4.21,5.07,19.13
213,"ours3.s1",5.8,7.19,10.23,8.7,3.81,35.73,3.81,0,16.51
213,"ours3.s2",0,0,0,0,0,0,0,0,0
213,"ours3.total",5.8,7.19,10.23,8.7,3.81,35.73,3.81,5.04,16.51
213,"titeet",4,5.2,10.9,7.2,2.6,29.9,2.6,4.2,18.42
213,"tite12",3.7,4.4,7.7,6.8,4.1,26.7,4.1,4.2,16.62
213,"bfet",4.24,5.88,9.69,9.3,5.12,34.24,5.12,5.38,15
239,"ours0.s1",8.54,12.64,12.51,7.92,2.68,44.29,2.68,0,32.75
239,"ours0.s2",0,0,0.13,0.36,0.19,0.68,0.19,0,0.6
239,"ours0.total",8.54,12.64,12.64,8.28,2.87,44.97,2.87,6.09,33.35
239,"bf.s1",7.31,12.53,12.99,8.11,2.66,43.6,2.66,0,32.66
239,"bf.s2",0,0,0,0,0,0,0,0,0
239,"bf.total",7.31,12.53,12.99,8.11,2.66,43.6,2.66,6.13,32.66
239,"ours1.s1",8.46,12.42,12.41,7.79,2.85,43.93,2.85,0,26.24
239,"ours1.s2",0.01,0.02,0.16,0.54,0.3,1.03,0.3,0,0.92
239,"ours1.total",8.47,12.44,12.56,8.34,3.16,44.97,3.16,6.06,27.16
239,"ours2.s1",8.41,12.39,12.42,7.79,2.83,43.84,2.83,0,26.69
239,"ours2.s2",0,0.01,0.15,0.56,0.31,1.04,0.31,0,0.86
239,"ours2.total",8.42,12.4,12.58,8.35,3.14,44.88,3.14,6.06,27.56
239,"ours3.s1",8.43,12.39,12.5,7.75,2.77,43.84,2.77,0,26.64
239,"ours3.s2",0,0,0,0,0,0,0,0,0
239,"ours3.total",8.43,12.39,12.5,7.75,2.77,43.84,2.77,6.05,26.64
239,"titeet",4.6,11,8.5,4.3,1.5,29.9,1.5,3.9,23.47
239,"tite12",4,6.8,6.1,5.4,3.2,25.5,3.2,4,21.52
239,"bfet",6.65,11.43,11.96,7.48,3.02,40.54,3.02,5.63,22.8
203,"ours0.s1",6.3,8.38,12.74,10.31,3.61,41.34,3.61,0,33.24
203,"ours0.s2",0,0,0.15,0.62,0.29,1.07,0.29,0,0.98
203,"ours0.total",6.3,8.38,12.89,10.94,3.9,42.41,3.9,5.72,34.22
203,"bf.s1",5.11,8.13,12.8,10.54,3.5,40.08,3.5,0,33.16
203,"bf.s2",0,0,0,0,0,0,0,0,0
203,"bf.total",5.11,8.13,12.8,10.54,3.5,40.08,3.5,5.71,33.16
203,"ours1.s1",6.27,8.29,12.47,10.2,3.86,41.09,3.86,0,26.66
203,"ours1.s2",0,0.01,0.19,0.73,0.45,1.38,0.45,0,1.2
203,"ours1.total",6.27,8.3,12.66,10.92,4.31,42.47,4.31,5.78,27.86
203,"ours2.s1",6.24,8.25,12.55,10.06,3.79,40.89,3.79,0,27.2
203,"ours2.s2",0,0,0.19,0.83,0.4,1.42,0.4,0,1.22
203,"ours2.total",6.24,8.25,12.74,10.89,4.19,42.31,4.19,5.72,28.42
203,"ours3.s1",6.18,8.26,12.62,10.24,3.81,41.1,3.81,0,27.27
203,"ours3.s2",0,0,0,0,0,0,0,0,0
203,"ours3.total",6.18,8.26,12.62,10.24,3.81,41.1,3.81,5.72,27.27
203,"titeet",4.1,5.5,10.8,6.9,2.6,29.9,2.6,4.1,24.43
203,"tite12",3.6,4.2,7.7,6.9,4.1,26.5,4.1,4.3,22.43
203,"bfet",4.73,6.48,11.41,10.15,4.03,36.79,4.03,5.34,23.9
253,"ours0.s1",6.23,8.26,12.3,9.99,3.67,40.45,3.67,0,31.72
253,"ours0.s2",0,0,0.17,0.63,0.28,1.09,0.28,0,1.01
253,"ours0.total",6.23,8.26,12.47,10.62,3.95,41.53,3.95,5.61,32.74
253,"bf.s1",5.09,8.05,12.38,10.25,3.54,39.31,3.54,0,31.72
253,"bf.s2",0,0,0,0,0,0,0,0,0
253,"bf.total",5.09,8.05,12.38,10.25,3.54,39.31,3.54,5.61,31.72
253,"ours1.s1",6.22,8.13,11.76,9.56,3.98,39.66,3.98,0,22.56
253,"ours1.s2",0.02,0.11,0.42,0.96,0.44,1.94,0.44,0,1.73
253,"ours1.total",6.24,8.24,12.18,10.52,4.42,41.6,4.42,5.52,24.29
253,"ours2.s1",6.36,8.2,11.92,9.45,3.76,39.69,3.76,0,22.91
253,"ours2.s2",0.02,0.06,0.38,1,0.45,1.91,0.45,0,1.69
253,"ours2.total",6.38,8.26,12.3,10.44,4.21,41.6,4.21,5.44,24.6
253,"ours3.s1",6.21,8.1,11.88,9.62,3.84,39.66,3.84,0,22.96
253,"ours3.s2",0,0,0,0,0,0,0,0,0
253,"ours3.total",6.21,8.1,11.88,9.62,3.84,39.66,3.84,5.48,22.96
253,"titeet",4,5.3,10.8,7.2,2.6,29.9,2.6,4.2,24.14
253,"tite12",3.7,4.4,7.7,6.7,4,26.5,4,4.3,22.11
253,"bfet",4.56,6.18,10.54,9.54,4.6,35.43,4.6,5.31,19.5
189,"ours0.s1",7.92,11.22,10.71,6.94,3.01,39.8,3.01,0,16.89
189,"ours0.s2",0.14,0.28,0.51,0.54,0.22,1.7,0.22,0,0.95
189,"ours0.total",8.06,11.51,11.22,7.48,3.22,41.5,3.22,5.51,17.84
189,"bf.s1",6.36,10.95,11.55,7.42,2.83,39.1,2.83,0,16.9
189,"bf.s2",0,0,0,0,0,0,0,0,0
189,"bf.total",6.36,10.95,11.55,7.42,2.83,39.1,2.83,5.69,16.9
189,"ours1.s1",6.54,9.53,9.61,6.62,3.14,35.44,3.14,0,13.72
189,"ours1.s2",1.03,1.62,1.39,0.89,0.27,5.2,0.27,0,2.47
189,"ours1.total",7.57,11.15,10.99,7.52,3.41,40.64,3.41,5.18,16.2
189,"ours2.s1",6.78,9.77,9.78,6.59,3.02,35.95,3.02,0,14.06
189,"ours2.s2",0.95,1.4,1.23,0.87,0.24,4.68,0.24,0,2.29
189,"ours2.total",7.73,11.17,11.02,7.46,3.26,40.63,3.26,5.16,16.35
189,"ours3.s1",6.7,9.79,9.76,6.67,3.15,36.06,3.15,0,14.07
189,"ours3.s2",0,0,0,0,0,0,0,0,0
189,"ours3.total",6.7,9.79,9.76,6.67,3.15,36.06,3.15,5.18,14.07
189,"titeet",4.5,10.7,8.7,4.5,1.6,30,1.6,4,13.25
189,"tite12",4.1,6.9,6.3,5.1,2.9,25.3,2.9,3.9,11.32
189,"bfet",5.66,9.38,10.35,7.61,4.24,37.23,4.24,5.76,14.4
229,"ours0.s1",8.43,12.23,12.07,7.65,2.81,43.18,2.81,0,24.82
229,"ours0.s2",0,0.01,0.14,0.41,0.22,0.77,0.22,0,0.55
229,"ours0.total",8.43,12.24,12.21,8.06,3.03,43.96,3.03,5.91,25.37
229,"bf.s1",7.26,12.2,12.43,7.83,2.75,42.48,2.75,0,24.69
229,"bf.s2",0,0,0,0,0,0,0,0,0
229,"bf.total",7.26,12.2,12.43,7.83,2.75,42.48,2.75,5.98,24.69
229,"ours1.s1",8.17,11.69,11.42,7.43,2.94,41.64,2.94,0,19.88
229,"ours1.s2",0.1,0.23,0.4,0.64,0.27,1.64,0.27,0,1.19
229,"ours1.total",8.27,11.92,11.82,8.07,3.21,43.28,3.21,5.82,21.07
229,"ours2.s1",8.15,11.78,11.59,7.42,3.03,41.98,3.03,0,20.32
229,"ours2.s2",0.06,0.17,0.36,0.65,0.29,1.53,0.29,0,1.1
229,"ours2.total",8.21,11.95,11.95,8.08,3.32,43.51,3.32,5.84,21.43
229,"ours3.s1",8.17,11.77,11.45,7.36,3.08,41.82,3.08,0,20.24
229,"ours3.s2",0,0,0,0,0,0,0,0,0
229,"ours3.total",8.17,11.77,11.45,7.36,3.08,41.82,3.08,5.83,20.24
229,"titeet",4.5,10.9,8.7,4.4,1.5,30,1.5,3.9,18.31
229,"tite12",4.1,6.7,6.3,5.2,3.2,25.5,3.2,4,16.41
229,"bfet",6.21,10.51,11.09,7.36,3.46,38.64,3.46,5.6,18.1
233,"ours0.s1",6.32,8.37,12.7,10.35,3.65,41.4,3.65,0,33.29
233,"ours0.s2",0,0,0.15,0.58,0.31,1.04,0.31,0,0.93
233,"ours0.total",6.32,8.37,12.86,10.93,3.96,42.44,3.96,5.73,34.22
233,"bf.s1",5.11,8.13,12.8,10.54,3.5,40.08,3.5,0,33.16
233,"bf.s2",0,0,0,0,0,0,0,0,0
233,"bf.total",5.11,8.13,12.8,10.54,3.5,40.08,3.5,5.71,33.16
233,"ours1.s1",6.33,8.28,12.48,10.15,3.82,41.07,3.82,0,26.69
233,"ours1.s2",0,0.02,0.2,0.81,0.44,1.46,0.44,0,1.28
233,"ours1.total",6.33,8.3,12.68,10.96,4.27,42.54,4.27,5.75,27.97
233,"ours2.s1",6.26,8.34,12.45,10.16,3.95,41.16,3.95,0,27.29
233,"ours2.s2",0,0,0.19,0.78,0.4,1.38,0.4,0,1.18
233,"ours2.total",6.26,8.35,12.64,10.94,4.35,42.54,4.35,5.75,28.47
233,"ours3.s1",6.17,8.24,12.59,10.22,3.82,41.05,3.82,0,27.26
233,"ours3.s2",0,0,0,0,0,0,0,0,0
233,"ours3.total",6.17,8.24,12.59,10.22,3.82,41.05,3.82,5.71,27.26
233,"titeet",4.2,5.4,10.7,7,2.6,29.9,2.6,4.1,24.52
233,"tite12",3.6,4.3,7.7,6.9,4,26.5,4,4.3,22.73
233,"bfet",4.74,6.52,11.43,10.09,4.02,36.8,4.02,5.32,23.9
269,"ours0.s1",8.5,12.67,12.51,7.95,2.76,44.38,2.76,0,32.8
269,"ours0.s2",0,0,0.12,0.4,0.22,0.74,0.22,0,0.65
269,"ours0.total",8.5,12.67,12.63,8.35,2.97,45.12,2.97,6.09,33.44
269,"bf.s1",7.31,12.53,12.99,8.11,2.65,43.59,2.65,0,32.71
269,"bf.s2",0,0,0,0,0,0,0,0,0
269,"bf.total",7.31,12.53,12.99,8.11,2.65,43.59,2.65,6.13,32.71
269,"ours1.s1",8.57,12.42,12.43,7.73,2.78,43.93,2.78,0,26.24
269,"ours1.s2",0,0.02,0.16,0.53,0.28,1,0.28,0,0.86
269,"ours1.total",8.58,12.45,12.59,8.26,3.06,44.93,3.06,6.1,27.09
269,"ours2.s1",8.47,12.41,12.45,7.77,2.75,43.85,2.75,0,26.7
269,"ours2.s2",0,0.01,0.15,0.56,0.28,1,0.28,0,0.85
269,"ours2.total",8.47,12.42,12.59,8.33,3.03,44.85,3.03,6.06,27.55
269,"ours3.s1",8.44,12.37,12.49,7.77,2.77,43.83,2.77,0,26.65
269,"ours3.s2",0,0,0,0,0,0,0,0,0
269,"ours3.total",8.44,12.37,12.49,7.77,2.77,43.83,2.77,6.06,26.65
269,"titeet",4.6,10.9,8.6,4.4,1.5,30,1.5,4,23.79
269,"tite12",4.1,6.7,6.2,5.4,3.3,25.7,3.3,4,22.15
269,"bfet",6.66,11.42,11.88,7.44,3.03,40.43,3.03,5.61,22.8
199,"ours0.s1",8.58,12.3,12.08,7.59,2.79,43.34,2.79,0,24.75
199,"ours0.s2",0,0.01,0.15,0.41,0.2,0.78,0.2,0,0.57
199,"ours0.total",8.58,12.31,12.24,8,2.99,44.12,2.99,5.93,25.32
199,"bf.s1",7.26,12.2,12.43,7.83,2.75,42.47,2.75,0,24.63
199,"bf.s2",0,0,0,0,0,0,0,0,0
199,"bf.total",7.26,12.2,12.43,7.83,2.75,42.47,2.75,5.98,24.63
199,"ours1.s1",8.14,11.69,11.48,7.36,2.98,41.66,2.98,0,19.94
199,"ours1.s2",0.08,0.2,0.39,0.66,0.3,1.63,0.3,0,1.18
199,"ours1.total",8.22,11.89,11.87,8.02,3.28,43.29,3.28,5.79,21.12
199,"ours2.s1",8.28,11.83,11.61,7.33,2.95,42,2.95,0,20.35
199,"ours2.s2",0.06,0.13,0.34,0.63,0.27,1.43,0.27,0,1.05
199,"ours2.total",8.33,11.96,11.95,7.96,3.22,43.43,3.22,5.8,21.4
199,"ours3.s1",8.16,11.81,11.49,7.34,3.07,41.87,3.07,0,20.22
199,"ours3.s2",0,0,0,0,0,0,0,0,0
199,"ours3.total",8.16,11.81,11.49,7.34,3.07,41.87,3.07,5.83,20.22
199,"titeet",4.5,11.1,8.5,4.4,1.5,30,1.5,3.9,18.04
199,"tite12",4,6.7,6.2,5.3,3.1,25.3,3.1,4,15.93
199,"bfet",6.18,10.49,11.15,7.4,3.48,38.7,3.48,5.62,18
238,"ours0.s1",11.99,12.33,10.63,6.22,2.14,43.31,2.14,0,31.92
238,"ours0.s2",0,0.01,0.15,0.34,0.18,0.67,0.18,0,0.6
238,"ours0.total",11.99,12.34,10.78,6.56,2.32,43.99,2.32,6.64,32.52
238,"bf.s1",11.32,12.82,11.18,6.62,2.17,44.12,2.17,0,32.17
238,"bf.s2",0,0,0,0,0,0,0,0,0
238,"bf.total",11.32,12.82,11.18,6.62,2.17,44.12,2.17,6.79,32.17
238,"ours1.s1",11.83,12.08,10.54,6.26,2.17,42.88,2.17,0,25.58
238,"ours1.s2",0,0.03,0.26,0.47,0.19,0.96,0.19,0,0.83
238,"ours1.total",11.83,12.11,10.8,6.73,2.37,43.84,2.37,6.64,26.41
238,"ours2.s1",11.89,12.19,10.56,6.33,2.26,43.24,2.26,0,26.19
238,"ours2.s2",0,0.03,0.22,0.5,0.22,0.96,0.22,0,0.82
238,"ours2.total",11.89,12.22,10.79,6.82,2.48,44.2,2.48,6.67,27
238,"ours3.s1",11.83,12.25,10.59,6.29,2.29,43.25,2.29,0,26.19
238,"ours3.s2",0,0,0,0,0,0,0,0,0
238,"ours3.total",11.83,12.25,10.59,6.29,2.29,43.25,2.29,6.66,26.19
238,"titeet",12.5,9.1,5.3,2.4,0.7,30,0.7,3.8,21.62
238,"tite12",6.2,6,5,4.2,2.4,23.8,2.4,3.9,19.81
238,"bfet",10.72,11.5,9.64,5.96,2.42,40.24,2.42,6.02,21.4
228,"ours0.s1",11.8,11.95,10.19,5.96,2.19,42.1,2.19,0,24.09
228,"ours0.s2",0,0.02,0.21,0.38,0.17,0.78,0.17,0,0.56
228,"ours0.total",11.8,11.97,10.4,6.34,2.36,42.88,2.36,6.52,24.64
228,"bf.s1",11.13,12.4,10.68,6.42,2.24,42.86,2.24,0,24.27
228,"bf.s2",0,0,0,0,0,0,0,0,0
228,"bf.total",11.13,12.4,10.68,6.42,2.24,42.86,2.24,6.61,24.27
228,"ours1.s1",11.53,11.38,9.56,5.83,2.37,40.67,2.37,0,19.5
228,"ours1.s2",0.09,0.22,0.47,0.59,0.2,1.58,0.2,0,1.14
228,"ours1.total",11.62,11.6,10.03,6.42,2.57,42.25,2.57,6.25,20.65
228,"ours2.s1",11.53,11.38,9.67,5.91,2.36,40.85,2.36,0,19.86
228,"ours2.s2",0.08,0.18,0.44,0.58,0.22,1.5,0.22,0,1.08
228,"ours2.total",11.61,11.56,10.11,6.49,2.58,42.35,2.58,6.31,20.94
228,"ours3.s1",11.53,11.51,9.71,5.9,2.34,40.99,2.34,0,19.89
228,"ours3.s2",0,0,0,0,0,0,0,0,0
228,"ours3.total",11.53,11.51,9.71,5.9,2.34,40.99,2.34,6.35,19.89
228,"titeet",12.1,9.1,5.6,2.5,0.7,30,0.7,4,17.13
228,"tite12",6.3,6.1,5,4.1,2.2,23.7,2.2,3.9,15.1
228,"bfet",10.2,10.6,9.23,6.16,2.85,39.03,2.85,6.09,17.3
209,"ours0.s1",8.5,12.56,12.51,7.95,2.74,44.25,2.74,0,32.73
209,"ours0.s2",0,0,0.13,0.39,0.23,0.75,0.23,0,0.65
209,"ours0.total",8.5,12.56,12.64,8.34,2.97,45,2.97,6.08,33.38
209,"bf.s1",7.31,12.53,12.99,8.11,2.66,43.6,2.66,0,32.66
209,"bf.s2",0,0,0,0,0,0,0,0,0
209,"bf.total",7.31,12.53,12.99,8.11,2.66,43.6,2.66,6.13,32.66
209,"ours1.s1",8.45,12.41,12.52,7.8,2.76,43.94,2.76,0,26.24
209,"ours1.s2",0.01,0.02,0.16,0.57,0.3,1.05,0.3,0,0.91
209,"ours1.total",8.45,12.43,12.68,8.37,3.05,44.99,3.05,6.11,27.14
209,"ours2.s1",8.49,12.37,12.45,7.78,2.81,43.9,2.81,0,26.67
209,"ours2.s2",0,0.01,0.15,0.56,0.29,1.01,0.29,0,0.86
209,"ours2.total",8.49,12.38,12.6,8.34,3.1,44.92,3.1,6.1,27.53
209,"ours3.s1",8.43,12.36,12.52,7.79,2.76,43.86,2.76,0,26.6
209,"ours3.s2",0,0,0,0,0,0,0,0,0
209,"ours3.total",8.43,12.36,12.52,7.79,2.76,43.86,2.76,6.07,26.6
209,"titeet",4.5,11.1,8.6,4.3,1.5,30,1.5,4,23.37
209,"tite12",4,6.7,6.2,5.3,3,25.2,3,4,21.08
209,"bfet",6.63,11.38,11.97,7.52,3.07,40.58,3.07,5.65,22.8
268,"ours0.s1",11.95,12.33,10.67,6.27,2.13,43.35,2.13,0,32.05
268,"ours0.s2",0,0.01,0.18,0.39,0.17,0.75,0.17,0,0.67
268,"ours0.total",11.95,12.34,10.86,6.65,2.3,44.11,2.3,6.63,32.72
268,"bf.s1",11.32,12.82,11.18,6.63,2.18,44.12,2.18,0,32.23
268,"bf.s2",0,0,0,0,0,0,0,0,0
268,"bf.total",11.32,12.82,11.18,6.63,2.18,44.12,2.18,6.79,32.23
268,"ours1.s1",11.89,12.15,10.54,6.31,2.18,43.06,2.18,0,25.74
268,"ours1.s2",0.01,0.03,0.27,0.53,0.24,1.07,0.24,0,0.88
268,"ours1.total",11.89,12.18,10.81,6.84,2.42,44.13,2.42,6.62,26.62
268,"ours2.s1",11.93,12.19,10.58,6.38,2.24,43.31,2.24,0,26.24
268,"ours2.s2",0,0.03,0.27,0.48,0.21,0.99,0.21,0,0.85
268,"ours2.total",11.93,12.22,10.85,6.86,2.45,44.31,2.45,6.64,27.09
268,"ours3.s1",11.83,12.23,10.59,6.29,2.33,43.27,2.33,0,26.22
268,"ours3.s2",0,0,0,0,0,0,0,0,0
268,"ours3.total",11.83,12.23,10.59,6.29,2.33,43.27,2.33,6.66,26.22
268,"titeet",12.3,8.9,5.5,2.5,0.7,29.9,0.7,4,21.97
268,"tite12",6.4,6,5,4.1,2.3,23.8,2.3,3.9,20.2
268,"bfet",10.71,11.44,9.58,5.91,2.39,40.03,2.39,5.96,21.4
208,"ours0.s1",12.09,12.31,10.63,6.28,2.14,43.45,2.14,0,31.97
208,"ours0.s2",0,0.01,0.16,0.37,0.16,0.7,0.16,0,0.61
208,"ours0.total",12.09,12.31,10.79,6.64,2.31,44.15,2.31,6.64,32.58
208,"bf.s1",11.32,12.82,11.18,6.62,2.17,44.12,2.17,0,32.17
208,"bf.s2",0,0,0,0,0,0,0,0,0
208,"bf.total",11.32,12.82,11.18,6.62,2.17,44.12,2.17,6.79,32.17
208,"ours1.s1",11.9,12.07,10.57,6.48,2.32,43.34,2.32,0,25.7
208,"ours1.s2",0,0.02,0.25,0.47,0.24,0.99,0.24,0,0.84
208,"ours1.total",11.9,12.09,10.82,6.96,2.56,44.32,2.56,6.73,26.54
208,"ours2.s1",11.87,12.09,10.55,6.28,2.21,43,2.21,0,26.14
208,"ours2.s2",0,0.03,0.24,0.49,0.22,0.98,0.22,0,0.83
208,"ours2.total",11.87,12.11,10.79,6.78,2.43,43.98,2.43,6.62,26.97
208,"ours3.s1",11.84,12.25,10.62,6.32,2.29,43.33,2.29,0,26.21
208,"ours3.s2",0,0,0,0,0,0,0,0,0
208,"ours3.total",11.84,12.25,10.62,6.32,2.29,43.33,2.29,6.67,26.21
208,"titeet",12.2,9.3,5.4,2.3,0.8,30,0.8,4,21.56
208,"tite12",6.2,6,5,4.2,2.4,23.8,2.4,3.9,19.52
208,"bfet",10.72,11.52,9.65,5.99,2.43,40.32,2.43,6.04,21.4
190,"ours0.s1",8.1,10.86,9.74,7.23,4.68,40.62,-1,0,17.12
190,"ours0.s2",0.08,0.29,0.67,0.79,0.4,2.24,-1,0,1.19
190,"ours0.total",8.18,11.15,10.42,8.02,5.08,42.85,-1,5.17,18.31
190,"bf.s1",6.77,10.18,10.42,8.05,4.65,40.06,-1,0,17.12
190,"bf.s2",0,0,0,0,0,0,-1,0,0
190,"bf.total",6.77,10.18,10.42,8.05,4.65,40.06,-1,5.31,17.12
190,"ours1.s1",6.83,9.08,8.32,6.4,4.78,35.41,-1,0,13.8
190,"ours1.s2",0.72,1.56,1.65,1.45,0.48,5.87,-1,0,2.74
190,"ours1.total",7.55,10.65,9.97,7.85,5.25,41.28,-1,4.63,16.54
190,"ours2.s1",7.07,9.48,8.46,6.47,4.66,36.14,-1,0,14.17
190,"ours2.s2",0.53,1.3,1.58,1.37,0.47,5.25,-1,0,2.53
190,"ours2.total",7.6,10.79,10.04,7.84,5.13,41.39,-1,4.73,16.7
190,"ours3.s1",7.04,9.46,8.51,6.45,4.7,36.14,-1,0,14.14
190,"ours3.s2",0,0,0,0,0,0,-1,0,0
190,"ours3.total",7.04,9.46,8.51,6.45,4.7,36.14,-1,4.72,14.14
190,"titeet",5.1,11.2,7.7,4.1,1.8,29.9,-1,3.5,13.21
190,"tite12",4,6.6,5.9,5.2,3.5,25.2,-1,3.4,11.28
190,"bfet",6,9.22,9.34,7.39,6.16,38.11,-1,5.13,14.6
315,"ours0.s1",8.65,11.88,11.59,4.91,0.9,37.94,5.81,0,19.59
315,"ours0.s2",0,0.02,0.24,0.39,0.12,0.77,0.51,0,0.42
315,"ours0.total",8.66,11.9,11.84,5.3,1.02,38.71,6.32,6.49,20.01
315,"bf.s1",7.75,12.16,11.91,5.07,0.88,37.77,5.95,0,19.68
315,"bf.s2",0,0,0,0,0,0,0,0,0
315,"bf.total",7.75,12.16,11.91,5.07,0.88,37.77,5.95,6.56,19.68
315,"ours1.s1",8.72,11.66,11.61,5.14,1.04,38.17,6.18,0,15.62
315,"ours1.s2",0,0.02,0.31,0.48,0.13,0.95,0.61,0,0.48
315,"ours1.total",8.72,11.68,11.92,5.62,1.17,39.12,6.8,6.59,16.1
315,"ours2.s1",8.69,11.59,11.52,5.18,1.04,38.02,6.22,0,15.87
315,"ours2.s2",0,0.01,0.33,0.47,0.14,0.95,0.61,0,0.48
315,"ours2.total",8.69,11.61,11.85,5.65,1.18,38.98,6.82,6.57,16.35
315,"ours3.s1",8.63,11.6,11.67,5.14,1.03,38.07,6.16,0,15.9
315,"ours3.s2",0,0,0,0,0,0,0,0,0
315,"ours3.total",8.63,11.6,11.67,5.14,1.03,38.07,6.16,6.56,15.9
315,"titeet",6.1,8.9,10.2,3.7,0.8,29.7,4.5,5.3,14.37
315,"tite12",4.8,5.6,7.5,5.3,2.9,26.1,8.2,5.7,13.88
315,"bfet",7.07,9.67,10.47,5.15,1.2,33.56,6.35,5.69,13.1
200,"ours0.s1",8.82,11.95,11.21,8.25,4.55,44.78,-1,0,25.16
200,"ours0.s2",0,0.01,0.21,0.56,0.44,1.22,-1,0,0.84
200,"ours0.total",8.82,11.96,11.42,8.81,4.99,46,-1,5.69,26.01
200,"bf.s1",7.78,11.87,11.67,8.6,4.44,44.36,-1,0,25.15
200,"bf.s2",0,0,0,0,0,0,-1,0,0
200,"bf.total",7.78,11.87,11.67,8.6,4.44,44.36,-1,5.76,25.15
200,"ours1.s1",8.54,11.42,10.52,7.65,4.68,42.83,-1,0,20.32
200,"ours1.s2",0.04,0.19,0.49,0.86,0.57,2.15,-1,0,1.51
200,"ours1.total",8.59,11.61,11.02,8.52,5.25,44.98,-1,5.45,21.84
200,"ours2.s1",8.56,11.54,10.63,7.77,4.61,43.1,-1,0,20.69
200,"ours2.s2",0.03,0.12,0.44,0.85,0.56,2,-1,0,1.4
200,"ours2.total",8.59,11.65,11.07,8.62,5.17,45.1,-1,5.48,22.09
200,"ours3.s1",8.55,11.54,10.62,7.71,4.61,43.03,-1,0,20.67
200,"ours3.s2",0,0,0,0,0,0,-1,0,0
200,"ours3.total",8.55,11.54,10.62,7.71,4.61,43.03,-1,5.49,20.67
200,"titeet",5,11.3,7.5,4.1,2,29.9,-1,3.4,18
200,"tite12",3.8,6.3,6,5.3,3.7,25.1,-1,3.5,16.04
200,"bfet",6.63,10.25,10.04,7.39,5.15,39.46,-1,5.1,18.2
188,"ours0.s1",11.17,10.69,8.94,5.66,2.52,38.98,2.52,0,16.58
188,"ours0.s2",0.16,0.32,0.52,0.52,0.15,1.66,0.15,0,0.91
188,"ours0.total",11.32,11.02,9.45,6.18,2.66,40.64,2.66,6.02,17.49
188,"bf.s1",9.7,11.12,9.79,5.96,2.28,38.86,2.28,0,16.52
188,"bf.s2",0,0,0,0,0,0,0,0,0
188,"bf.total",9.7,11.12,9.79,5.96,2.28,38.86,2.28,6.12,16.52
188,"ours1.s1",9.59,9.07,7.91,5.37,2.52,34.45,2.52,0,13.44
188,"ours1.s2",1.2,1.42,1.18,0.78,0.2,4.79,0.2,0,2.29
188,"ours1.total",10.79,10.49,9.09,6.15,2.72,39.25,2.72,5.54,15.73
188,"ours2.s1",9.78,9.32,8.05,5.3,2.33,34.78,2.33,0,13.68
188,"ours2.s2",1.06,1.31,1.09,0.7,0.18,4.34,0.18,0,2.12
188,"ours2.total",10.84,10.64,9.14,6,2.51,39.13,2.51,5.52,15.8
188,"ours3.s1",9.8,9.32,8.1,5.34,2.51,35.07,2.51,0,13.76
188,"ours3.s2",0,0,0,0,0,0,0,0,0
188,"ours3.total",9.8,9.32,8.1,5.34,2.51,35.07,2.51,5.53,13.76
188,"titeet",12.1,9.2,5.6,2.4,0.7,30,0.7,3.9,12.71
188,"tite12",6.4,6.1,5,4,2.2,23.7,2.2,3.9,10.4
188,"bfet",9.09,9.96,9.16,6.58,3.56,38.36,3.56,6.29,14.4
259,"ours0.s1",8.49,12.29,12.21,7.66,2.64,43.29,2.64,0,30.97
259,"ours0.s2",0,0,0.15,0.39,0.21,0.75,0.21,0,0.68
259,"ours0.total",8.49,12.3,12.36,8.05,2.85,44.04,2.85,5.92,31.65
259,"bf.s1",7.28,12.25,12.62,7.94,2.68,42.78,2.68,0,31.07
259,"bf.s2",0,0,0,0,0,0,0,0,0
259,"bf.total",7.28,12.25,12.62,7.94,2.68,42.78,2.68,6.03,31.07
259,"ours1.s1",8.27,11.9,11.55,7.33,2.9,41.95,2.9,0,21.87
259,"ours1.s2",0.07,0.17,0.39,0.62,0.28,1.54,0.28,0,1.41
259,"ours1.total",8.34,12.07,11.94,7.95,3.19,43.49,3.19,5.85,23.28
259,"ours2.s1",8.36,11.92,11.62,7.2,2.87,41.96,2.87,0,22.18
259,"ours2.s2",0.05,0.13,0.35,0.66,0.29,1.49,0.29,0,1.36
259,"ours2.total",8.41,12.05,11.97,7.86,3.16,43.45,3.16,5.78,23.55
259,"ours3.s1",8.27,11.86,11.67,7.28,2.98,42.06,2.98,0,22.19
259,"ours3.s2",0,0,0,0,0,0,0,0,0
259,"ours3.total",8.27,11.86,11.67,7.28,2.98,42.06,2.98,5.81,22.19
259,"titeet",4.5,11.1,8.4,4.4,1.5,29.9,1.5,3.9,22.75
259,"tite12",4.1,6.8,6.2,5.2,3.1,25.4,3.1,4,20.7
259,"bfet",6.2,10.42,11.01,7.33,3.46,38.41,3.46,5.56,19
285,"ours0.s1",8.75,12.03,11.47,4.86,0.9,38.02,5.76,0,19.55
285,"ours0.s2",0,0.02,0.29,0.38,0.11,0.8,0.49,0,0.42
285,"ours0.total",8.75,12.05,11.76,5.24,1.01,38.81,6.25,6.49,19.97
285,"bf.s1",7.75,12.16,11.9,5.07,0.89,37.77,5.96,0,19.65
285,"bf.s2",0,0,0,0,0,0,0,0,0
285,"bf.total",7.75,12.16,11.9,5.07,0.89,37.77,5.96,6.56,19.65
285,"ours1.s1",8.66,11.73,11.57,5.07,0.95,37.98,6.03,0,15.62
285,"ours1.s2",0,0.02,0.35,0.48,0.12,0.98,0.61,0,0.49
285,"ours1.total",8.66,11.75,11.91,5.56,1.08,38.96,6.63,6.53,16.12
285,"ours2.s1",8.68,11.67,11.62,5.03,0.99,37.99,6.02,0,15.87
285,"ours2.s2",0,0.02,0.33,0.51,0.14,1,0.65,0,0.5
285,"ours2.total",8.69,11.69,11.95,5.54,1.13,38.99,6.67,6.52,16.38
285,"ours3.s1",8.61,11.62,11.69,5.14,1.03,38.1,6.17,0,15.9
285,"ours3.s2",0,0,0,0,0,0,0,0,0
285,"ours3.total",8.61,11.62,11.69,5.14,1.03,38.1,6.17,6.57,15.9
285,"titeet",6.1,8.9,10.3,3.6,0.8,29.7,4.4,5.3,14.06
285,"tite12",4.8,5.4,7.5,5.4,2.8,25.9,8.2,5.4,13.18
285,"bfet",7.03,9.67,10.49,5.18,1.24,33.61,6.42,5.71,13.1
198,"ours0.s1",11.88,11.95,10.08,5.92,2.11,41.95,2.11,0,24.02
198,"ours0.s2",0,0.02,0.21,0.41,0.16,0.81,0.16,0,0.58
198,"ours0.total",11.88,11.97,10.3,6.33,2.28,42.76,2.28,6.46,24.6
198,"bf.s1",11.13,12.4,10.68,6.41,2.23,42.85,2.23,0,24.21
198,"bf.s2",0,0,0,0,0,0,0,0,0
198,"bf.total",11.13,12.4,10.68,6.41,2.23,42.85,2.23,6.61,24.21
198,"ours1.s1",11.52,11.4,9.74,5.94,2.4,41,2.4,0,19.57
198,"ours1.s2",0.08,0.2,0.45,0.58,0.22,1.54,0.22,0,1.11
198,"ours1.total",11.6,11.6,10.19,6.53,2.62,42.54,2.62,6.34,20.68
198,"ours2.s1",11.64,11.47,9.62,5.72,2.23,40.68,2.23,0,19.84
198,"ours2.s2",0.06,0.15,0.44,0.57,0.21,1.43,0.21,0,1.03
198,"ours2.total",11.7,11.62,10.05,6.3,2.43,42.11,2.43,6.3,20.87
198,"ours3.s1",11.53,11.5,9.72,5.9,2.32,40.97,2.32,0,19.86
198,"ours3.s2",0,0,0,0,0,0,0,0,0
198,"ours3.total",11.53,11.5,9.72,5.9,2.32,40.97,2.32,6.34,19.86
198,"titeet",11.9,9.1,5.6,2.5,0.8,29.9,0.8,4,16.93
198,"tite12",6.2,5.9,5.1,4.2,2.4,23.8,2.4,4,14.75
198,"bfet",10.2,10.59,9.29,6.15,2.86,39.09,2.86,6.1,17.3
258,"ours0.s1",11.77,12.08,10.35,6.09,2.08,42.38,2.08,0,29.97
258,"ours0.s2",0,0.02,0.21,0.42,0.16,0.81,0.16,0,0.71
258,"ours0.total",11.77,12.1,10.56,6.51,2.24,43.19,2.24,6.5,30.68
258,"bf.s1",11.18,12.47,10.84,6.48,2.19,43.15,2.19,0,30.17
258,"bf.s2",0,0,0,0,0,0,0,0,0
258,"bf.total",11.18,12.47,10.84,6.48,2.19,43.15,2.19,6.61,30.17
258,"ours1.s1",11.59,11.56,9.77,5.86,2.2,40.99,2.2,0,21.02
258,"ours1.s2",0.09,0.2,0.47,0.55,0.18,1.49,0.18,0,1.38
258,"ours1.total",11.68,11.76,10.24,6.42,2.38,42.48,2.38,6.36,22.39
258,"ours2.s1",11.66,11.54,9.75,5.85,2.23,41.03,2.23,0,21.34
258,"ours2.s2",0.06,0.14,0.43,0.57,0.21,1.4,0.21,0,1.26
258,"ours2.total",11.71,11.68,10.18,6.41,2.44,42.43,2.44,6.31,22.6
258,"ours3.s1",11.57,11.55,9.82,6.02,2.39,41.35,2.39,0,21.47
258,"ours3.s2",0,0,0,0,0,0,0,0,0
258,"ours3.total",11.57,11.55,9.82,6.02,2.39,41.35,2.39,6.36,21.47
258,"titeet",11.9,9.1,5.6,2.5,0.8,29.9,0.8,4,20.85
258,"tite12",6.3,6.2,5.1,4,2.2,23.8,2.2,4,18.69
258,"bfet",10.09,10.46,9.23,6.08,2.8,38.66,2.8,6.03,18.2
240,"ours0.s1",8.93,12.16,11.59,8.6,4.5,45.78,-1,0,33.44
240,"ours0.s2",0,0,0.16,0.48,0.44,1.09,-1,0,0.92
240,"ours0.total",8.93,12.16,11.75,9.08,4.95,46.87,-1,5.84,34.36
240,"bf.s1",7.88,12.2,12.08,8.92,4.43,45.51,-1,0,33.37
240,"bf.s2",0,0,0,0,0,0,-1,0,0
240,"bf.total",7.88,12.2,12.08,8.92,4.43,45.51,-1,5.88,33.37
240,"ours1.s1",8.79,12.06,11.52,8.34,4.46,45.17,-1,0,26.89
240,"ours1.s2",0,0.01,0.23,0.69,0.54,1.48,-1,0,1.23
240,"ours1.total",8.79,12.08,11.75,9.03,5,46.65,-1,5.7,28.12
240,"ours2.s1",8.94,12.07,11.46,8.38,4.53,45.38,-1,0,27.35
240,"ours2.s2",0,0.01,0.22,0.7,0.55,1.49,-1,0,1.24
240,"ours2.total",8.95,12.08,11.68,9.08,5.08,46.87,-1,5.78,28.59
240,"ours3.s1",8.84,12.11,11.53,8.39,4.5,45.38,-1,0,27.34
240,"ours3.s2",0,0,0,0,0,0,-1,0,0
240,"ours3.total",8.84,12.11,11.53,8.39,4.5,45.38,-1,5.75,27.34
240,"titeet",5.3,11.5,7.6,3.9,1.7,30,-1,3.5,23.29
240,"tite12",3.9,6.4,5.9,5.4,3.7,25.3,-1,3.5,21.72
240,"bfet",7.09,11,10.82,7.93,4.59,41.44,-1,5.2,23.1
260,"ours0.s1",8.79,11.93,11.33,8.48,4.58,45.11,-1,0,31.6
260,"ours0.s2",0,0,0.15,0.51,0.42,1.08,-1,0,0.94
260,"ours0.total",8.79,11.93,11.49,8.99,5,46.2,-1,5.71,32.53
260,"bf.s1",7.82,11.91,11.8,8.76,4.47,44.76,-1,0,31.63
260,"bf.s2",0,0,0,0,0,0,-1,0,0
260,"bf.total",7.82,11.91,11.8,8.76,4.47,44.76,-1,5.8,31.63
260,"ours1.s1",8.64,11.57,10.67,7.64,4.53,43.06,-1,0,22.08
260,"ours1.s2",0.06,0.18,0.51,0.85,0.57,2.18,-1,0,1.9
260,"ours1.total",8.7,11.75,11.18,8.5,5.1,45.23,-1,5.43,23.98
260,"ours2.s1",8.7,11.61,10.74,7.78,4.54,43.37,-1,0,22.6
260,"ours2.s2",0.05,0.13,0.43,0.83,0.51,1.95,-1,0,1.72
260,"ours2.total",8.75,11.74,11.18,8.61,5.05,45.33,-1,5.51,24.32
260,"ours3.s1",8.65,11.62,10.7,7.71,4.59,43.28,-1,0,22.55
260,"ours3.s2",0,0,0,0,0,0,-1,0,0
260,"ours3.total",8.65,11.62,10.7,7.71,4.59,43.28,-1,5.5,22.55
260,"titeet",5.1,11.1,7.5,4.2,2,29.9,-1,3.6,22.65
260,"tite12",4,6.6,5.9,5.2,3.7,25.4,-1,3.4,20.67
260,"bfet",6.58,10.13,9.9,7.35,5.18,39.13,-1,5.05,19.2
345,"ours0.s1",8.76,11.84,11.7,4.91,0.89,38.1,5.8,0,25.82
345,"ours0.s2",0,0.01,0.27,0.37,0.1,0.75,0.47,0,0.54
345,"ours0.total",8.76,11.85,11.97,5.28,0.98,38.85,6.26,6.51,26.36
345,"bf.s1",7.74,12.12,11.81,5.08,0.89,37.65,5.97,0,25.84
345,"bf.s2",0,0,0,0,0,0,0,0,0
345,"bf.total",7.74,12.12,11.81,5.08,0.89,37.65,5.97,6.53,25.84
345,"ours1.s1",8.73,11.72,11.67,5.02,1.01,38.15,6.03,0,17.77
345,"ours1.s2",0,0.03,0.27,0.44,0.12,0.87,0.57,0,0.61
345,"ours1.total",8.73,11.75,11.94,5.46,1.13,39.02,6.59,6.59,18.38
345,"ours2.s1",8.62,11.69,11.69,4.86,0.92,37.78,5.78,0,17.97
345,"ours2.s2",0,0.02,0.26,0.48,0.11,0.87,0.59,0,0.6
345,"ours2.total",8.62,11.71,11.95,5.34,1.03,38.65,6.37,6.47,18.57
345,"ours3.s1",8.68,11.63,11.71,5.16,1.04,38.21,6.2,0,18.12
345,"ours3.s2",0,0,0,0,0,0,0,0,0
345,"ours3.total",8.68,11.63,11.71,5.16,1.04,38.21,6.2,6.55,18.12
345,"titeet",6.1,8.9,10.1,3.8,0.9,29.8,4.7,5.4,19.39
345,"tite12",5,5.6,7.3,5.5,2.9,26.3,8.4,5.6,18.5
345,"bfet",7.08,9.39,10.35,5.18,1.26,33.26,6.44,5.67,14.1
220,"ours0.s1",8.75,11.63,10.75,7.78,4.55,43.45,-1,0,23.44
220,"ours0.s2",0,0.03,0.26,0.6,0.44,1.33,-1,0,0.92
220,"ours0.total",8.75,11.66,11.01,8.38,4.99,44.78,-1,5.52,24.36
220,"bf.s1",7.7,11.57,11.28,8.24,4.47,43.26,-1,0,23.51
220,"bf.s2",0,0,0,0,0,0,-1,0,0
220,"bf.total",7.7,11.57,11.28,8.24,4.47,43.26,-1,5.63,23.51
220,"ours1.s1",7.3,9.6,8.55,6.51,4.59,36.54,-1,0,15.78
220,"ours1.s2",0.53,1.23,1.54,1.42,0.53,5.25,-1,0,3.25
220,"ours1.total",7.83,10.82,10.09,7.93,5.12,41.8,-1,4.76,19.04
220,"ours2.s1",7.29,9.81,8.74,6.62,4.58,37.05,-1,0,16.06
220,"ours2.s2",0.46,1.07,1.42,1.33,0.49,4.77,-1,0,3.05
220,"ours2.total",7.75,10.88,10.16,7.96,5.07,41.83,-1,4.77,19.12
220,"ours3.s1",7.35,9.82,8.8,6.59,4.67,37.24,-1,0,16.1
220,"ours3.s2",0,0,0,0,0,0,-1,0,0
220,"ours3.total",7.35,9.82,8.8,6.59,4.67,37.24,-1,4.8,16.1
220,"titeet",5.1,11.4,7.4,4.1,2,30,-1,3.4,17.35
220,"tite12",4,6.6,5.9,5.3,3.6,25.4,-1,3.4,15.28
220,"bfet",6,9.17,9.27,7.39,6.14,37.97,-1,5.1,15.6
230,"ours0.s1",8.86,11.92,11.19,8.29,4.57,44.83,-1,0,25.2
230,"ours0.s2",0,0.01,0.22,0.51,0.45,1.19,-1,0,0.82
230,"ours0.total",8.86,11.93,11.41,8.8,5.01,46.02,-1,5.7,26.02
230,"bf.s1",7.78,11.87,11.67,8.59,4.44,44.36,-1,0,25.19
230,"bf.s2",0,0,0,0,0,0,-1,0,0
230,"bf.total",7.78,11.87,11.67,8.59,4.44,44.36,-1,5.76,25.19
230,"ours1.s1",8.57,11.41,10.47,7.69,4.72,42.86,-1,0,20.36
230,"ours1.s2",0.05,0.22,0.52,0.9,0.55,2.25,-1,0,1.57
230,"ours1.total",8.62,11.63,10.99,8.59,5.28,45.11,-1,5.4,21.93
230,"ours2.s1",8.59,11.55,10.51,7.67,4.6,42.92,-1,0,20.73
230,"ours2.s2",0.03,0.14,0.5,0.89,0.59,2.15,-1,0,1.47
230,"ours2.total",8.63,11.69,11,8.56,5.19,45.07,-1,5.44,22.2
230,"ours3.s1",8.56,11.52,10.6,7.74,4.61,43.03,-1,0,20.7
230,"ours3.s2",0,0,0,0,0,0,-1,0,0
230,"ours3.total",8.56,11.52,10.6,7.74,4.61,43.03,-1,5.49,20.7
230,"titeet",5.2,11.3,7.5,4.2,1.9,30.1,-1,3.6,18.2
230,"tite12",3.9,6.4,5.9,5.3,3.7,25.2,-1,3.4,16.42
230,"bfet",6.62,10.26,9.99,7.36,5.14,39.37,-1,5.08,18.3
275,"ours0.s1",8.58,11.39,10.77,4.66,1.01,36.4,5.66,0,11.91
275,"ours0.s2",0,0.02,0.34,0.39,0.1,0.85,0.49,0,0.31
275,"ours0.total",8.58,11.41,11.1,5.05,1.11,37.26,6.16,6.22,12.23
275,"bf.s1",7.6,11.65,10.96,4.94,1.02,36.17,5.96,0,11.96
275,"bf.s2",0,0,0,0,0,0,0,0,0
275,"bf.total",7.6,11.65,10.96,4.94,1.02,36.17,5.96,6.28,11.96
275,"ours1.s1",8.3,10.92,10.59,4.87,1.19,35.86,6.06,0,9.48
275,"ours1.s2",0.05,0.16,0.46,0.53,0.13,1.32,0.65,0,0.48
275,"ours1.total",8.35,11.08,11.05,5.4,1.32,37.18,6.71,6.22,9.96
275,"ours2.s1",8.47,11.02,10.53,4.66,1.09,35.76,5.74,0,9.68
275,"ours2.s2",0.03,0.1,0.51,0.48,0.13,1.25,0.61,0,0.45
275,"ours2.total",8.5,11.12,11.04,5.13,1.22,37.01,6.35,6.17,10.13
275,"ours3.s1",8.39,11.03,10.55,4.87,1.13,35.97,6,0,9.7
275,"ours3.s2",0,0,0,0,0,0,0,0,0
275,"ours3.total",8.39,11.03,10.55,4.87,1.13,35.97,6,6.2,9.7
275,"titeet",5.7,8.4,10.6,4,1,29.7,5,5.5,9.05
275,"tite12",4.8,5.7,7.5,5.3,2.9,26.2,8.2,5.6,8.34
275,"bfet",6.4,8.7,10.16,5.34,1.55,32.14,6.89,5.82,8.3
243,"ours0.s1",6.18,8.21,11.9,9.62,3.66,39.56,3.66,0,30.82
243,"ours0.s2",0,0,0.23,0.71,0.33,1.27,0.33,0,1.16
243,"ours0.total",6.18,8.21,12.13,10.33,3.99,40.83,3.99,5.5,31.98
243,"bf.s1",5.08,8.01,11.91,9.82,3.57,38.38,3.57,0,30.74
243,"bf.s2",0,0,0,0,0,0,0,0,0
243,"bf.total",5.08,8.01,11.91,9.82,3.57,38.38,3.57,5.48,30.74
243,"ours1.s1",5.94,7.27,10.49,8.79,3.78,36.27,3.78,0,19.49
243,"ours1.s2",0.15,0.58,1.2,1.22,0.4,3.56,0.4,0,3
243,"ours1.total",6.09,7.85,11.69,10.01,4.19,39.83,4.19,5.11,22.5
243,"ours2.s1",6.04,7.55,10.59,8.73,3.68,36.59,3.68,0,19.74
243,"ours2.s2",0.11,0.54,1.05,1.19,0.38,3.27,0.38,0,2.82
243,"ours2.total",6.15,8.09,11.64,9.92,4.07,39.87,4.07,5.13,22.56
243,"ours3.s1",5.97,7.44,10.61,8.9,3.72,36.64,3.72,0,19.74
243,"ours3.s2",0,0,0,0,0,0,0,0,0
243,"ours3.total",5.97,7.44,10.61,8.9,3.72,36.64,3.72,5.13,19.74
243,"titeet",3.9,5.2,10.9,7.3,2.6,29.9,2.6,4.2,23.81
243,"tite12",3.7,4.4,7.7,6.8,4.1,26.7,4.1,4.4,21.71
243,"bfet",4.27,5.93,9.63,9.3,5.06,34.19,5.06,5.36,16
210,"ours0.s1",8.92,12.25,11.61,8.43,4.27,45.49,-1,0,33.38
210,"ours0.s2",0,0,0.15,0.49,0.4,1.05,-1,0,0.89
210,"ours0.total",8.92,12.26,11.77,8.92,4.68,46.53,-1,5.8,34.27
210,"bf.s1",7.88,12.2,12.08,8.92,4.43,45.51,-1,0,33.37
210,"bf.s2",0,0,0,0,0,0,-1,0,0
210,"bf.total",7.88,12.2,12.08,8.92,4.43,45.51,-1,5.88,33.37
210,"ours1.s1",9.04,12.15,11.45,8.28,4.49,45.41,-1,0,26.89
210,"ours1.s2",0,0.01,0.22,0.72,0.59,1.53,-1,0,1.27
210,"ours1.total",9.04,12.16,11.67,8.99,5.07,46.94,-1,5.77,28.16
210,"ours2.s1",8.96,11.99,11.46,8.44,4.6,45.45,-1,0,27.39
210,"ours2.s2",0,0.01,0.19,0.64,0.53,1.37,-1,0,1.16
210,"ours2.total",8.96,12,11.65,9.08,5.13,46.82,-1,5.76,28.55
210,"ours3.s1",8.85,12.09,11.56,8.43,4.5,45.43,-1,0,27.36
210,"ours3.s2",0,0,0,0,0,0,-1,0,0
210,"ours3.total",8.85,12.09,11.56,8.43,4.5,45.43,-1,5.76,27.36
210,"titeet",5.2,11.3,7.6,4,1.8,29.9,-1,3.5,23.26
210,"tite12",3.9,6.4,5.9,5.3,3.6,25.1,-1,3.5,21.3
210,"bfet",7.09,10.96,10.81,7.95,4.6,41.4,-1,5.2,23.1
218,"ours0.s1",11.66,11.64,9.69,5.75,2.19,40.91,2.19,0,22.21
218,"ours0.s2",0.01,0.04,0.29,0.45,0.14,0.93,0.14,0,0.67
218,"ours0.total",11.66,11.68,9.98,6.2,2.33,41.85,2.33,6.31,22.88
218,"bf.s1",10.92,12.02,10.26,6.11,2.23,41.53,2.23,0,22.35
218,"bf.s2",0,0,0,0,0,0,0,0,0
218,"bf.total",10.92,12.02,10.26,6.11,2.23,41.53,2.23,6.44,22.35
218,"ours1.s1",9.96,9.38,8.15,5.37,2.37,35.23,2.37,0,15.1
218,"ours1.s2",1.03,1.27,1.08,0.79,0.21,4.38,0.21,0,2.8
218,"ours1.total",10.99,10.64,9.23,6.17,2.58,39.61,2.58,5.54,17.9
218,"ours2.s1",10.09,9.66,8.32,5.29,2.31,35.67,2.31,0,15.33
218,"ours2.s2",0.87,1.1,1.01,0.74,0.2,3.92,0.2,0,2.58
218,"ours2.total",10.96,10.76,9.33,6.03,2.51,39.59,2.51,5.6,17.91
218,"ours3.s1",10.16,9.63,8.29,5.37,2.46,35.92,2.46,0,15.36
218,"ours3.s2",0,0,0,0,0,0,0,0,0
218,"ours3.total",10.16,9.63,8.29,5.37,2.46,35.92,2.46,5.6,15.36
218,"titeet",11.7,9.3,5.7,2.5,0.8,30,0.8,3.9,16.29
218,"tite12",6.5,6.1,5,4,2.2,23.8,2.2,3.9,13.88
218,"bfet",9.02,9.9,9.2,6.53,3.52,38.18,3.52,6.28,15.3
219,"ours0.s1",8.38,11.9,11.69,7.36,2.78,42.1,2.78,0,23.21
219,"ours0.s2",0,0.02,0.18,0.43,0.18,0.82,0.18,0,0.63
219,"ours0.total",8.39,11.92,11.86,7.79,2.96,42.93,2.96,5.82,23.84
219,"bf.s1",7.19,11.85,11.94,7.58,2.77,41.33,2.77,0,23.11
219,"bf.s2",0,0,0,0,0,0,0,0,0
219,"bf.total",7.19,11.85,11.94,7.58,2.77,41.33,2.77,5.81,23.11
219,"ours1.s1",6.88,9.92,9.84,6.59,3.01,36.23,3.01,0,15.69
219,"ours1.s2",0.85,1.31,1.19,0.86,0.27,4.49,0.27,0,2.87
219,"ours1.total",7.72,11.23,11.03,7.45,3.28,40.71,3.28,5.19,18.55
219,"ours2.s1",6.97,10.21,9.98,6.68,3,36.85,3,0,16.05
219,"ours2.s2",0.75,1.15,1.08,0.82,0.23,4.02,0.23,0,2.69
219,"ours2.total",7.72,11.36,11.05,7.51,3.23,40.87,3.23,5.26,18.74
219,"ours3.s1",7.04,10.11,9.99,6.68,3.1,36.93,3.1,0,16
219,"ours3.s2",0,0,0,0,0,0,0,0,0
219,"ours3.total",7.04,10.11,9.99,6.68,3.1,36.93,3.1,5.24,16
219,"titeet",4.4,10.9,8.8,4.4,1.5,30,1.5,3.9,17.48
219,"tite12",4.1,6.9,6.3,5.2,3.1,25.6,3.1,4,15.4
219,"bfet",5.66,9.31,10.33,7.57,4.24,37.12,4.24,5.76,15.4
282,"ours0.s1",10.31,13.93,10.18,3.72,0.68,38.83,4.4,0,19.24
282,"ours0.s2",0,0.01,0.24,0.2,0.06,0.51,0.26,0,0.28
282,"ours0.total",10.31,13.94,10.43,3.92,0.74,39.34,4.66,6.73,19.53
282,"bf.s1",9.33,14.01,10.48,3.89,0.67,38.38,4.57,0,19.29
282,"bf.s2",0,0,0,0,0,0,0,0,0
282,"bf.total",9.33,14.01,10.48,3.89,0.67,38.38,4.57,6.79,19.29
282,"ours1.s1",10.17,13.75,10.31,3.85,0.73,38.81,4.58,0,15.33
282,"ours1.s2",0,0.01,0.29,0.36,0.09,0.75,0.44,0,0.37
282,"ours1.total",10.17,13.76,10.61,4.2,0.82,39.56,5.02,6.81,15.7
282,"ours2.s1",10.06,13.79,10.3,3.76,0.7,38.62,4.46,0,15.57
282,"ours2.s2",0,0.01,0.27,0.31,0.09,0.69,0.4,0,0.35
282,"ours2.total",10.07,13.81,10.57,4.08,0.79,39.31,4.87,6.77,15.92
282,"ours3.s1",10.05,13.7,10.38,3.98,0.77,38.87,4.75,0,15.6
282,"ours3.s2",0,0,0,0,0,0,0,0,0
282,"ours3.total",10.05,13.7,10.38,3.98,0.77,38.87,4.75,6.8,15.6
282,"titeet",7,13.1,6.9,2.3,0.6,29.9,2.9,5.1,13.6
282,"tite12",4.9,7.3,6.1,4.5,2.4,25.2,6.9,5.4,12.72
282,"bfet",8.18,12.4,9.3,4.03,1.01,34.92,5.04,5.93,12.5
312,"ours0.s1",10.32,13.96,10.23,3.76,0.68,38.95,4.44,0,19.32
312,"ours0.s2",0,0.01,0.23,0.21,0.05,0.51,0.27,0,0.28
312,"ours0.total",10.32,13.96,10.46,3.98,0.74,39.46,4.71,6.72,19.6
312,"bf.s1",9.33,14,10.48,3.89,0.67,38.37,4.56,0,19.32
312,"bf.s2",0,0,0,0,0,0,0,0,0
312,"bf.total",9.33,14,10.48,3.89,0.67,38.37,4.56,6.79,19.32
312,"ours1.s1",10.05,13.63,10.44,3.91,0.75,38.78,4.66,0,15.3
312,"ours1.s2",0,0.02,0.27,0.33,0.09,0.71,0.42,0,0.37
312,"ours1.total",10.05,13.65,10.72,4.24,0.84,39.49,5.08,6.8,15.67
312,"ours2.s1",10.08,13.71,10.41,3.92,0.76,38.89,4.68,0,15.65
312,"ours2.s2",0,0.01,0.26,0.34,0.07,0.69,0.41,0,0.35
312,"ours2.total",10.09,13.72,10.68,4.26,0.83,39.58,5.1,6.79,16.01
312,"ours3.s1",10.06,13.7,10.35,3.95,0.76,38.83,4.72,0,15.61
312,"ours3.s2",0,0,0,0,0,0,0,0,0
312,"ours3.total",10.06,13.7,10.35,3.95,0.76,38.83,4.72,6.8,15.61
312,"titeet",6.9,12.6,7.1,2.6,0.6,29.8,3.2,5.2,13.95
312,"tite12",4.9,7.2,6.3,4.4,2.4,25.2,6.8,5.4,13.39
312,"bfet",8.15,12.33,9.26,4,0.99,34.73,4.99,5.88,12.5
249,"ours0.s1",8.5,12,11.85,7.38,2.74,42.47,2.74,0,29.99
249,"ours0.s2",0,0.01,0.16,0.44,0.21,0.82,0.21,0,0.76
249,"ours0.total",8.5,12.01,12,7.82,2.96,43.3,2.96,5.83,30.74
249,"bf.s1",7.25,11.97,12.16,7.6,2.71,41.69,2.71,0,29.97
249,"bf.s2",0,0,0,0,0,0,0,0,0
249,"bf.total",7.25,11.97,12.16,7.6,2.71,41.69,2.71,5.85,29.97
249,"ours1.s1",7.26,10.41,10.32,6.83,2.88,37.7,2.88,0,18.41
249,"ours1.s2",0.64,1.07,0.94,0.79,0.27,3.71,0.27,0,3.07
249,"ours1.total",7.91,11.48,11.26,7.61,3.15,41.41,3.15,5.37,21.48
249,"ours2.s1",7.41,10.44,10.44,6.92,2.92,38.14,2.92,0,18.67
249,"ours2.s2",0.47,0.87,0.87,0.78,0.29,3.28,0.29,0,2.84
249,"ours2.total",7.88,11.31,11.31,7.7,3.21,41.41,3.21,5.33,21.5
249,"ours3.s1",7.41,10.54,10.46,6.8,2.89,38.09,2.89,0,18.63
249,"ours3.s2",0,0,0,0,0,0,0,0,0
249,"ours3.total",7.41,10.54,10.46,6.8,2.89,38.09,2.89,5.33,18.63
249,"titeet",4.4,11,8.6,4.4,1.5,29.9,1.5,4,22.35
249,"tite12",4.1,6.7,6.3,5.3,3.2,25.6,3.2,4,20.15
249,"bfet",5.68,9.28,10.28,7.55,4.28,37.06,4.28,5.75,16.4
270,"ours0.s1",8.95,12.14,11.62,8.56,4.43,45.7,-1,0,33.43
270,"ours0.s2",0,0.01,0.15,0.49,0.41,1.06,-1,0,0.93
270,"ours0.total",8.95,12.15,11.77,9.05,4.84,46.76,-1,5.78,34.37
270,"bf.s1",7.88,12.2,12.07,8.93,4.43,45.5,-1,0,33.42
270,"bf.s2",0,0,0,0,0,0,-1,0,0
270,"bf.total",7.88,12.2,12.07,8.93,4.43,45.5,-1,5.88,33.42
270,"ours1.s1",8.96,12.09,11.47,8.27,4.48,45.27,-1,0,26.87
270,"ours1.s2",0,0.02,0.2,0.72,0.55,1.49,-1,0,1.25
270,"ours1.total",8.96,12.1,11.67,8.99,5.03,46.76,-1,5.76,28.12
270,"ours2.s1",8.96,12.09,11.45,8.26,4.52,45.28,-1,0,27.4
270,"ours2.s2",0,0.01,0.21,0.71,0.56,1.49,-1,0,1.24
270,"ours2.total",8.96,12.1,11.66,8.97,5.08,46.77,-1,5.74,28.65
270,"ours3.s1",8.86,12.08,11.52,8.42,4.53,45.42,-1,0,27.35
270,"ours3.s2",0,0,0,0,0,0,-1,0,0
270,"ours3.total",8.86,12.08,11.52,8.42,4.53,45.42,-1,5.76,27.35
270,"titeet",5.2,11.4,7.4,4.1,1.9,30,-1,3.5,23.67
270,"tite12",3.9,6.5,5.9,5.4,3.8,25.5,-1,3.5,22.19
270,"bfet",7.09,10.99,10.76,7.89,4.59,41.32,-1,5.17,23.1
250,"ours0.s1",8.75,11.74,11.04,8.04,4.48,44.05,-1,0,30.56
250,"ours0.s2",0,0.01,0.24,0.6,0.44,1.29,-1,0,1.1
250,"ours0.total",8.75,11.75,11.28,8.63,4.92,45.34,-1,5.59,31.66
250,"bf.s1",7.81,11.7,11.44,8.39,4.51,43.84,-1,0,30.58
250,"bf.s2",0,0,0,0,0,0,-1,0,0
250,"bf.total",7.81,11.7,11.44,8.39,4.51,43.84,-1,5.66,30.58
250,"ours1.s1",7.63,9.98,9.07,7,4.77,38.45,-1,0,18.57
250,"ours1.s2",0.4,0.98,1.22,1.24,0.53,4.37,-1,0,3.53
250,"ours1.total",8.03,10.96,10.29,8.24,5.3,42.83,-1,4.94,22.1
250,"ours2.s1",7.92,10.29,9.27,6.78,4.56,38.82,-1,0,18.83
250,"ours2.s2",0.33,0.82,1.11,1.25,0.52,4.02,-1,0,3.3
250,"ours2.total",8.24,11.11,10.38,8.03,5.08,42.84,-1,4.95,22.13
250,"ours3.s1",7.75,10.26,9.34,6.93,4.47,38.75,-1,0,18.78
250,"ours3.s2",0,0,0,0,0,0,-1,0,0
250,"ours3.total",7.75,10.26,9.34,6.93,4.47,38.75,-1,4.96,18.78
250,"titeet",5.1,11.2,7.5,4.2,2,30,-1,3.4,22.19
250,"tite12",3.9,6.5,5.9,5.3,3.6,25.2,-1,3.4,19.94
250,"bfet",5.96,9.09,9.2,7.32,6.09,37.67,-1,5.06,16.6
342,"ours0.s1",10.29,13.96,10.12,3.63,0.64,38.64,4.27,0,25.14
342,"ours0.s2",0,0.02,0.23,0.24,0.06,0.54,0.3,0,0.39
342,"ours0.total",10.29,13.98,10.36,3.87,0.69,39.18,4.56,6.68,25.53
342,"bf.s1",9.3,14.02,10.54,3.89,0.67,38.42,4.56,0,25.35
342,"bf.s2",0,0,0,0,0,0,0,0,0
342,"bf.total",9.3,14.02,10.54,3.89,0.67,38.42,4.56,6.78,25.35
342,"ours1.s1",10.17,13.65,10.45,3.96,0.73,38.96,4.68,0,17.21
342,"ours1.s2",0,0.02,0.26,0.36,0.1,0.74,0.45,0,0.49
342,"ours1.total",10.18,13.67,10.71,4.31,0.82,39.7,5.14,6.83,17.7
342,"ours2.s1",10.17,13.74,10.35,3.84,0.71,38.81,4.55,0,17.46
342,"ours2.s2",0,0.02,0.24,0.31,0.07,0.64,0.38,0,0.44
342,"ours2.total",10.17,13.76,10.59,4.15,0.78,39.45,4.93,6.8,17.91
342,"ours3.s1",10.07,13.69,10.41,3.92,0.76,38.85,4.68,0,17.5
342,"ours3.s2",0,0,0,0,0,0,0,0,0
342,"ours3.total",10.07,13.69,10.41,3.92,0.76,38.85,4.68,6.79,17.5
342,"titeet",6.9,12.6,7,2.6,0.6,29.7,3.2,5.1,18.51
342,"tite12",5,7.4,6.2,4.3,2.2,25.1,6.5,5.3,17.41
342,"bfet",8.04,12.06,9.11,3.98,1,34.19,4.98,5.8,13.5
248,"ours0.s1",11.66,11.83,9.94,5.79,2.05,41.27,2.05,0,28.47
248,"ours0.s2",0,0.02,0.23,0.41,0.14,0.81,0.14,0,0.72
248,"ours0.total",11.66,11.85,10.17,6.2,2.2,42.07,2.2,6.37,29.19
248,"bf.s1",11.03,12.16,10.4,6.19,2.18,41.95,2.18,0,28.81
248,"bf.s2",0,0,0,0,0,0,0,0,0
248,"bf.total",11.03,12.16,10.4,6.19,2.18,41.95,2.18,6.44,28.81
248,"ours1.s1",10.42,9.83,8.43,5.51,2.42,36.61,2.42,0,17.2
248,"ours1.s2",0.71,0.94,0.96,0.74,0.23,3.57,0.23,0,2.99
248,"ours1.total",11.13,10.76,9.38,6.25,2.65,40.17,2.65,5.73,20.2
248,"ours2.s1",10.49,10.16,8.65,5.44,2.36,37.09,2.36,0,17.47
248,"ours2.s2",0.61,0.79,0.85,0.67,0.2,3.12,0.2,0,2.73
248,"ours2.total",11.1,10.95,9.5,6.11,2.55,40.21,2.55,5.74,20.2
248,"ours3.s1",10.53,10.15,8.73,5.49,2.34,37.24,2.34,0,17.53
248,"ours3.s2",0,0,0,0,0,0,0,0,0
248,"ours3.total",10.53,10.15,8.73,5.49,2.34,37.24,2.34,5.8,17.53
248,"titeet",11.9,9,5.7,2.5,0.8,29.9,0.8,4,20.35
248,"tite12",6.4,6.1,5,4.1,2.3,23.9,2.3,3.9,18.05
248,"bfet",8.99,9.86,9.21,6.6,3.59,38.24,3.59,6.29,16.4
355,"ours0.s1",8.83,12.17,12.12,4.95,0.84,38.91,5.79,0,27.31
355,"ours0.s2",0,0.01,0.23,0.33,0.11,0.68,0.43,0,0.51
355,"ours0.total",8.83,12.18,12.36,5.27,0.95,39.59,6.22,6.66,27.82
355,"bf.s1",7.81,12.42,12.28,5.14,0.87,38.52,6.01,0,27.34
355,"bf.s2",0,0,0,0,0,0,0,0,0
355,"bf.total",7.81,12.42,12.28,5.14,0.87,38.52,6.01,6.69,27.34
355,"ours1.s1",8.78,11.96,11.97,5.15,0.93,38.79,6.08,0,21.83
355,"ours1.s2",0,0.02,0.26,0.47,0.13,0.88,0.6,0,0.59
355,"ours1.total",8.78,11.98,12.22,5.62,1.06,39.67,6.67,6.68,22.41
355,"ours2.s1",8.75,11.95,12.01,5.09,0.93,38.73,6.02,0,22.13
355,"ours2.s2",0,0.01,0.28,0.46,0.12,0.87,0.58,0,0.58
355,"ours2.total",8.75,11.97,12.29,5.55,1.05,39.61,6.6,6.67,22.71
355,"ours3.s1",8.74,11.86,12.09,5.26,0.96,38.91,6.23,0,22.21
355,"ours3.s2",0,0,0,0,0,0,0,0,0
355,"ours3.total",8.74,11.86,12.09,5.26,0.96,38.91,6.23,6.71,22.21
355,"titeet",6.3,9.2,9.9,3.6,0.8,29.8,4.4,5.1,19.98
355,"tite12",4.9,5.6,7.5,5.3,2.8,26.1,8.1,5.5,19.57
355,"bfet",7.33,9.79,10.54,4.9,1.12,33.68,6.02,5.61,18.2
272,"ours0.s1",9.96,13.15,9.54,3.61,0.83,37.09,4.44,0,11.73
272,"ours0.s2",0,0.02,0.27,0.26,0.07,0.63,0.33,0,0.23
272,"ours0.total",9.96,13.17,9.82,3.88,0.9,37.72,4.77,6.41,11.96
272,"bf.s1",9.07,13.23,9.83,3.84,0.77,36.74,4.62,0,11.76
272,"bf.s2",0,0,0,0,0,0,0,0,0
272,"bf.total",9.07,13.23,9.83,3.84,0.77,36.74,4.62,6.51,11.76
272,"ours1.s1",9.66,12.66,9.29,3.85,0.95,36.41,4.81,0,9.39
272,"ours1.s2",0.08,0.14,0.41,0.36,0.12,1.13,0.49,0,0.41
272,"ours1.total",9.74,12.8,9.7,4.22,1.07,37.54,5.29,6.41,9.8
272,"ours2.s1",9.7,12.72,9.37,3.73,0.87,36.39,4.6,0,9.55
272,"ours2.s2",0.07,0.11,0.41,0.35,0.07,1,0.42,0,0.38
272,"ours2.total",9.77,12.83,9.77,4.08,0.94,37.39,5.02,6.36,9.93
272,"ours3.s1",9.64,12.75,9.39,3.82,0.89,36.49,4.71,0,9.58
272,"ours3.s2",0,0,0,0,0,0,0,0,0
272,"ours3.total",9.64,12.75,9.39,3.82,0.89,36.49,4.71,6.4,9.58
272,"titeet",6.6,12.3,7.4,2.9,0.7,29.9,3.6,5.3,8.85
272,"tite12",5,7.3,6.1,4.4,2.3,25.1,6.7,5.4,7.9
272,"bfet",7.33,11.22,8.99,4.11,1.22,32.88,5.33,5.94,8
295,"ours0.s1",8.93,12.14,12,4.96,0.84,38.87,5.8,0,27.2
295,"ours0.s2",0,0.01,0.25,0.36,0.12,0.74,0.48,0,0.54
295,"ours0.total",8.93,12.15,12.25,5.32,0.96,39.61,6.28,6.66,27.74
295,"bf.s1",7.81,12.42,12.27,5.14,0.87,38.52,6.01,0,27.31
295,"bf.s2",0,0,0,0,0,0,0,0,0
295,"bf.total",7.81,12.42,12.27,5.14,0.87,38.52,6.01,6.69,27.31
295,"ours1.s1",8.77,12.1,11.99,5.05,0.91,38.83,5.96,0,21.79
295,"ours1.s2",0,0.02,0.28,0.46,0.14,0.9,0.6,0,0.6
295,"ours1.total",8.77,12.13,12.27,5.51,1.05,39.73,6.56,6.7,22.4
295,"ours2.s1",8.81,11.95,12.07,5.18,0.97,38.99,6.16,0,22.25
295,"ours2.s2",0,0.02,0.28,0.43,0.15,0.88,0.58,0,0.6
295,"ours2.total",8.82,11.97,12.35,5.61,1.12,39.88,6.74,6.7,22.85
295,"ours3.s1",8.74,11.89,12.13,5.28,0.96,39,6.24,0,22.24
295,"ours3.s2",0,0,0,0,0,0,0,0,0
295,"ours3.total",8.74,11.89,12.13,5.28,0.96,39,6.24,6.73,22.24
295,"titeet",6.3,9.1,10.2,3.4,0.7,29.7,4.1,5.1,19.44
295,"tite12",4.8,5.6,7.5,5.4,2.7,26,8.1,5.5,18.42
295,"bfet",7.33,9.82,10.56,4.9,1.11,33.71,6.01,5.62,18.2
325,"ours0.s1",8.84,12.11,12.04,4.98,0.86,38.82,5.83,0,27.23
325,"ours0.s2",0,0.01,0.23,0.37,0.12,0.73,0.49,0,0.53
325,"ours0.total",8.84,12.12,12.27,5.35,0.97,39.55,6.32,6.66,27.75
325,"bf.s1",7.81,12.42,12.27,5.14,0.87,38.52,6.01,0,27.31
325,"bf.s2",0,0,0,0,0,0,0,0,0
325,"bf.total",7.81,12.42,12.27,5.14,0.87,38.52,6.01,6.69,27.31
325,"ours1.s1",8.76,12.07,12.1,5.16,0.97,39.06,6.13,0,21.9
325,"ours1.s2",0,0.02,0.25,0.44,0.12,0.82,0.55,0,0.56
325,"ours1.total",8.76,12.09,12.35,5.59,1.09,39.88,6.68,6.72,22.47
325,"ours2.s1",8.69,11.96,12.1,5.14,0.93,38.81,6.06,0,22.18
325,"ours2.s2",0,0.03,0.26,0.46,0.16,0.9,0.61,0,0.59
325,"ours2.total",8.69,11.98,12.36,5.59,1.09,39.71,6.68,6.67,22.76
325,"ours3.s1",8.73,11.86,12.08,5.29,0.97,38.94,6.26,0,22.22
325,"ours3.s2",0,0,0,0,0,0,0,0,0
325,"ours3.total",8.73,11.86,12.08,5.29,0.97,38.94,6.26,6.72,22.22
325,"titeet",6.4,9.2,10,3.5,0.8,29.9,4.3,5.1,19.53
325,"tite12",4.9,5.6,7.4,5.4,2.9,26.2,8.3,5.7,18.9
325,"bfet",7.31,9.78,10.52,4.91,1.11,33.63,6.02,5.6,18.1
305,"ours0.s1",8.71,11.48,10.74,4.69,0.92,36.53,5.6,0,18.09
305,"ours0.s2",0,0.02,0.31,0.39,0.1,0.82,0.48,0,0.46
305,"ours0.total",8.71,11.5,11.06,5.07,1.02,37.35,6.09,6.23,18.55
305,"bf.s1",7.62,11.65,11.09,4.94,0.96,36.26,5.9,0,18.17
305,"bf.s2",0,0,0,0,0,0,0,0,0
305,"bf.total",7.62,11.65,11.09,4.94,0.96,36.26,5.9,6.29,18.17
305,"ours1.s1",8.59,11.13,10.59,4.66,1.02,35.98,5.67,0,11.67
305,"ours1.s2",0.03,0.12,0.45,0.54,0.14,1.28,0.68,0,0.7
305,"ours1.total",8.62,11.25,11.04,5.2,1.16,37.26,6.36,6.17,12.38
305,"ours2.s1",8.72,11.21,10.64,4.68,1.06,36.29,5.73,0,11.93
305,"ours2.s2",0.03,0.09,0.41,0.54,0.16,1.23,0.7,0,0.65
305,"ours2.total",8.74,11.3,11.04,5.22,1.22,37.52,6.44,6.19,12.59
305,"ours3.s1",8.55,11.12,10.66,4.87,1.14,36.34,6.01,0,11.97
305,"ours3.s2",0,0,0,0,0,0,0,0,0
305,"ours3.total",8.55,11.12,10.66,4.87,1.14,36.34,6.01,6.22,11.97
305,"titeet",5.6,8.5,10.5,4.1,1.1,29.8,5.2,5.5,13.93
305,"tite12",4.8,5.6,7.6,5.4,2.8,26.2,8.2,5.6,13.06
305,"bfet",6.41,8.58,10.03,5.34,1.6,31.96,6.94,5.78,9.3
316,"ours0.s1",6.33,8.51,10.92,11,4.22,40.98,4.22,0,20.85
316,"ours0.s2",0,0,0.12,0.69,0.54,1.36,0.54,0,0.72
316,"ours0.total",6.33,8.51,11.04,11.69,4.76,42.34,4.76,5.59,21.57
316,"bf.s1",5.12,8.18,11.66,11.14,4.12,40.22,4.12,0,20.8
316,"bf.s2",0,0,0,0,0,0,0,0,0
316,"bf.total",5.12,8.18,11.66,11.14,4.12,40.22,4.12,5.59,20.8
316,"ours1.s1",6.27,8.47,10.97,10.73,4.46,40.9,4.46,0,16.88
316,"ours1.s2",0,0,0.11,0.8,0.71,1.63,0.71,0,0.8
316,"ours1.total",6.27,8.47,11.08,11.53,5.17,42.52,5.17,5.63,17.68
316,"ours2.s1",6.34,8.45,10.98,10.66,4.26,40.69,4.26,0,17.1
316,"ours2.s2",0,0,0.13,0.82,0.68,1.62,0.68,0,0.81
316,"ours2.total",6.34,8.45,11.11,11.48,4.93,42.32,4.93,5.59,17.91
316,"ours3.s1",6.22,8.31,10.96,10.81,4.4,40.71,4.4,0,17.08
316,"ours3.s2",0,0,0,0,0,0,0,0,0
316,"ours3.total",6.22,8.31,10.96,10.81,4.4,40.71,4.4,5.59,17.08
316,"titeet",4.3,5.8,7.7,9.1,3.1,30,3.1,4.3,15.68
316,"tite12",4.1,4.7,5.4,7.9,5.2,27.3,5.2,4.5,14.99
316,"bfet",4.96,7.04,9.18,10.32,4.63,36.12,4.63,5.02,15
346,"ours0.s1",6.31,8.44,11.04,10.91,4.08,40.77,4.08,0,27.76
346,"ours0.s2",0,0,0.11,0.7,0.55,1.36,0.55,0,0.94
346,"ours0.total",6.31,8.44,11.15,11.61,4.62,42.13,4.62,5.6,28.7
346,"bf.s1",5.11,8.22,11.65,11.11,4.1,40.19,4.1,0,27.82
346,"bf.s2",0,0,0,0,0,0,0,0,0
346,"bf.total",5.11,8.22,11.65,11.11,4.1,40.19,4.1,5.6,27.82
346,"ours1.s1",6.4,8.52,10.93,10.72,4.37,40.95,4.37,0,19.71
346,"ours1.s2",0,0,0.13,0.82,0.63,1.59,0.63,0,1.07
346,"ours1.total",6.4,8.52,11.07,11.54,5.01,42.54,5.01,5.66,20.78
346,"ours2.s1",6.36,8.33,11.04,10.74,4.39,40.86,4.39,0,19.98
346,"ours2.s2",0,0,0.12,0.78,0.63,1.54,0.63,0,1.04
346,"ours2.total",6.36,8.33,11.16,11.53,5.02,42.4,5.02,5.6,21.03
346,"ours3.s1",6.3,8.36,10.94,10.89,4.44,40.94,4.44,0,20
346,"ours3.s2",0,0,0,0,0,0,0,0,0
346,"ours3.total",6.3,8.36,10.94,10.89,4.44,40.94,4.44,5.62,20
346,"titeet",4.2,5.7,7.7,9.2,3.2,30,3.2,4.3,21.35
346,"tite12",4.1,4.8,5.5,7.8,5.1,27.3,5.1,4.4,20.1
346,"bfet",4.99,7.09,9.03,10.18,4.64,35.93,4.64,4.98,16
302,"ours0.s1",9.92,13.21,9.72,3.72,0.69,37.26,4.41,0,17.7
302,"ours0.s2",0,0.02,0.25,0.22,0.06,0.55,0.29,0,0.32
302,"ours0.total",9.92,13.23,9.97,3.95,0.75,37.81,4.7,6.45,18.02
302,"bf.s1",9.09,13.31,9.9,3.88,0.77,36.95,4.64,0,17.79
302,"bf.s2",0,0,0,0,0,0,0,0,0
302,"bf.total",9.09,13.31,9.9,3.88,0.77,36.95,4.64,6.51,17.79
302,"ours1.s1",9.85,12.81,9.56,3.87,0.85,36.93,4.71,0,11.31
302,"ours1.s2",0.06,0.11,0.34,0.36,0.1,0.97,0.46,0,0.55
302,"ours1.total",9.91,12.92,9.9,4.23,0.95,37.9,5.17,6.48,11.86
302,"ours2.s1",9.98,12.87,9.58,3.75,0.83,37,4.58,0,11.56
302,"ours2.s2",0.03,0.07,0.38,0.41,0.07,0.96,0.47,0,0.53
302,"ours2.total",10.01,12.94,9.96,4.15,0.9,37.95,5.05,6.42,12.09
302,"ours3.s1",9.79,12.83,9.56,3.82,0.86,36.86,4.68,0,11.55
302,"ours3.s2",0,0,0,0,0,0,0,0,0
302,"ours3.total",9.79,12.83,9.56,3.82,0.86,36.86,4.68,6.44,11.55
302,"titeet",6.6,12.7,7.3,2.7,0.7,30,3.4,5.3,13.23
302,"tite12",5,7.3,6.2,4.4,2.3,25.2,6.7,5.3,12.22
302,"bfet",7.21,10.87,8.92,4.24,1.26,32.5,5.5,5.93,9
322,"ours0.s1",10.41,14.45,10.55,3.69,0.61,39.7,4.3,0,26.83
322,"ours0.s2",0,0.01,0.21,0.18,0.04,0.45,0.22,0,0.33
322,"ours0.total",10.41,14.46,10.76,3.87,0.65,40.15,4.52,6.9,27.16
322,"bf.s1",9.46,14.48,10.85,3.96,0.67,39.41,4.63,0,26.96
322,"bf.s2",0,0,0,0,0,0,0,0,0
322,"bf.total",9.46,14.48,10.85,3.96,0.67,39.41,4.63,6.94,26.96
322,"ours1.s1",10.45,14.21,10.67,3.9,0.68,39.91,4.59,0,21.46
322,"ours1.s2",0,0.01,0.24,0.3,0.09,0.65,0.39,0,0.45
322,"ours1.total",10.45,14.22,10.91,4.21,0.77,40.56,4.98,6.97,21.91
322,"ours2.s1",10.4,14.24,10.4,3.71,0.68,39.43,4.39,0,21.75
322,"ours2.s2",0,0.01,0.27,0.32,0.08,0.68,0.4,0,0.45
322,"ours2.total",10.4,14.25,10.66,4.03,0.76,40.11,4.79,6.9,22.2
322,"ours3.s1",10.26,14.15,10.73,3.97,0.75,39.85,4.71,0,21.86
322,"ours3.s2",0,0,0,0,0,0,0,0,0
322,"ours3.total",10.26,14.15,10.73,3.97,0.75,39.85,4.71,6.95,21.86
322,"titeet",7.4,13.1,6.6,2.3,0.5,29.9,2.8,5.1,18.86
322,"tite12",5,7.4,6.1,4.4,2.3,25.2,6.7,5.4,18.09
322,"bfet",8.5,12.73,9.42,3.69,0.84,35.18,4.53,5.86,17.4
276,"ours0.s1",6.18,8.28,10.58,10.17,4.23,39.46,4.23,0,12.68
276,"ours0.s2",0,0,0.15,0.81,0.52,1.48,0.52,0,0.53
276,"ours0.total",6.18,8.29,10.74,10.98,4.75,40.94,4.75,5.38,13.21
276,"bf.s1",5.08,8.06,11.01,10.36,4.15,38.67,4.15,0,12.63
276,"bf.s2",0,0,0,0,0,0,0,0,0
276,"bf.total",5.08,8.06,11.01,10.36,4.15,38.67,4.15,5.41,12.63
276,"ours1.s1",6.1,8.15,10.15,9.72,4.45,38.58,4.45,0,10.13
276,"ours1.s2",0.02,0.1,0.4,1.1,0.7,2.33,0.7,0,0.81
276,"ours1.total",6.13,8.26,10.56,10.82,5.15,40.91,5.15,5.31,10.95
276,"ours2.s1",6.14,8.18,10.2,9.8,4.33,38.64,4.33,0,10.32
276,"ours2.s2",0.01,0.08,0.31,1,0.62,2.03,0.62,0,0.72
276,"ours2.total",6.15,8.25,10.51,10.81,4.95,40.67,4.95,5.33,11.04
276,"ours3.s1",6.12,8.06,10.18,9.84,4.41,38.61,4.41,0,10.3
276,"ours3.s2",0,0,0,0,0,0,0,0,0
276,"ours3.total",6.12,8.06,10.18,9.84,4.41,38.61,4.41,5.28,10.3
276,"titeet",4.1,5.4,7.4,9.5,3.5,29.9,3.5,4.4,9.68
276,"tite12",4,4.6,5.5,8,5.1,27.2,5.1,4.5,8.91
276,"bfet",4.54,6.43,8.4,9.9,5.21,34.48,5.21,5.14,9.3
352,"ours0.s1",10.39,14.41,10.62,3.76,0.62,39.81,4.38,0,26.93
352,"ours0.s2",0,0.01,0.22,0.19,0.04,0.46,0.23,0,0.34
352,"ours0.total",10.39,14.43,10.84,3.95,0.67,40.27,4.62,6.91,27.27
352,"bf.s1",9.46,14.48,10.85,3.96,0.67,39.41,4.63,0,26.99
352,"bf.s2",0,0,0,0,0,0,0,0,0
352,"bf.total",9.46,14.48,10.85,3.96,0.67,39.41,4.63,6.94,26.99
352,"ours1.s1",10.42,14.18,10.56,3.79,0.65,39.59,4.44,0,21.44
352,"ours1.s2",0,0.02,0.27,0.31,0.09,0.69,0.4,0,0.46
352,"ours1.total",10.42,14.2,10.83,4.1,0.74,40.28,4.84,6.91,21.9
352,"ours2.s1",10.46,14.21,10.38,3.78,0.69,39.52,4.47,0,21.75
352,"ours2.s2",0,0.01,0.23,0.31,0.07,0.63,0.38,0,0.43
352,"ours2.total",10.47,14.22,10.62,4.09,0.76,40.15,4.85,6.92,22.17
352,"ours3.s1",10.26,14.14,10.71,3.97,0.73,39.81,4.7,0,21.85
352,"ours3.s2",0,0,0,0,0,0,0,0,0
352,"ours3.total",10.26,14.14,10.71,3.97,0.73,39.81,4.7,6.95,21.85
352,"titeet",7.4,13,6.7,2.2,0.5,29.8,2.7,5,19.2
352,"tite12",5,7.3,6.1,4.5,2.4,25.3,6.9,5.5,18.85
352,"bfet",8.47,12.73,9.38,3.69,0.84,35.11,4.53,5.85,17.4
286,"ours0.s1",6.25,8.54,11.02,10.93,4.15,40.89,4.15,0,20.8
286,"ours0.s2",0,0,0.11,0.69,0.52,1.33,0.52,0,0.7
286,"ours0.total",6.25,8.55,11.13,11.63,4.67,42.22,4.67,5.61,21.5
286,"bf.s1",5.12,8.18,11.66,11.14,4.12,40.22,4.12,0,20.77
286,"bf.s2",0,0,0,0,0,0,0,0,0
286,"bf.total",5.12,8.18,11.66,11.14,4.12,40.22,4.12,5.59,20.77
286,"ours1.s1",6.29,8.46,10.93,10.68,4.32,40.69,4.32,0,16.79
286,"ours1.s2",0,0,0.13,0.8,0.7,1.64,0.7,0,0.8
286,"ours1.total",6.29,8.46,11.06,11.49,5.02,42.32,5.02,5.59,17.59
286,"ours2.s1",6.27,8.47,10.95,10.67,4.34,40.7,4.34,0,17.12
286,"ours2.s2",0,0,0.13,0.83,0.68,1.63,0.68,0,0.81
286,"ours2.total",6.27,8.47,11.07,11.5,5.02,42.33,5.02,5.57,17.94
286,"ours3.s1",6.2,8.3,10.96,10.85,4.42,40.73,4.42,0,17.08
286,"ours3.s2",0,0,0,0,0,0,0,0,0
286,"ours3.total",6.2,8.3,10.96,10.85,4.42,40.73,4.42,5.59,17.08
286,"titeet",4.3,5.7,7.7,9.1,3.1,29.9,3.1,4.4,15.39
286,"tite12",4,4.7,5.5,8,5,27.2,5,4.4,14.49
286,"bfet",4.94,6.97,9.13,10.35,4.62,36.02,4.62,5.03,15
335,"ours0.s1",8.58,11.56,10.82,4.72,0.91,36.59,5.62,0,24.61
335,"ours0.s2",0,0.03,0.34,0.41,0.12,0.89,0.52,0,0.63
335,"ours0.total",8.59,11.58,11.16,5.12,1.02,37.48,6.15,6.21,25.24
335,"bf.s1",7.59,11.66,11.11,4.98,0.93,36.27,5.92,0,24.66
335,"bf.s2",0,0,0,0,0,0,0,0,0
335,"bf.total",7.59,11.66,11.11,4.98,0.93,36.27,5.92,6.28,24.66
335,"ours1.s1",8.64,11.13,10.69,5,1.11,36.56,6.1,0,14.65
335,"ours1.s2",0.02,0.1,0.41,0.54,0.16,1.24,0.7,0,0.89
335,"ours1.total",8.66,11.23,11.1,5.54,1.27,37.79,6.81,6.27,15.54
335,"ours2.s1",8.52,11.15,10.72,4.72,0.99,36.09,5.7,0,14.79
335,"ours2.s2",0.01,0.08,0.41,0.5,0.12,1.12,0.62,0,0.84
335,"ours2.total",8.53,11.23,11.13,5.21,1.11,37.21,6.32,6.23,15.62
335,"ours3.s1",8.48,11.12,10.79,4.98,1.12,36.5,6.11,0,14.88
335,"ours3.s2",0,0,0,0,0,0,0,0,0
335,"ours3.total",8.48,11.12,10.79,4.98,1.12,36.5,6.11,6.25,14.88
335,"titeet",5.7,8.5,10.6,4.1,1,29.9,5.1,5.4,19.08
335,"tite12",4.8,5.6,7.5,5.4,2.8,26.1,8.2,5.5,17.86
335,"bfet",6.43,8.4,9.87,5.42,1.72,31.84,7.14,5.81,10.4
292,"ours0.s1",10.43,14.44,10.49,3.69,0.64,39.68,4.33,0,26.83
292,"ours0.s2",0,0.01,0.21,0.19,0.04,0.45,0.23,0,0.33
292,"ours0.total",10.43,14.45,10.69,3.88,0.68,40.13,4.56,6.89,27.16
292,"bf.s1",9.46,14.48,10.85,3.96,0.67,39.41,4.63,0,26.96
292,"bf.s2",0,0,0,0,0,0,0,0,0
292,"bf.total",9.46,14.48,10.85,3.96,0.67,39.41,4.63,6.94,26.96
292,"ours1.s1",10.46,14.21,10.61,3.83,0.69,39.79,4.52,0,21.37
292,"ours1.s2",0,0.01,0.23,0.31,0.08,0.64,0.39,0,0.44
292,"ours1.total",10.46,14.22,10.84,4.15,0.76,40.43,4.91,6.98,21.81
292,"ours2.s1",10.44,14.21,10.48,3.82,0.68,39.62,4.49,0,21.77
292,"ours2.s2",0,0.01,0.24,0.29,0.07,0.61,0.36,0,0.41
292,"ours2.total",10.44,14.22,10.72,4.11,0.75,40.23,4.85,6.94,22.18
292,"ours3.s1",10.29,14.17,10.74,3.98,0.75,39.91,4.72,0,21.89
292,"ours3.s2",0,0,0,0,0,0,0,0,0
292,"ours3.total",10.29,14.17,10.74,3.98,0.75,39.91,4.72,6.95,21.89
292,"titeet",7.4,12.8,6.9,2.2,0.5,29.8,2.7,5,18.79
292,"tite12",5,7.4,6.2,4.4,2.2,25.2,6.6,5.3,17.65
292,"bfet",8.53,12.78,9.46,3.7,0.84,35.31,4.54,5.9,17.4
332,"ours0.s1",9.98,13.23,9.71,3.67,0.68,37.26,4.34,0,24.04
332,"ours0.s2",0,0.01,0.27,0.25,0.08,0.62,0.33,0,0.46
332,"ours0.total",9.98,13.25,9.98,3.91,0.76,37.88,4.67,6.42,24.5
332,"bf.s1",9.06,13.31,9.93,3.82,0.7,36.82,4.51,0,24.09
332,"bf.s2",0,0,0,0,0,0,0,0,0
332,"bf.total",9.06,13.31,9.93,3.82,0.7,36.82,4.51,6.47,24.09
332,"ours1.s1",9.9,13.03,9.54,3.79,0.83,37.09,4.62,0,13.9
332,"ours1.s2",0.04,0.07,0.38,0.37,0.09,0.95,0.46,0,0.71
332,"ours1.total",9.94,13.1,9.93,4.17,0.92,38.04,5.08,6.48,14.61
332,"ours2.s1",10.01,12.94,9.45,3.64,0.76,36.8,4.4,0,14
332,"ours2.s2",0.03,0.05,0.34,0.32,0.11,0.84,0.43,0,0.63
332,"ours2.total",10.03,12.99,9.79,3.96,0.86,37.64,4.83,6.38,14.64
332,"ours3.s1",9.8,12.91,9.63,3.83,0.81,36.98,4.64,0,14.08
332,"ours3.s2",0,0,0,0,0,0,0,0,0
332,"ours3.total",9.8,12.91,9.63,3.83,0.81,36.98,4.64,6.45,14.08
332,"titeet",6.6,12.4,7.3,2.8,0.8,29.9,3.6,5.3,18.15
332,"tite12",5,7.4,6.2,4.4,2.3,25.3,6.7,5.3,16.86
332,"bfet",7.14,10.59,8.76,4.38,1.37,32.25,5.75,5.93,10.1
347,"ours0.s1",12.37,14.01,10.14,3.69,0.66,40.88,4.35,0,25.1
347,"ours0.s2",0,0.01,0.15,0.14,0.05,0.35,0.19,0,0.26
347,"ours0.total",12.37,14.02,10.29,3.83,0.71,41.23,4.54,6.8,25.36
347,"bf.s1",11.69,14.37,10.57,3.9,0.66,41.19,4.56,0,25.23
347,"bf.s2",0,0,0,0,0,0,0,0,0
347,"bf.total",11.69,14.37,10.57,3.9,0.66,41.19,4.56,6.95,25.23
347,"ours1.s1",12.27,13.74,10.32,3.81,0.71,40.86,4.53,0,17.03
347,"ours1.s2",0,0.02,0.2,0.27,0.05,0.54,0.32,0,0.38
347,"ours1.total",12.27,13.76,10.52,4.08,0.76,41.39,4.84,6.89,17.41
347,"ours2.s1",12.22,13.7,10.25,3.78,0.71,40.65,4.49,0,17.26
347,"ours2.s2",0,0.02,0.21,0.27,0.06,0.57,0.34,0,0.38
347,"ours2.total",12.23,13.71,10.46,4.05,0.77,41.23,4.83,6.84,17.64
347,"ours3.s1",12.22,13.73,10.41,3.97,0.76,41.09,4.74,0,17.34
347,"ours3.s2",0,0,0,0,0,0,0,0,0
347,"ours3.total",12.22,13.73,10.41,3.97,0.76,41.09,4.74,6.93,17.34
347,"titeet",11.3,10.4,5.8,2,0.5,30,2.5,4.5,17.7
347,"tite12",6.7,6.4,5.2,3.7,2,24,5.7,4.6,16.28
347,"bfet",11.01,12.72,8.98,3.89,1.01,37.61,4.9,5.95,13.4
326,"ours0.s1",6.27,8.58,11.36,11.33,4.03,41.57,4.03,0,29.03
326,"ours0.s2",0,0,0.09,0.64,0.53,1.26,0.53,0,0.87
326,"ours0.total",6.27,8.58,11.45,11.97,4.56,42.83,4.56,5.68,29.91
326,"bf.s1",5.13,8.27,12,11.63,4.06,41.09,4.06,0,29.06
326,"bf.s2",0,0,0,0,0,0,0,0,0
326,"bf.total",5.13,8.27,12,11.63,4.06,41.09,4.06,5.73,29.06
326,"ours1.s1",6.27,8.56,11.22,11.23,4.3,41.56,4.3,0,23.68
326,"ours1.s2",0,0,0.11,0.81,0.64,1.56,0.64,0,1.02
326,"ours1.total",6.27,8.56,11.33,12.04,4.93,43.12,4.93,5.73,24.7
326,"ours2.s1",6.31,8.52,11.21,11.18,4.22,41.44,4.22,0,23.99
326,"ours2.s2",0,0,0.11,0.76,0.62,1.5,0.62,0,0.96
326,"ours2.total",6.31,8.52,11.32,11.95,4.84,42.94,4.84,5.72,24.95
326,"ours3.s1",6.22,8.38,11.19,11.3,4.44,41.54,4.44,0,24.01
326,"ours3.s2",0,0,0,0,0,0,0,0,0
326,"ours3.total",6.22,8.38,11.19,11.3,4.44,41.54,4.44,5.72,24.01
326,"titeet",4.4,5.9,7.8,8.9,2.8,29.8,2.8,4.2,21.53
326,"tite12",4,4.7,5.4,7.9,5.1,27.1,5.1,4.4,20.61
326,"bfet",5.1,7.05,9.39,10.33,4.24,36.11,4.24,4.93,20.9
317,"ours0.s1",12.3,13.96,10.26,3.71,0.64,40.86,4.35,0,19.28
317,"ours0.s2",0,0.01,0.16,0.18,0.03,0.38,0.21,0,0.2
317,"ours0.total",12.3,13.97,10.42,3.88,0.67,41.24,4.56,6.84,19.48
317,"bf.s1",11.71,14.34,10.49,3.87,0.66,41.07,4.54,0,19.32
317,"bf.s2",0,0,0,0,0,0,0,0,0
317,"bf.total",11.71,14.34,10.49,3.87,0.66,41.07,4.54,6.95,19.32
317,"ours1.s1",12.18,13.77,10.27,3.89,0.73,40.83,4.62,0,15.39
317,"ours1.s2",0,0.02,0.23,0.27,0.07,0.59,0.34,0,0.3
317,"ours1.total",12.18,13.79,10.5,4.15,0.8,41.42,4.96,6.88,15.7
317,"ours2.s1",12.24,13.81,10.19,3.67,0.65,40.57,4.33,0,15.63
317,"ours2.s2",0,0.01,0.2,0.27,0.07,0.56,0.34,0,0.28
317,"ours2.total",12.24,13.83,10.39,3.94,0.73,41.12,4.67,6.83,15.9
317,"ours3.s1",12.19,13.66,10.38,4.06,0.79,41.09,4.85,0,15.67
317,"ours3.s2",0,0,0,0,0,0,0,0,0
317,"ours3.total",12.19,13.66,10.38,4.06,0.79,41.09,4.85,6.93,15.67
317,"titeet",11.3,10.3,5.8,2.1,0.5,30,2.6,4.4,13.57
317,"tite12",6.7,6.5,5.1,3.7,1.9,23.9,5.6,4.7,12.53
317,"bfet",11.18,13.01,9.22,3.92,0.99,38.32,4.91,6.07,12.5
356,"ours0.s1",6.27,8.56,11.34,11.31,4.03,41.51,4.03,0,29.09
356,"ours0.s2",0,0,0.09,0.66,0.48,1.24,0.48,0,0.87
356,"ours0.total",6.27,8.56,11.43,11.97,4.51,42.75,4.51,5.67,29.96
356,"bf.s1",5.13,8.27,12,11.63,4.06,41.09,4.06,0,29.09
356,"bf.s2",0,0,0,0,0,0,0,0,0
356,"bf.total",5.13,8.27,12,11.63,4.06,41.09,4.06,5.73,29.09
356,"ours1.s1",6.35,8.54,11.2,11.3,4.35,41.74,4.35,0,23.7
356,"ours1.s2",0,0,0.13,0.8,0.68,1.6,0.68,0,1.03
356,"ours1.total",6.35,8.54,11.32,12.1,5.03,43.34,5.03,5.78,24.73
356,"ours2.s1",6.33,8.55,11.26,11.2,4.26,41.6,4.26,0,24.04
356,"ours2.s2",0,0,0.12,0.8,0.64,1.56,0.64,0,1
356,"ours2.total",6.33,8.55,11.38,12,4.9,43.16,4.9,5.73,25.03
356,"ours3.s1",6.24,8.38,11.17,11.28,4.44,41.52,4.44,0,23.98
356,"ours3.s2",0,0,0,0,0,0,0,0,0
356,"ours3.total",6.24,8.38,11.17,11.28,4.44,41.52,4.44,5.72,23.98
356,"titeet",4.5,6.1,7.7,8.8,2.8,29.9,2.8,4.2,21.75
356,"tite12",4.1,4.8,5.5,7.8,5,27.2,5,4.4,21.05
356,"bfet",5.12,7.15,9.46,10.35,4.24,36.32,4.24,4.93,21
287,"ours0.s1",12.3,13.99,10.3,3.71,0.62,40.91,4.33,0,19.2
287,"ours0.s2",0,0.01,0.16,0.17,0.02,0.36,0.19,0,0.2
287,"ours0.total",12.3,14,10.46,3.88,0.64,41.27,4.52,6.84,19.4
287,"bf.s1",11.71,14.34,10.49,3.88,0.67,41.08,4.54,0,19.29
287,"bf.s2",0,0,0,0,0,0,0,0,0
287,"bf.total",11.71,14.34,10.49,3.88,0.67,41.08,4.54,6.95,19.29
287,"ours1.s1",12.27,13.8,10.25,3.78,0.68,40.79,4.46,0,15.35
287,"ours1.s2",0,0.01,0.22,0.28,0.07,0.59,0.35,0,0.3
287,"ours1.total",12.27,13.81,10.47,4.06,0.75,41.37,4.82,6.89,15.65
287,"ours2.s1",12.26,13.8,10.16,3.66,0.64,40.52,4.3,0,15.61
287,"ours2.s2",0,0.02,0.22,0.25,0.08,0.56,0.32,0,0.28
287,"ours2.total",12.26,13.82,10.37,3.91,0.72,41.08,4.63,6.82,15.9
287,"ours3.s1",12.2,13.71,10.39,4.04,0.79,41.11,4.82,0,15.66
287,"ours3.s2",0,0,0,0,0,0,0,0,0
287,"ours3.total",12.2,13.71,10.39,4.04,0.79,41.11,4.82,6.93,15.66
287,"titeet",11.8,10.4,5.5,1.9,0.4,30,2.3,4.5,13.24
287,"tite12",6.8,6.4,5.1,3.7,1.9,23.9,5.6,4.7,12.03
287,"bfet",11.19,13.12,9.29,3.95,0.99,38.55,4.94,6.14,12.5
296,"ours0.s1",6.4,8.7,11.39,11.29,3.99,41.75,3.99,0,29.09
296,"ours0.s2",0,0,0.1,0.65,0.49,1.24,0.49,0,0.88
296,"ours0.total",6.4,8.7,11.48,11.94,4.48,43,4.48,5.66,29.97
296,"bf.s1",5.13,8.27,12,11.63,4.06,41.09,4.06,0,29.06
296,"bf.s2",0,0,0,0,0,0,0,0,0
296,"bf.total",5.13,8.27,12,11.63,4.06,41.09,4.06,5.73,29.06
296,"ours1.s1",6.31,8.57,11.15,11.24,4.38,41.65,4.38,0,23.65
296,"ours1.s2",0,0,0.1,0.72,0.67,1.49,0.67,0,0.97
296,"ours1.total",6.31,8.57,11.25,11.96,5.05,43.15,5.05,5.75,24.62
296,"ours2.s1",6.29,8.58,11.22,11.22,4.26,41.56,4.26,0,24.04
296,"ours2.s2",0,0,0.11,0.76,0.65,1.52,0.65,0,0.99
296,"ours2.total",6.29,8.58,11.33,11.98,4.9,43.08,4.9,5.7,25.03
296,"ours3.s1",6.23,8.4,11.21,11.31,4.45,41.59,4.45,0,24.01
296,"ours3.s2",0,0,0,0,0,0,0,0,0
296,"ours3.total",6.23,8.4,11.21,11.31,4.45,41.59,4.45,5.73,24.01
296,"titeet",4.5,6.1,7.9,8.8,2.6,29.9,2.6,4.2,21.3
296,"tite12",4,4.7,5.5,8.1,4.9,27.2,4.9,4.5,20.26
296,"bfet",5.1,7.06,9.42,10.35,4.24,36.17,4.24,4.93,20.9
306,"ours0.s1",6.24,8.32,10.6,10.3,4.2,39.66,4.2,0,19.59
306,"ours0.s2",0,0,0.13,0.78,0.54,1.45,0.54,0,0.77
306,"ours0.total",6.24,8.32,10.74,11.07,4.74,41.11,4.74,5.42,20.37
306,"bf.s1",5.09,8.06,11.12,10.44,4.14,38.85,4.14,0,19.57
306,"bf.s2",0,0,0,0,0,0,0,0,0
306,"bf.total",5.09,8.06,11.12,10.44,4.14,38.85,4.14,5.41,19.57
306,"ours1.s1",6.24,8.23,10.23,9.89,4.48,39.07,4.48,0,13.03
306,"ours1.s2",0.01,0.06,0.33,1.01,0.66,2.07,0.66,0,1.09
306,"ours1.total",6.24,8.3,10.56,10.91,5.13,41.14,5.13,5.39,14.12
306,"ours2.s1",6.31,8.34,10.23,9.92,4.27,39.07,4.27,0,13.23
306,"ours2.s2",0,0.03,0.28,0.99,0.64,1.95,0.64,0,1.02
306,"ours2.total",6.31,8.37,10.51,10.91,4.92,41.03,4.92,5.35,14.25
306,"ours3.s1",6.26,8.23,10.34,9.89,4.42,39.15,4.42,0,13.22
306,"ours3.s2",0,0,0,0,0,0,0,0,0
306,"ours3.total",6.26,8.23,10.34,9.89,4.42,39.15,4.42,5.29,13.22
306,"titeet",4,5.4,7.5,9.5,3.6,30,3.6,4.6,15.26
306,"tite12",4,4.7,5.5,8,5,27.2,5,4.5,14.12
306,"bfet",4.61,6.5,8.31,9.68,5.23,34.33,5.23,5.11,10.4
277,"ours0.s1",11.94,13.11,9.45,3.67,0.83,39.01,4.5,0,11.75
277,"ours0.s2",0,0.02,0.2,0.2,0.07,0.49,0.27,0,0.17
277,"ours0.total",11.95,13.13,9.65,3.87,0.89,39.49,4.77,6.55,11.92
277,"bf.s1",11.31,13.54,9.9,3.83,0.77,39.35,4.6,0,11.79
277,"bf.s2",0,0,0,0,0,0,0,0,0
277,"bf.total",11.31,13.54,9.9,3.83,0.77,39.35,4.6,6.67,11.79
277,"ours1.s1",11.58,12.63,9.39,3.75,0.93,38.27,4.67,0,9.42
277,"ours1.s2",0.11,0.16,0.33,0.26,0.08,0.93,0.34,0,0.36
277,"ours1.total",11.69,12.79,9.72,4,1,39.2,5.01,6.52,9.78
277,"ours2.s1",11.66,12.46,9.27,3.9,0.97,38.26,4.87,0,9.62
277,"ours2.s2",0.07,0.16,0.33,0.27,0.07,0.9,0.34,0,0.35
277,"ours2.total",11.73,12.61,9.6,4.17,1.04,39.16,5.21,6.49,9.97
277,"ours3.s1",11.63,12.6,9.35,3.82,0.87,38.28,4.7,0,9.6
277,"ours3.s2",0,0,0,0,0,0,0,0,0
277,"ours3.total",11.63,12.6,9.35,3.82,0.87,38.28,4.7,6.48,9.6
277,"titeet",11,10.2,6,2.2,0.6,30,2.8,4.5,8.61
277,"tite12",6.8,6.3,5,3.7,1.9,23.7,5.6,4.5,7.41
277,"bfet",10.02,11.48,8.97,4.15,1.24,35.86,5.39,6.14,8.1
314,"ours0.s1",5.88,7.6,9.34,12.57,8.52,43.91,-1,0,21.34
314,"ours0.s2",0,0,0.03,0.33,0.8,1.15,-1,0,0.64
314,"ours0.total",5.88,7.6,9.37,12.9,9.32,45.06,-1,4.19,21.98
314,"bf.s1",4.64,7.29,9.89,12.92,8.49,43.23,-1,0,21.32
314,"bf.s2",0,0,0,0,0,0,-1,0,0
314,"bf.total",4.64,7.29,9.89,12.92,8.49,43.23,-1,4.27,21.32
314,"ours1.s1",5.89,7.72,9.26,12.1,8.67,43.65,-1,0,17.37
314,"ours1.s2",0,0,0.02,0.46,1.03,1.52,-1,0,0.77
314,"ours1.total",5.89,7.72,9.29,12.56,9.7,45.17,-1,4.2,18.13
314,"ours2.s1",5.92,7.61,9.22,12.16,8.75,43.67,-1,0,17.71
314,"ours2.s2",0,0,0.03,0.47,0.94,1.44,-1,0,0.75
314,"ours2.total",5.92,7.61,9.25,12.63,9.69,45.11,-1,4.21,18.46
314,"ours3.s1",5.83,7.57,9.27,12.11,8.8,43.58,-1,0,17.73
314,"ours3.s2",0,0,0,0,0,0,-1,0,0
314,"ours3.total",5.83,7.57,9.27,12.11,8.8,43.58,-1,4.23,17.73
314,"titeet",3.6,4.5,5.7,9.8,6.3,29.9,-1,3,16.46
314,"tite12",3.5,4.1,4.9,8.5,6.2,27.2,-1,2.8,15.25
314,"bfet",4.53,6.35,8.18,11.51,8.82,39.4,-1,3.81,15.9
274,"ours0.s1",5.82,7.48,9.02,11.75,8.55,42.62,-1,0,12.86
274,"ours0.s2",0,0,0.04,0.44,0.78,1.26,-1,0,0.46
274,"ours0.total",5.82,7.48,9.06,12.19,9.33,43.89,-1,4.12,13.31
274,"bf.s1",4.6,7.19,9.67,12.02,8.43,41.91,-1,0,12.89
274,"bf.s2",0,0,0,0,0,0,-1,0,0
274,"bf.total",4.6,7.19,9.67,12.02,8.43,41.91,-1,4.15,12.89
274,"ours1.s1",5.74,7.21,8.51,10.97,8.73,41.16,-1,0,10.39
274,"ours1.s2",0.02,0.11,0.35,0.83,0.96,2.27,-1,0,0.81
274,"ours1.total",5.76,7.32,8.86,11.8,9.69,43.43,-1,4.03,11.2
274,"ours2.s1",5.77,7.37,8.75,11.11,8.61,41.62,-1,0,10.62
274,"ours2.s2",0.02,0.06,0.25,0.77,0.97,2.07,-1,0,0.75
274,"ours2.total",5.79,7.43,9,11.88,9.58,43.68,-1,4.04,11.37
274,"ours3.s1",5.72,7.36,8.66,11.03,8.66,41.44,-1,0,10.61
274,"ours3.s2",0,0,0,0,0,0,-1,0,0
274,"ours3.total",5.72,7.36,8.66,11.03,8.66,41.44,-1,4.06,10.61
274,"titeet",3.5,4.3,5.5,10,6.7,30,-1,3.1,9.99
274,"tite12",3.4,4,4.9,8.6,6.2,27.1,-1,2.8,9.02
274,"bfet",4.18,5.64,7.05,10.08,9.49,36.44,-1,3.77,9.8
337,"ours0.s1",12.01,13.22,9.62,3.63,0.67,39.15,4.3,0,23.77
337,"ours0.s2",0,0.01,0.19,0.16,0.04,0.41,0.2,0,0.32
337,"ours0.total",12.01,13.24,9.81,3.79,0.7,39.55,4.5,6.53,24.09
337,"bf.s1",11.31,13.61,9.96,3.78,0.66,39.31,4.43,0,23.94
337,"bf.s2",0,0,0,0,0,0,0,0,0
337,"bf.total",11.31,13.61,9.96,3.78,0.66,39.31,4.43,6.61,23.94
337,"ours1.s1",11.83,12.82,9.58,3.83,0.83,38.9,4.66,0,13.37
337,"ours1.s2",0.04,0.07,0.27,0.28,0.08,0.75,0.36,0,0.59
337,"ours1.total",11.87,12.89,9.86,4.11,0.91,39.64,5.02,6.56,13.97
337,"ours2.s1",11.82,12.82,9.58,3.68,0.77,38.66,4.44,0,13.54
337,"ours2.s2",0.02,0.07,0.26,0.26,0.08,0.7,0.35,0,0.54
337,"ours2.total",11.84,12.89,9.84,3.94,0.85,39.37,4.79,6.52,14.08
337,"ours3.s1",11.78,12.94,9.68,3.85,0.83,39.09,4.69,0,13.65
337,"ours3.s2",0,0,0,0,0,0,0,0,0
337,"ours3.total",11.78,12.94,9.68,3.85,0.83,39.09,4.69,6.58,13.65
337,"titeet",11.1,10.2,5.9,2.2,0.5,29.9,2.7,4.6,17.23
337,"tite12",6.7,6.3,5.2,3.7,2,23.9,5.7,4.6,15.51
337,"bfet",9.49,10.96,8.77,4.22,1.34,34.77,5.56,6.07,10.2
284,"ours0.s1",5.88,7.63,9.3,12.59,8.56,43.96,-1,0,21.36
284,"ours0.s2",0,0,0.01,0.37,0.81,1.2,-1,0,0.66
284,"ours0.total",5.88,7.63,9.32,12.96,9.37,45.16,-1,4.21,22.03
284,"bf.s1",4.64,7.29,9.89,12.92,8.49,43.23,-1,0,21.29
284,"bf.s2",0,0,0,0,0,0,-1,0,0
284,"bf.total",4.64,7.29,9.89,12.92,8.49,43.23,-1,4.27,21.29
284,"ours1.s1",5.8,7.55,9.3,12.21,8.81,43.66,-1,0,17.37
284,"ours1.s2",0,0,0.02,0.4,1.01,1.43,-1,0,0.75
284,"ours1.total",5.8,7.55,9.32,12.61,9.82,45.09,-1,4.24,18.12
284,"ours2.s1",5.86,7.64,9.19,12.03,8.76,43.47,-1,0,17.67
284,"ours2.s2",0,0,0.02,0.47,0.95,1.45,-1,0,0.72
284,"ours2.total",5.86,7.64,9.21,12.5,9.7,44.91,-1,4.2,18.39
284,"ours3.s1",5.8,7.55,9.25,12.16,8.83,43.58,-1,0,17.72
284,"ours3.s2",0,0,0,0,0,0,-1,0,0
284,"ours3.total",5.8,7.55,9.25,12.16,8.83,43.58,-1,4.24,17.72
284,"titeet",3.6,4.5,5.7,9.9,6.4,30.1,-1,3,16.3
284,"tite12",3.4,4,4.9,8.6,6.1,27,-1,2.8,14.96
284,"bfet",4.52,6.26,8.06,11.56,8.87,39.27,-1,3.81,15.9
307,"ours0.s1",11.97,13.31,9.68,3.59,0.67,39.22,4.26,0,17.59
307,"ours0.s2",0,0.01,0.15,0.2,0.05,0.42,0.25,0,0.23
307,"ours0.total",11.97,13.33,9.83,3.79,0.72,39.64,4.51,6.54,17.82
307,"bf.s1",11.33,13.59,9.92,3.86,0.73,39.43,4.59,0,17.66
307,"bf.s2",0,0,0,0,0,0,0,0,0
307,"bf.total",11.33,13.59,9.92,3.86,0.73,39.43,4.59,6.64,17.66
307,"ours1.s1",11.81,12.71,9.33,3.76,0.85,38.46,4.62,0,11.09
307,"ours1.s2",0.07,0.11,0.3,0.29,0.09,0.86,0.37,0,0.5
307,"ours1.total",11.88,12.82,9.63,4.05,0.94,39.32,4.99,6.48,11.59
307,"ours2.s1",11.71,12.7,9.53,3.79,0.83,38.56,4.62,0,11.33
307,"ours2.s2",0.05,0.09,0.27,0.31,0.1,0.82,0.42,0,0.46
307,"ours2.total",11.76,12.79,9.79,4.1,0.93,39.38,5.04,6.45,11.79
307,"ours3.s1",11.74,12.75,9.53,3.85,0.86,38.74,4.71,0,11.36
307,"ours3.s2",0,0,0,0,0,0,0,0,0
307,"ours3.total",11.74,12.75,9.53,3.85,0.86,38.74,4.71,6.53,11.36
307,"titeet",11.4,10,5.9,2.1,0.6,30,2.7,4.6,12.65
307,"tite12",6.8,6.4,5.1,3.6,1.8,23.7,5.4,4.6,11.22
307,"bfet",9.74,11.19,8.89,4.21,1.26,35.29,5.47,6.07,9.1
336,"ours0.s1",6.2,8.39,10.66,10.27,4.23,39.75,4.23,0,26.83
336,"ours0.s2",0,0,0.13,0.82,0.55,1.5,0.55,0,1.06
336,"ours0.total",6.2,8.39,10.79,11.09,4.78,41.25,4.78,5.4,27.89
336,"bf.s1",5.09,8.09,11.11,10.37,4.16,38.82,4.16,0,26.81
336,"bf.s2",0,0,0,0,0,0,0,0,0
336,"bf.total",5.09,8.09,11.11,10.37,4.16,38.82,4.16,5.39,26.81
336,"ours1.s1",6.33,8.27,10.32,10.03,4.41,39.35,4.41,0,16.77
336,"ours1.s2",0.01,0.04,0.28,0.94,0.65,1.93,0.65,0,1.36
336,"ours1.total",6.33,8.31,10.6,10.97,5.06,41.28,5.06,5.39,18.13
336,"ours2.s1",6.29,8.23,10.34,10.1,4.39,39.36,4.39,0,16.96
336,"ours2.s2",0,0.03,0.24,0.93,0.62,1.82,0.62,0,1.28
336,"ours2.total",6.29,8.25,10.57,11.03,5.02,41.17,5.02,5.42,18.23
336,"ours3.s1",6.25,8.23,10.32,10.11,4.34,39.25,4.34,0,16.97
336,"ours3.s2",0,0,0,0,0,0,0,0,0
336,"ours3.total",6.25,8.23,10.32,10.11,4.34,39.25,4.34,5.34,16.97
336,"titeet",4,5.3,7.5,9.5,3.6,29.9,3.6,4.5,21.18
336,"tite12",4.1,4.8,5.4,7.8,5,27.1,5,4.4,19.62
336,"bfet",4.65,6.57,8.26,9.57,5.32,34.37,5.32,5.1,11.5
344,"ours0.s1",5.84,7.59,9.21,12.65,8.59,43.88,-1,0,28.78
344,"ours0.s2",0,0,0.02,0.35,0.75,1.12,-1,0,0.85
344,"ours0.total",5.84,7.59,9.23,13,9.35,45.01,-1,4.21,29.63
344,"bf.s1",4.64,7.29,9.9,12.93,8.49,43.26,-1,0,28.73
344,"bf.s2",0,0,0,0,0,0,-1,0,0
344,"bf.total",4.64,7.29,9.9,12.93,8.49,43.26,-1,4.27,28.73
344,"ours1.s1",5.97,7.73,9.31,12.09,8.59,43.68,-1,0,20.49
344,"ours1.s2",0,0,0.03,0.47,1.02,1.52,-1,0,1.03
344,"ours1.total",5.97,7.73,9.34,12.56,9.6,45.2,-1,4.22,21.52
344,"ours2.s1",6.02,7.76,9.31,12.15,8.77,44.01,-1,0,20.83
344,"ours2.s2",0,0,0.02,0.47,0.92,1.41,-1,0,1
344,"ours2.total",6.02,7.76,9.33,12.62,9.68,45.42,-1,4.25,21.83
344,"ours3.s1",5.91,7.65,9.34,12.12,8.73,43.76,-1,0,20.87
344,"ours3.s2",0,0,0,0,0,0,-1,0,0
344,"ours3.total",5.91,7.65,9.34,12.12,8.73,43.76,-1,4.23,20.87
344,"titeet",3.6,4.6,5.8,9.6,6.4,30,-1,3.1,22.41
344,"tite12",3.5,4.1,4.9,8.5,6.2,27.2,-1,2.8,20.52
344,"bfet",4.55,6.41,8.16,11.32,8.82,39.25,-1,3.78,16.9
297,"ours0.s1",12.7,14.43,10.47,3.65,0.6,41.86,4.26,0,26.89
297,"ours0.s2",0,0.01,0.14,0.2,0.05,0.4,0.25,0,0.28
297,"ours0.total",12.7,14.45,10.61,3.85,0.65,42.26,4.5,6.94,27.16
297,"bf.s1",11.96,14.82,10.93,3.91,0.64,42.27,4.55,0,26.97
297,"bf.s2",0,0,0,0,0,0,0,0,0
297,"bf.total",11.96,14.82,10.93,3.91,0.64,42.27,4.55,7.13,26.97
297,"ours1.s1",12.48,14.34,10.64,3.77,0.67,41.89,4.44,0,21.46
297,"ours1.s2",0,0.01,0.2,0.27,0.07,0.55,0.34,0,0.37
297,"ours1.total",12.48,14.35,10.83,4.03,0.74,42.44,4.78,7.06,21.83
297,"ours2.s1",12.55,14.25,10.61,3.84,0.69,41.93,4.52,0,21.86
297,"ours2.s2",0,0.02,0.22,0.22,0.06,0.53,0.29,0,0.35
297,"ours2.total",12.55,14.27,10.83,4.06,0.75,42.45,4.81,7.02,22.21
297,"ours3.s1",12.53,14.17,10.69,4,0.75,42.14,4.75,0,21.88
297,"ours3.s2",0,0,0,0,0,0,0,0,0
297,"ours3.total",12.53,14.17,10.69,4,0.75,42.14,4.75,7.08,21.88
297,"titeet",12,10.4,5.5,1.8,0.3,30,2.1,4.2,18.21
297,"tite12",6.7,6.4,5.2,3.7,1.8,23.8,5.5,4.6,16.74
297,"bfet",11.5,13.53,9.6,3.69,0.81,39.13,4.5,6.16,17.5
357,"ours0.s1",12.62,14.41,10.49,3.67,0.62,41.8,4.29,0,26.89
357,"ours0.s2",0,0.01,0.15,0.2,0.05,0.41,0.25,0,0.28
357,"ours0.total",12.62,14.42,10.63,3.87,0.67,42.21,4.54,6.9,27.17
357,"bf.s1",11.96,14.83,10.93,3.91,0.64,42.27,4.55,0,27
357,"bf.s2",0,0,0,0,0,0,0,0,0
357,"bf.total",11.96,14.83,10.93,3.91,0.64,42.27,4.55,7.13,27
357,"ours1.s1",12.45,14.25,10.75,3.87,0.72,42.05,4.59,0,21.52
357,"ours1.s2",0,0.01,0.21,0.28,0.07,0.57,0.35,0,0.38
357,"ours1.total",12.46,14.26,10.95,4.15,0.79,42.61,4.94,7.08,21.9
357,"ours2.s1",12.56,14.24,10.61,3.85,0.72,41.98,4.57,0,21.86
357,"ours2.s2",0,0.02,0.23,0.21,0.05,0.51,0.26,0,0.35
357,"ours2.total",12.56,14.26,10.84,4.06,0.77,42.49,4.83,7.04,22.21
357,"ours3.s1",12.5,14.16,10.68,3.97,0.74,42.05,4.71,0,21.87
357,"ours3.s2",0,0,0,0,0,0,0,0,0
357,"ours3.total",12.5,14.16,10.68,3.97,0.74,42.05,4.71,7.08,21.87
357,"titeet",12.3,10.2,5.3,1.8,0.4,30,2.2,4.2,18.61
357,"tite12",6.8,6.3,5.1,3.7,1.9,23.8,5.6,4.6,17.67
357,"bfet",11.47,13.47,9.49,3.65,0.8,38.88,4.45,6.08,17.4
304,"ours0.s1",5.82,7.54,9.1,11.8,8.44,42.68,-1,0,20.23
304,"ours0.s2",0,0,0.02,0.42,0.79,1.24,-1,0,0.7
304,"ours0.total",5.82,7.54,9.12,12.22,9.22,43.92,-1,4.11,20.92
304,"bf.s1",4.63,7.23,9.7,12.13,8.47,42.16,-1,0,20.24
304,"bf.s2",0,0,0,0,0,0,-1,0,0
304,"bf.total",4.63,7.23,9.7,12.13,8.47,42.16,-1,4.16,20.24
304,"ours1.s1",5.9,7.49,8.82,11.11,8.59,41.91,-1,0,13.59
304,"ours1.s2",0.01,0.05,0.27,0.79,0.97,2.09,-1,0,1.15
304,"ours1.total",5.91,7.54,9.09,11.9,9.56,43.99,-1,4.07,14.74
304,"ours2.s1",5.95,7.63,8.97,11.1,8.55,42.21,-1,0,13.8
304,"ours2.s2",0,0.03,0.16,0.77,1.01,1.98,-1,0,1.07
304,"ours2.total",5.96,7.66,9.14,11.87,9.56,44.19,-1,4.07,14.87
304,"ours3.s1",5.88,7.49,8.95,11.13,8.64,42.1,-1,0,13.82
304,"ours3.s2",0,0,0,0,0,0,-1,0,0
304,"ours3.total",5.88,7.49,8.95,11.13,8.64,42.1,-1,4.06,13.82
304,"titeet",3.5,4.3,5.4,9.9,6.9,30,-1,3.1,15.91
304,"tite12",3.5,4.1,4.9,8.4,6.2,27.1,-1,2.7,14.38
304,"bfet",4.27,5.72,7.05,9.72,9.34,36.09,-1,3.69,10.7
313,"ours0.s1",6.26,8.46,13.04,10.58,3.53,41.87,3.53,0,20.73
313,"ours0.s2",0,0,0.13,0.55,0.31,1,0.31,0,0.55
313,"ours0.total",6.26,8.46,13.17,11.13,3.84,42.86,3.84,5.82,21.28
313,"bf.s1",5.12,8.17,13.18,10.93,3.49,40.88,3.49,0,20.68
313,"bf.s2",0,0,0,0,0,0,0,0,0
313,"bf.total",5.12,8.17,13.18,10.93,3.49,40.88,3.49,5.82,20.68
313,"ours1.s1",6.33,8.38,12.94,10.47,3.76,41.89,3.76,0,16.72
313,"ours1.s2",0,0,0.14,0.68,0.36,1.18,0.36,0,0.62
313,"ours1.total",6.33,8.39,13.08,11.15,4.12,43.07,4.12,5.84,17.33
313,"ours2.s1",6.38,8.49,12.95,10.34,3.61,41.78,3.61,0,16.99
313,"ours2.s2",0,0,0.14,0.74,0.45,1.34,0.45,0,0.68
313,"ours2.total",6.38,8.5,13.09,11.08,4.06,43.12,4.06,5.81,17.68
313,"ours3.s1",6.22,8.32,12.88,10.51,3.84,41.77,3.84,0,16.99
313,"ours3.s2",0,0,0,0,0,0,0,0,0
313,"ours3.total",6.22,8.32,12.88,10.51,3.84,41.77,3.84,5.8,16.99
313,"titeet",4.2,5.6,10.7,7,2.4,29.9,2.4,4.2,15.44
313,"tite12",3.7,4.3,7.7,6.8,4.1,26.6,4.1,4.2,14.64
313,"bfet",4.95,6.83,11.79,10.2,3.93,37.7,3.93,5.34,14.9
327,"ours0.s1",12.62,14.44,10.59,3.65,0.6,41.9,4.26,0,26.88
327,"ours0.s2",0,0.01,0.14,0.2,0.05,0.41,0.25,0,0.28
327,"ours0.total",12.62,14.45,10.73,3.86,0.65,42.31,4.51,6.93,27.16
327,"bf.s1",11.96,14.82,10.93,3.91,0.64,42.27,4.55,0,26.97
327,"bf.s2",0,0,0,0,0,0,0,0,0
327,"bf.total",11.96,14.82,10.93,3.91,0.64,42.27,4.55,7.13,26.97
327,"ours1.s1",12.5,14.26,10.62,3.91,0.74,42.03,4.65,0,21.49
327,"ours1.s2",0,0.02,0.2,0.26,0.07,0.54,0.33,0,0.37
327,"ours1.total",12.5,14.28,10.82,4.16,0.81,42.57,4.97,7.09,21.86
327,"ours2.s1",12.48,14.27,10.68,3.88,0.69,42,4.57,0,21.93
327,"ours2.s2",0,0.02,0.23,0.21,0.06,0.51,0.27,0,0.34
327,"ours2.total",12.48,14.28,10.91,4.1,0.75,42.51,4.84,7.03,22.27
327,"ours3.s1",12.51,14.16,10.71,4.01,0.75,42.13,4.76,0,21.9
327,"ours3.s2",0,0,0,0,0,0,0,0,0
327,"ours3.total",12.51,14.16,10.71,4.01,0.75,42.13,4.76,7.08,21.9
327,"titeet",12.2,10.3,5.3,1.8,0.4,30,2.2,4.2,18.25
327,"tite12",6.7,6.3,5.2,3.8,1.9,23.9,5.7,4.7,17.15
327,"bfet",11.48,13.5,9.56,3.67,0.8,39.02,4.47,6.11,17.5
334,"ours0.s1",5.79,7.53,9.11,11.92,8.61,42.97,-1,0,27.96
334,"ours0.s2",0,0,0.02,0.4,0.78,1.21,-1,0,0.91
334,"ours0.total",5.79,7.53,9.13,12.33,9.39,44.18,-1,4.1,28.86
334,"bf.s1",4.63,7.23,9.72,12.13,8.46,42.17,-1,0,27.91
334,"bf.s2",0,0,0,0,0,0,-1,0,0
334,"bf.total",4.63,7.23,9.72,12.13,8.46,42.17,-1,4.16,27.91
334,"ours1.s1",5.87,7.55,8.91,11.28,8.63,42.24,-1,0,17.79
334,"ours1.s2",0,0.02,0.18,0.67,0.96,1.84,-1,0,1.37
334,"ours1.total",5.88,7.57,9.09,11.96,9.59,44.08,-1,4.06,19.16
334,"ours2.s1",5.91,7.51,8.95,11.26,8.61,42.23,-1,0,17.95
334,"ours2.s2",0,0.02,0.12,0.68,0.99,1.81,-1,0,1.31
334,"ours2.total",5.91,7.53,9.07,11.94,9.61,44.04,-1,4.1,19.26
334,"ours3.s1",5.88,7.52,8.98,11.32,8.67,42.36,-1,0,17.95
334,"ours3.s2",0,0,0,0,0,0,-1,0,0
334,"ours3.total",5.88,7.52,8.98,11.32,8.67,42.36,-1,4.07,17.95
334,"titeet",3.5,4.3,5.4,9.9,6.8,29.9,-1,3.1,22.14
334,"tite12",3.5,4.1,5,8.4,6.1,27.1,-1,2.8,19.91
334,"bfet",4.3,5.74,7.08,9.52,9.25,35.89,-1,3.65,11.8
273,"ours0.s1",6.25,8.33,12.14,9.9,3.66,40.28,3.66,0,12.59
273,"ours0.s2",0,0.01,0.22,0.68,0.32,1.22,0.32,0,0.44
273,"ours0.total",6.25,8.33,12.36,10.58,3.98,41.5,3.98,5.58,13.03
273,"bf.s1",5.08,8.04,12.27,10.22,3.63,39.24,3.63,0,12.59
273,"bf.s2",0,0,0,0,0,0,0,0,0
273,"bf.total",5.08,8.04,12.27,10.22,3.63,39.24,3.63,5.6,12.59
273,"ours1.s1",6.09,7.91,11.78,9.48,3.86,39.13,3.86,0,10.09
273,"ours1.s2",0.03,0.13,0.5,0.96,0.41,2.03,0.41,0,0.74
273,"ours1.total",6.12,8.04,12.29,10.44,4.27,41.16,4.27,5.49,10.83
273,"ours2.s1",6.17,8.06,11.85,9.53,3.87,39.48,3.87,0,10.29
273,"ours2.s2",0.02,0.1,0.4,0.93,0.41,1.85,0.41,0,0.66
273,"ours2.total",6.18,8.16,12.25,10.46,4.27,41.33,4.27,5.49,10.94
273,"ours3.s1",6.1,7.99,11.8,9.52,3.88,39.29,3.88,0,10.28
273,"ours3.s2",0,0,0,0,0,0,0,0,0
273,"ours3.total",6.1,7.99,11.8,9.52,3.88,39.29,3.88,5.47,10.28
273,"titeet",4,5.3,11,7.1,2.6,30,2.6,4.2,9.52
273,"tite12",3.6,4.3,7.7,6.7,4.1,26.4,4.1,4.3,8.67
273,"bfet",4.53,6.21,10.63,9.66,4.55,35.57,4.55,5.31,9.3
354,"ours0.s1",5.87,7.55,9.39,13,8.49,44.3,-1,0,29.83
354,"ours0.s2",0,0,0.02,0.3,0.82,1.14,-1,0,0.85
354,"ours0.total",5.87,7.55,9.41,13.3,9.31,45.44,-1,4.26,30.69
354,"bf.s1",4.66,7.34,10.04,13.38,8.51,43.92,-1,0,29.86
354,"bf.s2",0,0,0,0,0,0,-1,0,0
354,"bf.total",4.66,7.34,10.04,13.38,8.51,43.92,-1,4.31,29.86
354,"ours1.s1",5.88,7.68,9.36,12.48,8.73,44.13,-1,0,24.47
354,"ours1.s2",0,0,0.02,0.41,0.99,1.41,-1,0,0.94
354,"ours1.total",5.88,7.68,9.38,12.89,9.71,45.54,-1,4.25,25.41
354,"ours2.s1",5.88,7.65,9.4,12.58,8.7,44.2,-1,0,24.9
354,"ours2.s2",0,0,0.01,0.4,0.95,1.36,-1,0,0.92
354,"ours2.total",5.88,7.65,9.41,12.98,9.64,45.56,-1,4.24,25.82
354,"ours3.s1",5.83,7.61,9.37,12.64,8.83,44.27,-1,0,24.97
354,"ours3.s2",0,0,0,0,0,0,-1,0,0
354,"ours3.total",5.83,7.61,9.37,12.64,8.83,44.27,-1,4.26,24.97
354,"titeet",3.7,4.7,5.9,9.7,6,30,-1,2.9,22.95
354,"tite12",3.5,4.1,4.9,8.6,6,27.1,-1,2.8,21.51
354,"bfet",4.64,6.39,8.39,11.8,8.44,39.66,-1,3.8,22.2
288,"ours0.s1",12.13,12.63,10.98,6.41,2,44.15,2,0,19.97
288,"ours0.s2",0,0.02,0.16,0.37,0.17,0.72,0.17,0,0.37
288,"ours0.total",12.13,12.65,11.14,6.78,2.17,44.87,2.17,6.79,20.34
288,"bf.s1",11.46,13.04,11.49,6.78,2.07,44.84,2.07,0,20
288,"bf.s2",0,0,0,0,0,0,0,0,0
288,"bf.total",11.46,13.04,11.49,6.78,2.07,44.84,2.07,6.92,20
288,"ours1.s1",12.13,12.42,10.94,6.53,2.22,44.24,2.22,0,16.03
288,"ours1.s2",0,0.01,0.2,0.47,0.21,0.89,0.21,0,0.44
288,"ours1.total",12.13,12.43,11.14,7,2.43,45.13,2.43,6.82,16.47
288,"ours2.s1",12.1,12.39,10.93,6.48,2.15,44.05,2.15,0,16.31
288,"ours2.s2",0,0.01,0.22,0.47,0.21,0.91,0.21,0,0.45
288,"ours2.total",12.1,12.4,11.14,6.95,2.36,44.96,2.36,6.77,16.76
288,"ours3.s1",12.01,12.56,11.06,6.57,2.29,44.49,2.29,0,16.41
288,"ours3.s2",0,0,0,0,0,0,0,0,0
288,"ours3.total",12.01,12.56,11.06,6.57,2.29,44.49,2.29,6.87,16.41
288,"titeet",12.7,9.1,5.3,2.2,0.6,29.9,0.6,3.9,13.2
288,"tite12",6.3,6,5.2,4.1,2.2,23.8,2.2,3.9,12.29
288,"bfet",11.06,11.78,9.77,6.22,2.43,41.26,2.43,6.06,13.2
324,"ours0.s1",5.95,7.63,9.31,13.04,8.57,44.5,-1,0,29.81
324,"ours0.s2",0,0,0.02,0.32,0.77,1.1,-1,0,0.82
324,"ours0.total",5.95,7.63,9.33,13.36,9.34,45.6,-1,4.29,30.62
324,"bf.s1",4.66,7.34,10.04,13.38,8.51,43.92,-1,0,29.83
324,"bf.s2",0,0,0,0,0,0,-1,0,0
324,"bf.total",4.66,7.34,10.04,13.38,8.51,43.92,-1,4.32,29.83
324,"ours1.s1",5.86,7.65,9.37,12.54,8.82,44.24,-1,0,24.58
324,"ours1.s2",0,0,0.01,0.4,0.94,1.36,-1,0,0.92
324,"ours1.total",5.86,7.65,9.38,12.94,9.77,45.6,-1,4.26,25.5
324,"ours2.s1",5.82,7.6,9.3,12.57,8.79,44.07,-1,0,24.94
324,"ours2.s2",0,0,0.02,0.38,0.94,1.34,-1,0,0.91
324,"ours2.total",5.82,7.6,9.32,12.95,9.73,45.42,-1,4.26,25.86
324,"ours3.s1",5.81,7.59,9.37,12.65,8.83,44.26,-1,0,24.99
324,"ours3.s2",0,0,0,0,0,0,-1,0,0
324,"ours3.total",5.81,7.59,9.37,12.65,8.83,44.26,-1,4.28,24.99
324,"titeet",3.7,4.7,6,9.7,5.8,29.9,-1,2.9,22.75
324,"tite12",3.5,4.1,4.9,8.5,6.1,27.1,-1,2.7,21.24
324,"bfet",4.64,6.28,8.24,11.76,8.47,39.38,-1,3.8,22.2
283,"ours0.s1",6.31,8.46,13.15,10.64,3.45,42.02,3.45,0,20.72
283,"ours0.s2",0,0,0.14,0.59,0.31,1.04,0.31,0,0.57
283,"ours0.total",6.31,8.46,13.29,11.24,3.76,43.05,3.76,5.84,21.29
283,"bf.s1",5.12,8.17,13.18,10.92,3.49,40.88,3.49,0,20.65
283,"bf.s2",0,0,0,0,0,0,0,0,0
283,"bf.total",5.12,8.17,13.18,10.92,3.49,40.88,3.49,5.82,20.65
283,"ours1.s1",6.26,8.33,12.95,10.5,3.83,41.88,3.83,0,16.72
283,"ours1.s2",0,0,0.14,0.69,0.4,1.23,0.4,0,0.63
283,"ours1.total",6.26,8.33,13.09,11.19,4.23,43.11,4.23,5.89,17.35
283,"ours2.s1",6.27,8.46,13,10.51,3.72,41.95,3.72,0,17.06
283,"ours2.s2",0,0,0.14,0.73,0.46,1.33,0.46,0,0.67
283,"ours2.total",6.27,8.46,13.13,11.24,4.18,43.28,4.18,5.89,17.73
283,"ours3.s1",6.2,8.3,12.91,10.57,3.83,41.8,3.83,0,16.98
283,"ours3.s2",0,0,0,0,0,0,0,0,0
283,"ours3.total",6.2,8.3,12.91,10.57,3.83,41.8,3.83,5.82,16.98
283,"titeet",4.2,5.6,10.9,6.9,2.4,30,2.4,4,15.21
283,"tite12",3.6,4.3,7.8,6.8,4,26.5,4,4.2,14.14
283,"bfet",4.94,6.79,11.8,10.25,3.89,37.68,3.89,5.36,14.8
318,"ours0.s1",12.12,12.61,10.93,6.26,1.96,43.89,1.96,0,19.92
318,"ours0.s2",0,0.01,0.17,0.34,0.16,0.69,0.16,0,0.37
318,"ours0.total",12.12,12.63,11.11,6.6,2.13,44.57,2.13,6.76,20.29
318,"bf.s1",11.46,13.04,11.49,6.78,2.07,44.84,2.07,0,20.03
318,"bf.s2",0,0,0,0,0,0,0,0,0
318,"bf.total",11.46,13.04,11.49,6.78,2.07,44.84,2.07,6.92,20.03
318,"ours1.s1",12.09,12.4,10.86,6.48,2.21,44.04,2.21,0,16.04
318,"ours1.s2",0,0.02,0.18,0.46,0.22,0.87,0.22,0,0.43
318,"ours1.total",12.09,12.42,11.04,6.93,2.42,44.92,2.42,6.82,16.47
318,"ours2.s1",12.07,12.4,11,6.52,2.18,44.18,2.18,0,16.33
318,"ours2.s2",0,0.01,0.23,0.49,0.2,0.93,0.2,0,0.45
318,"ours2.total",12.07,12.41,11.23,7.01,2.38,45.11,2.38,6.79,16.79
318,"ours3.s1",12.01,12.52,11.05,6.62,2.3,44.49,2.3,0,16.42
318,"ours3.s2",0,0,0,0,0,0,0,0,0
318,"ours3.total",12.01,12.52,11.05,6.62,2.3,44.49,2.3,6.85,16.42
318,"titeet",12.3,9.4,5.4,2.3,0.6,30,0.6,3.9,13.48
318,"tite12",6.3,6,5.1,4.2,2.3,23.9,2.3,4,12.83
318,"bfet",11.05,11.75,9.74,6.15,2.42,41.11,2.42,6.03,13.2
348,"ours0.s1",12.08,12.53,10.95,6.32,1.94,43.82,1.94,0,25.87
348,"ours0.s2",0,0.01,0.16,0.37,0.13,0.67,0.13,0,0.46
348,"ours0.total",12.08,12.54,11.11,6.69,2.07,44.48,2.07,6.76,26.33
348,"bf.s1",11.47,13.02,11.47,6.87,2.1,44.93,2.1,0,26.13
348,"bf.s2",0,0,0,0,0,0,0,0,0
348,"bf.total",11.47,13.02,11.47,6.87,2.1,44.93,2.1,6.92,26.13
348,"ours1.s1",12.05,12.34,10.88,6.41,2.2,43.89,2.2,0,17.6
348,"ours1.s2",0,0.01,0.22,0.47,0.21,0.92,0.21,0,0.61
348,"ours1.total",12.06,12.35,11.1,6.88,2.41,44.8,2.41,6.79,18.21
348,"ours2.s1",12.09,12.37,10.92,6.45,2.22,44.05,2.22,0,17.89
348,"ours2.s2",0,0.01,0.23,0.5,0.22,0.97,0.22,0,0.62
348,"ours2.total",12.1,12.39,11.15,6.95,2.44,45.02,2.44,6.79,18.51
348,"ours3.s1",12,12.56,11.04,6.57,2.27,44.45,2.27,0,18.08
348,"ours3.s2",0,0,0,0,0,0,0,0,0
348,"ours3.total",12,12.56,11.04,6.57,2.27,44.45,2.27,6.84,18.08
348,"titeet",12.5,9.2,5.2,2.3,0.7,29.9,0.7,3.9,17.45
348,"tite12",6.4,6.1,5.1,4.2,2.3,24.1,2.3,4,16.53
348,"bfet",10.93,11.62,9.6,6.05,2.34,40.54,2.34,5.94,14.1
279,"ours0.s1",8.43,12.23,12.07,7.65,2.81,43.18,2.81,0,12.41
279,"ours0.s2",0,0.01,0.14,0.41,0.22,0.77,0.22,0,0.28
279,"ours0.total",8.43,12.24,12.21,8.06,3.03,43.96,3.03,5.91,12.68
279,"bf.s1",7.26,12.2,12.43,7.83,2.75,42.48,2.75,0,12.34
279,"bf.s2",0,0,0,0,0,0,0,0,0
279,"bf.total",7.26,12.2,12.43,7.83,2.75,42.48,2.75,5.98,12.34
279,"ours1.s1",8.17,11.69,11.42,7.43,2.94,41.64,2.94,0,9.94
279,"ours1.s2",0.1,0.23,0.4,0.64,0.27,1.64,0.27,0,0.6
279,"ours1.total",8.27,11.92,11.82,8.07,3.21,43.28,3.21,5.82,10.54
279,"ours2.s1",8.15,11.78,11.59,7.42,3.03,41.98,3.03,0,10.16
279,"ours2.s2",0.06,0.17,0.36,0.65,0.29,1.53,0.29,0,0.55
279,"ours2.total",8.21,11.95,11.95,8.08,3.32,43.51,3.32,5.84,10.71
279,"ours3.s1",8.17,11.77,11.45,7.36,3.08,41.82,3.08,0,10.12
279,"ours3.s2",0,0,0,0,0,0,0,0,0
279,"ours3.total",8.17,11.77,11.45,7.36,3.08,41.82,3.08,5.83,10.12
279,"titeet",4.5,10.9,8.7,4.4,1.5,30,1.5,3.9,9.16
279,"tite12",4.1,6.7,6.3,5.2,3.2,25.5,3.2,4,8.2
279,"bfet",6.21,10.51,11.09,7.36,3.46,38.64,3.46,5.6,9
343,"ours0.s1",6.23,8.34,12.98,10.63,3.5,41.68,3.5,0,27.47
343,"ours0.s2",0,0,0.13,0.54,0.31,0.99,0.31,0,0.74
343,"ours0.total",6.23,8.34,13.11,11.17,3.81,42.67,3.81,5.81,28.22
343,"bf.s1",5.11,8.21,13.18,10.89,3.43,40.82,3.43,0,27.53
343,"bf.s2",0,0,0,0,0,0,0,0,0
343,"bf.total",5.11,8.21,13.18,10.89,3.43,40.82,3.43,5.82,27.53
343,"ours1.s1",6.45,8.5,12.99,10.47,3.76,42.18,3.76,0,19.36
343,"ours1.s2",0,0,0.16,0.74,0.43,1.34,0.43,0,0.9
343,"ours1.total",6.45,8.51,13.15,11.21,4.19,43.51,4.19,5.87,20.26
343,"ours2.s1",6.44,8.55,12.9,10.45,3.72,42.06,3.72,0,19.64
343,"ours2.s2",0,0,0.15,0.69,0.44,1.28,0.44,0,0.85
343,"ours2.total",6.44,8.55,13.05,11.13,4.16,43.34,4.16,5.86,20.49
343,"ours3.s1",6.3,8.37,12.89,10.58,3.8,41.94,3.8,0,19.69
343,"ours3.s2",0,0,0,0,0,0,0,0,0
343,"ours3.total",6.3,8.37,12.89,10.58,3.8,41.94,3.8,5.82,19.69
343,"titeet",4.2,5.6,10.6,7,2.4,29.8,2.4,4,20.77
343,"tite12",3.8,4.5,7.6,6.7,4.1,26.7,4.1,4.3,19.57
343,"bfet",4.98,6.82,11.55,10.04,3.89,37.27,3.89,5.26,15.8
289,"ours0.s1",8.52,12.8,13,8.14,2.63,45.08,2.63,0,20.42
289,"ours0.s2",0,0,0.1,0.35,0.22,0.67,0.22,0,0.35
289,"ours0.total",8.52,12.8,13.09,8.49,2.85,45.75,2.85,6.24,20.77
289,"bf.s1",7.35,12.77,13.34,8.35,2.59,44.4,2.59,0,20.31
289,"bf.s2",0,0,0,0,0,0,0,0,0
289,"bf.total",7.35,12.77,13.34,8.35,2.59,44.4,2.59,6.26,20.31
289,"ours1.s1",8.52,12.7,12.99,8.11,2.76,45.07,2.76,0,16.41
289,"ours1.s2",0,0,0.12,0.51,0.25,0.89,0.25,0,0.44
289,"ours1.total",8.52,12.7,13.11,8.62,3.01,45.96,3.01,6.27,16.85
289,"ours2.s1",8.5,12.64,12.85,8.06,2.75,44.81,2.75,0,16.68
289,"ours2.s2",0,0.01,0.13,0.5,0.32,0.96,0.32,0,0.47
289,"ours2.total",8.5,12.65,12.98,8.56,3.07,45.77,3.07,6.21,17.15
289,"ours3.s1",8.47,12.63,12.9,8.13,2.82,44.94,2.82,0,16.69
289,"ours3.s2",0,0,0,0,0,0,0,0,0
289,"ours3.total",8.47,12.63,12.9,8.13,2.82,44.94,2.82,6.23,16.69
289,"titeet",4.7,11.6,8.5,4,1.3,30.1,1.3,3.8,14.39
289,"tite12",4,6.7,6.2,5.4,3.1,25.4,3.1,4.1,13.43
289,"bfet",6.96,11.84,12.35,7.84,2.93,41.92,2.93,5.76,14.2
333,"ours0.s1",6.24,8.38,12.35,9.93,3.58,40.48,3.58,0,26.52
333,"ours0.s2",0,0,0.16,0.63,0.33,1.12,0.33,0,0.85
333,"ours0.total",6.24,8.38,12.51,10.56,3.91,41.6,3.91,5.6,27.37
333,"bf.s1",5.09,8.08,12.38,10.22,3.55,39.32,3.55,0,26.5
333,"bf.s2",0,0,0,0,0,0,0,0,0
333,"bf.total",5.09,8.08,12.38,10.22,3.55,39.32,3.55,5.59,26.5
333,"ours1.s1",6.28,8.27,12.06,9.81,3.78,40.21,3.78,0,16.35
333,"ours1.s2",0.01,0.06,0.31,0.87,0.43,1.67,0.43,0,1.22
333,"ours1.total",6.29,8.33,12.37,10.67,4.21,41.88,4.21,5.61,17.57
333,"ours2.s1",6.25,8.31,12.08,9.7,3.7,40.04,3.7,0,16.5
333,"ours2.s2",0,0.03,0.31,0.85,0.44,1.64,0.44,0,1.2
333,"ours2.total",6.26,8.35,12.4,10.55,4.13,41.68,4.13,5.57,17.7
333,"ours3.s1",6.24,8.2,12,9.88,3.81,40.12,3.81,0,16.53
333,"ours3.s2",0,0,0,0,0,0,0,0,0
333,"ours3.total",6.24,8.2,12,9.88,3.81,40.12,3.81,5.56,16.53
333,"titeet",4,5.3,10.7,7.2,2.8,30,2.8,4.3,20.54
333,"tite12",3.8,4.4,7.6,6.8,4.1,26.7,4.1,4.3,18.99
333,"bfet",4.6,6.28,10.24,9.29,4.65,35.06,4.65,5.23,11.4
353,"ours0.s1",6.3,8.41,13.57,11.1,3.48,42.87,3.48,0,29
353,"ours0.s2",0,0,0.11,0.59,0.31,1.01,0.31,0,0.73
353,"ours0.total",6.3,8.42,13.67,11.69,3.8,43.88,3.8,5.95,29.73
353,"bf.s1",5.13,8.26,13.63,11.39,3.43,41.84,3.43,0,28.91
353,"bf.s2",0,0,0,0,0,0,0,0,0
353,"bf.total",5.13,8.26,13.63,11.39,3.43,41.84,3.43,5.97,28.91
353,"ours1.s1",6.37,8.59,13.32,10.7,3.7,42.68,3.7,0,23.45
353,"ours1.s2",0,0,0.13,0.7,0.43,1.25,0.43,0,0.85
353,"ours1.total",6.37,8.59,13.44,11.39,4.13,43.93,4.13,5.93,24.3
353,"ours2.s1",6.27,8.48,13.46,10.82,3.61,42.65,3.61,0,23.92
353,"ours2.s2",0,0,0.11,0.7,0.44,1.25,0.44,0,0.84
353,"ours2.total",6.27,8.48,13.57,11.52,4.05,43.9,4.05,5.97,24.75
353,"ours3.s1",6.24,8.39,13.26,10.98,3.84,42.71,3.84,0,23.83
353,"ours3.s2",0,0,0,0,0,0,0,0,0
353,"ours3.total",6.24,8.39,13.26,10.98,3.84,42.71,3.84,5.95,23.83
353,"titeet",4.4,5.9,10.9,6.7,2,29.9,2,3.9,21.39
353,"tite12",3.8,4.5,7.7,6.7,4,26.7,4,4.3,20.64
353,"bfet",5.1,6.92,12.12,10.25,3.56,37.95,3.56,5.21,20.7
290,"ours0.s1",9.03,12.31,11.93,8.79,4.38,46.45,-1,0,20.78
290,"ours0.s2",0,0.01,0.14,0.47,0.44,1.06,-1,0,0.53
290,"ours0.total",9.03,12.32,12.08,9.27,4.82,47.52,-1,5.88,21.31
290,"bf.s1",7.91,12.36,12.36,9.34,4.41,46.39,-1,0,20.88
290,"bf.s2",0,0,0,0,0,0,-1,0,0
290,"bf.total",7.91,12.36,12.36,9.34,4.41,46.39,-1,6,20.88
290,"ours1.s1",8.9,12.28,11.83,8.74,4.46,46.22,-1,0,16.84
290,"ours1.s2",0,0.01,0.16,0.63,0.56,1.36,-1,0,0.65
290,"ours1.total",8.9,12.29,12,9.37,5.02,47.58,-1,5.9,17.49
290,"ours2.s1",9.02,12.31,11.73,8.69,4.5,46.25,-1,0,17.14
290,"ours2.s2",0,0.01,0.2,0.64,0.53,1.37,-1,0,0.66
290,"ours2.total",9.03,12.32,11.93,9.32,5.03,47.62,-1,5.88,17.79
290,"ours3.s1",8.92,12.3,11.83,8.76,4.62,46.43,-1,0,17.18
290,"ours3.s2",0,0,0,0,0,0,-1,0,0
290,"ours3.total",8.92,12.3,11.83,8.76,4.62,46.43,-1,5.9,17.18
290,"titeet",5.5,11.6,7.4,3.8,1.6,29.9,-1,3.4,14.37
290,"tite12",3.9,6.4,6,5.4,3.6,25.3,-1,3.5,13.64
290,"bfet",7.4,11.28,11.03,8.14,4.43,42.28,-1,5.25,14.2
323,"ours0.s1",6.31,8.48,13.51,11.11,3.6,43.02,3.6,0,28.91
323,"ours0.s2",0,0,0.12,0.54,0.3,0.97,0.3,0,0.71
323,"ours0.total",6.31,8.49,13.63,11.65,3.91,43.98,3.91,5.94,29.62
323,"bf.s1",5.13,8.26,13.63,11.39,3.43,41.84,3.43,0,28.87
323,"bf.s2",0,0,0,0,0,0,0,0,0
323,"bf.total",5.13,8.26,13.63,11.39,3.43,41.84,3.43,5.97,28.87
323,"ours1.s1",6.32,8.55,13.36,10.87,3.7,42.8,3.7,0,23.45
323,"ours1.s2",0,0,0.12,0.73,0.42,1.27,0.42,0,0.86
323,"ours1.total",6.32,8.55,13.49,11.59,4.12,44.07,4.12,6.02,24.31
323,"ours2.s1",6.25,8.56,13.35,10.73,3.72,42.62,3.72,0,23.83
323,"ours2.s2",0,0,0.11,0.65,0.37,1.14,0.37,0,0.77
323,"ours2.total",6.25,8.56,13.47,11.38,4.09,43.76,4.09,5.98,24.6
323,"ours3.s1",6.22,8.38,13.29,10.99,3.82,42.71,3.82,0,23.84
323,"ours3.s2",0,0,0,0,0,0,0,0,0
323,"ours3.total",6.22,8.38,13.29,10.99,3.82,42.71,3.82,5.95,23.84
323,"titeet",4.4,5.9,10.9,6.6,2,29.8,2,3.9,21.09
323,"tite12",3.7,4.4,7.7,6.8,4.1,26.7,4.1,4.3,20.2
323,"bfet",5.09,6.84,12.1,10.27,3.56,37.86,3.56,5.23,20.7
349,"ours0.s1",8.53,12.78,12.82,8.03,2.57,44.73,2.57,0,26.84
349,"ours0.s2",0,0,0.12,0.39,0.22,0.73,0.22,0,0.49
349,"ours0.total",8.53,12.78,12.94,8.42,2.79,45.46,2.79,6.16,27.33
349,"bf.s1",7.34,12.77,13.35,8.26,2.55,44.28,2.55,0,26.84
349,"bf.s2",0,0,0,0,0,0,0,0,0
349,"bf.total",7.34,12.77,13.35,8.26,2.55,44.28,2.55,6.24,26.84
349,"ours1.s1",8.65,12.62,12.82,8.15,2.77,45.01,2.77,0,18.54
349,"ours1.s2",0,0.02,0.13,0.5,0.29,0.92,0.29,0,0.62
349,"ours1.total",8.65,12.63,12.95,8.64,3.06,45.94,3.06,6.21,19.16
349,"ours2.s1",8.62,12.58,12.89,8.14,2.75,44.97,2.75,0,18.84
349,"ours2.s2",0,0.01,0.13,0.51,0.32,0.97,0.32,0,0.63
349,"ours2.total",8.62,12.59,13.02,8.65,3.07,45.95,3.07,6.21,19.47
349,"ours3.s1",8.55,12.63,12.87,8.13,2.78,44.96,2.78,0,18.81
349,"ours3.s2",0,0,0,0,0,0,0,0,0
349,"ours3.total",8.55,12.63,12.87,8.13,2.78,44.96,2.78,6.22,18.81
349,"titeet",4.7,11.2,8.5,4.2,1.4,30,1.4,3.8,19.4
349,"tite12",4.2,6.8,6.3,5.2,3.1,25.6,3.1,4,18.17
349,"bfet",6.92,11.61,12.07,7.7,2.92,41.22,2.92,5.63,15.1
320,"ours0.s1",8.99,12.36,11.84,8.85,4.4,46.45,-1,0,20.82
320,"ours0.s2",0,0.01,0.13,0.49,0.42,1.05,-1,0,0.54
320,"ours0.total",8.99,12.37,11.98,9.34,4.82,47.49,-1,5.9,21.36
320,"bf.s1",7.91,12.36,12.36,9.34,4.41,46.39,-1,0,20.91
320,"bf.s2",0,0,0,0,0,0,-1,0,0
320,"bf.total",7.91,12.36,12.36,9.34,4.41,46.39,-1,6,20.91
320,"ours1.s1",8.98,12.16,11.8,8.79,4.54,46.26,-1,0,16.86
320,"ours1.s2",0,0.01,0.18,0.67,0.54,1.4,-1,0,0.66
320,"ours1.total",8.98,12.16,11.98,9.45,5.08,47.66,-1,5.92,17.53
320,"ours2.s1",8.92,12.23,11.87,8.8,4.52,46.34,-1,0,17.14
320,"ours2.s2",0,0.01,0.17,0.66,0.56,1.4,-1,0,0.68
320,"ours2.total",8.92,12.24,12.04,9.46,5.08,47.74,-1,5.88,17.83
320,"ours3.s1",8.93,12.3,11.82,8.82,4.6,46.48,-1,0,17.18
320,"ours3.s2",0,0,0,0,0,0,-1,0,0
320,"ours3.total",8.93,12.3,11.82,8.82,4.6,46.48,-1,5.94,17.18
320,"titeet",5.5,11.6,7.4,3.8,1.7,30,-1,3.4,14.56
320,"tite12",3.9,6.4,6,5.4,3.8,25.5,-1,3.6,13.94
320,"bfet",7.39,11.3,11.01,8.1,4.41,42.21,-1,5.25,14.3
294,"ours0.s1",5.91,7.64,9.32,13.06,8.54,44.47,-1,0,29.82
294,"ours0.s2",0,0,0.02,0.33,0.81,1.16,-1,0,0.85
294,"ours0.total",5.91,7.64,9.34,13.39,9.35,45.62,-1,4.29,30.67
294,"bf.s1",4.66,7.34,10.04,13.38,8.51,43.92,-1,0,29.83
294,"bf.s2",0,0,0,0,0,0,-1,0,0
294,"bf.total",4.66,7.34,10.04,13.38,8.51,43.92,-1,4.32,29.83
294,"ours1.s1",5.88,7.68,9.32,12.6,8.8,44.26,-1,0,24.53
294,"ours1.s2",0,0,0.02,0.39,0.99,1.4,-1,0,0.96
294,"ours1.total",5.88,7.68,9.34,12.99,9.79,45.66,-1,4.25,25.49
294,"ours2.s1",5.86,7.72,9.32,12.5,8.72,44.12,-1,0,24.94
294,"ours2.s2",0,0,0.01,0.42,0.99,1.42,-1,0,0.95
294,"ours2.total",5.86,7.72,9.33,12.92,9.72,45.54,-1,4.24,25.89
294,"ours3.s1",5.81,7.61,9.38,12.66,8.83,44.3,-1,0,25
294,"ours3.s2",0,0,0,0,0,0,-1,0,0
294,"ours3.total",5.81,7.61,9.38,12.66,8.83,44.3,-1,4.28,25
294,"titeet",3.7,4.8,5.9,9.5,6,29.9,-1,3,22.75
294,"tite12",3.4,4,4.9,8.7,6,27,-1,2.8,20.98
294,"bfet",4.64,6.27,8.23,11.81,8.49,39.45,-1,3.81,22.2
293,"ours0.s1",6.34,8.52,13.49,10.97,3.5,42.83,3.5,0,28.92
293,"ours0.s2",0,0,0.11,0.56,0.32,0.98,0.32,0,0.73
293,"ours0.total",6.34,8.52,13.6,11.53,3.82,43.82,3.82,5.96,29.64
293,"bf.s1",5.13,8.26,13.63,11.39,3.43,41.84,3.43,0,28.87
293,"bf.s2",0,0,0,0,0,0,0,0,0
293,"bf.total",5.13,8.26,13.63,11.39,3.43,41.84,3.43,5.97,28.87
293,"ours1.s1",6.28,8.53,13.5,10.86,3.61,42.77,3.61,0,23.46
293,"ours1.s2",0,0,0.1,0.68,0.46,1.24,0.46,0,0.83
293,"ours1.total",6.28,8.53,13.6,11.54,4.08,44.02,4.08,6.01,24.29
293,"ours2.s1",6.3,8.54,13.47,10.83,3.66,42.8,3.66,0,23.84
293,"ours2.s2",0,0,0.11,0.63,0.37,1.11,0.37,0,0.76
293,"ours2.total",6.3,8.54,13.57,11.45,4.04,43.9,4.04,6.03,24.6
293,"ours3.s1",6.23,8.4,13.31,11,3.82,42.76,3.82,0,23.84
293,"ours3.s2",0,0,0,0,0,0,0,0,0
293,"ours3.total",6.23,8.4,13.31,11,3.82,42.76,3.82,5.96,23.84
293,"titeet",4.4,6,11,6.5,2.1,30,2.1,3.9,20.98
293,"tite12",3.6,4.3,7.8,6.8,3.9,26.4,3.9,4.3,19.78
293,"bfet",5.09,6.85,12.14,10.3,3.56,37.94,3.56,5.25,20.7
350,"ours0.s1",8.99,12.38,11.9,8.65,4.24,46.17,-1,0,27.46
350,"ours0.s2",0,0.01,0.15,0.46,0.4,1.01,-1,0,0.71
350,"ours0.total",8.99,12.39,12.05,9.11,4.64,47.18,-1,5.88,28.17
350,"bf.s1",7.91,12.37,12.35,9.25,4.35,46.24,-1,0,27.58
350,"bf.s2",0,0,0,0,0,0,-1,0,0
350,"bf.total",7.91,12.37,12.35,9.25,4.35,46.24,-1,5.99,27.58
350,"ours1.s1",9.19,12.27,11.71,8.57,4.45,46.19,-1,0,18.86
350,"ours1.s2",0,0.01,0.18,0.64,0.53,1.36,-1,0,0.87
350,"ours1.total",9.19,12.28,11.89,9.22,4.98,47.55,-1,5.86,19.73
350,"ours2.s1",9.1,12.25,11.77,8.71,4.51,46.34,-1,0,19.17
350,"ours2.s2",0,0,0.17,0.65,0.59,1.41,-1,0,0.87
350,"ours2.total",9.1,12.25,11.94,9.36,5.1,47.75,-1,5.87,20.05
350,"ours3.s1",8.99,12.26,11.85,8.82,4.6,46.52,-1,0,19.25
350,"ours3.s2",0,0,0,0,0,0,-1,0,0
350,"ours3.total",8.99,12.26,11.85,8.82,4.6,46.52,-1,5.92,19.25
350,"titeet",5.6,11.2,7.3,4,1.8,29.9,-1,3.5,19.29
350,"tite12",3.9,6.5,6,5.3,3.6,25.3,-1,3.5,18.16
350,"bfet",7.3,11.11,10.86,8.02,4.39,41.67,-1,5.13,15.2
319,"ours0.s1",8.48,12.81,12.89,8.02,2.57,44.77,2.57,0,20.35
319,"ours0.s2",0,0,0.1,0.37,0.19,0.67,0.19,0,0.34
319,"ours0.total",8.48,12.82,12.99,8.39,2.76,45.44,2.76,6.23,20.69
319,"bf.s1",7.35,12.77,13.34,8.35,2.59,44.4,2.59,0,20.33
319,"bf.s2",0,0,0,0,0,0,0,0,0
319,"bf.total",7.35,12.77,13.34,8.35,2.59,44.4,2.59,6.26,20.33
319,"ours1.s1",8.47,12.64,12.86,8.05,2.82,44.83,2.82,0,16.43
319,"ours1.s2",0,0.01,0.14,0.51,0.26,0.92,0.26,0,0.47
319,"ours1.total",8.47,12.64,13,8.56,3.08,45.75,3.08,6.22,16.89
319,"ours2.s1",8.4,12.67,12.84,8.04,2.83,44.79,2.83,0,16.65
319,"ours2.s2",0,0,0.15,0.57,0.26,0.99,0.26,0,0.48
319,"ours2.total",8.4,12.67,12.99,8.62,3.09,45.77,3.09,6.22,17.14
319,"ours3.s1",8.49,12.61,12.87,8.11,2.83,44.9,2.83,0,16.68
319,"ours3.s2",0,0,0,0,0,0,0,0,0
319,"ours3.total",8.49,12.61,12.87,8.11,2.83,44.9,2.83,6.23,16.68
319,"titeet",4.7,11.1,8.5,4.2,1.4,29.9,1.4,3.8,14.69
319,"tite12",4.1,6.7,6.2,5.3,3.2,25.5,3.2,4.1,13.89
319,"bfet",6.97,11.86,12.29,7.81,2.92,41.84,2.92,5.75,14.2
303,"ours0.s1",6.25,8.32,12.33,10.07,3.71,40.67,3.71,0,19.43
303,"ours0.s2",0,0,0.17,0.62,0.3,1.09,0.3,0,0.63
303,"ours0.total",6.25,8.32,12.5,10.69,4.01,41.77,4.01,5.63,20.05
303,"bf.s1",5.09,8.05,12.39,10.27,3.57,39.37,3.57,0,19.38
303,"bf.s2",0,0,0,0,0,0,0,0,0
303,"bf.total",5.09,8.05,12.39,10.27,3.57,39.37,3.57,5.58,19.38
303,"ours1.s1",6.26,8.17,11.95,9.68,3.9,39.96,3.9,0,12.82
303,"ours1.s2",0.01,0.1,0.39,0.85,0.45,1.8,0.45,0,1
303,"ours1.total",6.28,8.27,12.34,10.54,4.35,41.76,4.35,5.56,13.82
303,"ours2.s1",6.27,8.2,11.96,9.55,3.76,39.75,3.76,0,12.99
303,"ours2.s2",0.01,0.06,0.34,0.89,0.42,1.71,0.42,0,0.94
303,"ours2.total",6.28,8.26,12.3,10.44,4.18,41.46,4.18,5.47,13.94
303,"ours3.s1",6.25,8.18,11.93,9.64,3.89,39.89,3.89,0,13.02
303,"ours3.s2",0,0,0,0,0,0,0,0,0
303,"ours3.total",6.25,8.18,11.93,9.64,3.89,39.89,3.89,5.48,13.02
303,"titeet",4,5.2,10.9,7.2,2.6,29.9,2.6,4.2,14.81
303,"tite12",3.7,4.4,7.6,6.8,4.1,26.6,4.1,4.3,13.7
303,"bfet",4.57,6.22,10.42,9.46,4.61,35.29,4.61,5.27,10.3
280,"ours0.s1",8.86,11.92,11.19,8.29,4.57,44.83,-1,0,12.6
280,"ours0.s2",0,0.01,0.22,0.51,0.45,1.19,-1,0,0.41
280,"ours0.total",8.86,11.93,11.41,8.8,5.01,46.02,-1,5.7,13.01
280,"bf.s1",7.78,11.87,11.67,8.59,4.44,44.36,-1,0,12.6
280,"bf.s2",0,0,0,0,0,0,-1,0,0
280,"bf.total",7.78,11.87,11.67,8.59,4.44,44.36,-1,5.76,12.6
280,"ours1.s1",8.57,11.41,10.47,7.69,4.72,42.86,-1,0,10.18
280,"ours1.s2",0.05,0.22,0.52,0.9,0.55,2.25,-1,0,0.79
280,"ours1.total",8.62,11.63,10.99,8.59,5.28,45.11,-1,5.4,10.96
280,"ours2.s1",8.59,11.55,10.51,7.67,4.6,42.92,-1,0,10.36
280,"ours2.s2",0.03,0.14,0.5,0.89,0.59,2.15,-1,0,0.74
280,"ours2.total",8.63,11.69,11,8.56,5.19,45.07,-1,5.44,11.1
280,"ours3.s1",8.56,11.52,10.6,7.74,4.61,43.03,-1,0,10.35
280,"ours3.s2",0,0,0,0,0,0,-1,0,0
280,"ours3.total",8.56,11.52,10.6,7.74,4.61,43.03,-1,5.49,10.35
280,"titeet",5.2,11.3,7.5,4.2,1.9,30.1,-1,3.6,9.1
280,"tite12",3.9,6.4,5.9,5.3,3.7,25.2,-1,3.5,8.21
280,"bfet",6.62,10.26,9.99,7.36,5.14,39.37,-1,5.08,9.1
309,"ours0.s1",8.56,12.31,12.21,7.74,2.73,43.55,2.73,0,18.95
309,"ours0.s2",0,0.01,0.13,0.41,0.24,0.79,0.24,0,0.42
309,"ours0.total",8.56,12.32,12.34,8.14,2.97,44.34,2.97,5.96,19.37
309,"bf.s1",7.29,12.28,12.63,7.85,2.67,42.71,2.67,0,18.91
309,"bf.s2",0,0,0,0,0,0,0,0,0
309,"bf.total",7.29,12.28,12.63,7.85,2.67,42.71,2.67,6,18.91
309,"ours1.s1",8.35,11.89,11.7,7.4,2.92,42.27,2.92,0,12.16
309,"ours1.s2",0.05,0.15,0.36,0.63,0.24,1.43,0.24,0,0.81
309,"ours1.total",8.4,12.04,12.06,8.02,3.16,43.7,3.16,5.86,12.97
309,"ours2.s1",8.35,11.95,11.8,7.39,2.82,42.31,2.82,0,12.34
309,"ours2.s2",0.04,0.1,0.25,0.6,0.28,1.27,0.28,0,0.71
309,"ours2.total",8.39,12.05,12.05,7.99,3.1,43.58,3.1,5.81,13.05
309,"ours3.s1",8.36,11.88,11.82,7.44,2.88,42.38,2.88,0,12.34
309,"ours3.s2",0,0,0,0,0,0,0,0,0
309,"ours3.total",8.36,11.88,11.82,7.44,2.88,42.38,2.88,5.82,12.34
309,"titeet",4.5,10.7,8.7,4.5,1.5,29.9,1.5,4,13.9
309,"tite12",4.1,6.9,6.2,5.2,3.1,25.5,3.1,4,12.65
309,"bfet",6.16,10.26,10.91,7.36,3.49,38.18,3.49,5.55,10.1
328,"ours0.s1",12.37,12.86,11.25,6.59,1.97,45.04,1.97,0,27.76
328,"ours0.s2",0,0.02,0.17,0.34,0.15,0.68,0.15,0,0.46
328,"ours0.total",12.37,12.88,11.42,6.94,2.12,45.73,2.12,6.88,28.21
328,"bf.s1",11.64,13.33,11.86,6.98,2.03,45.84,2.03,0,27.87
328,"bf.s2",0,0,0,0,0,0,0,0,0
328,"bf.total",11.64,13.33,11.86,6.98,2.03,45.84,2.03,7.07,27.87
328,"ours1.s1",12.2,12.77,11.47,6.66,2.05,45.15,2.05,0,22.55
328,"ours1.s2",0,0.01,0.17,0.55,0.21,0.94,0.21,0,0.59
328,"ours1.total",12.2,12.78,11.64,7.21,2.25,46.09,2.25,6.92,23.14
328,"ours2.s1",12.15,12.78,11.52,6.67,2.06,45.17,2.06,0,22.8
328,"ours2.s2",0,0.01,0.17,0.49,0.22,0.9,0.22,0,0.56
328,"ours2.total",12.15,12.79,11.69,7.16,2.28,46.07,2.28,6.92,23.37
328,"ours3.s1",12.2,12.86,11.36,6.81,2.26,45.49,2.26,0,22.96
328,"ours3.s2",0,0,0,0,0,0,0,0,0
328,"ours3.total",12.2,12.86,11.36,6.81,2.26,45.49,2.26,6.97,22.96
328,"titeet",13.1,9.2,5,2.1,0.6,30,0.6,3.8,18.34
328,"tite12",6.2,6.1,5.1,4.2,2.4,24,2.4,4,17.75
328,"bfet",11.38,12.09,9.99,5.99,2.06,41.5,2.06,6.05,18.3
338,"ours0.s1",11.8,12.09,10.48,6.3,2.07,42.75,2.07,0,24.72
338,"ours0.s2",0,0.01,0.17,0.41,0.16,0.75,0.16,0,0.54
338,"ours0.total",11.8,12.11,10.65,6.72,2.23,43.51,2.23,6.57,25.26
338,"bf.s1",11.16,12.47,10.86,6.4,2.11,43,2.11,0,24.84
338,"bf.s2",0,0,0,0,0,0,0,0,0
338,"bf.total",11.16,12.47,10.86,6.4,2.11,43,2.11,6.63,24.84
338,"ours1.s1",11.73,11.83,9.99,6.05,2.23,41.83,2.23,0,13.85
338,"ours1.s2",0.04,0.07,0.33,0.53,0.21,1.19,0.21,0,0.84
338,"ours1.total",11.77,11.9,10.32,6.58,2.45,43.02,2.45,6.46,14.69
338,"ours2.s1",11.73,11.84,10.12,5.92,2.12,41.72,2.12,0,13.97
338,"ours2.s2",0.03,0.08,0.33,0.53,0.23,1.19,0.23,0,0.85
338,"ours2.total",11.76,11.91,10.46,6.44,2.35,42.91,2.35,6.41,14.82
338,"ours3.s1",11.65,11.88,10.16,6.13,2.34,42.16,2.34,0,14.12
338,"ours3.s2",0,0,0,0,0,0,0,0,0
338,"ours3.total",11.65,11.88,10.16,6.13,2.34,42.16,2.34,6.47,14.12
338,"titeet",11.9,9,5.5,2.6,0.9,29.9,0.9,4.1,17.02
338,"tite12",6.4,6.1,5.1,4.1,2.2,23.9,2.2,3.9,15.57
338,"bfet",9.78,10.18,9.03,6.07,2.89,37.95,2.89,5.98,10.7
339,"ours0.s1",8.46,12.23,12.27,7.8,2.71,43.47,2.71,0,25.81
339,"ours0.s2",0,0,0.1,0.44,0.24,0.8,0.24,0,0.57
339,"ours0.total",8.46,12.24,12.37,8.24,2.95,44.27,2.95,5.95,26.37
339,"bf.s1",7.27,12.26,12.61,7.86,2.63,42.63,2.63,0,25.79
339,"bf.s2",0,0,0,0,0,0,0,0,0
339,"bf.total",7.27,12.26,12.61,7.86,2.63,42.63,2.63,5.99,25.79
339,"ours1.s1",8.46,12.05,11.97,7.49,2.79,42.76,2.79,0,15.05
339,"ours1.s2",0.03,0.07,0.24,0.59,0.25,1.18,0.25,0,0.88
339,"ours1.total",8.48,12.13,12.21,8.08,3.04,43.94,3.04,5.95,15.93
339,"ours2.s1",8.52,12.09,11.97,7.5,2.78,42.86,2.78,0,15.24
339,"ours2.s2",0.02,0.06,0.22,0.57,0.3,1.17,0.3,0,0.85
339,"ours2.total",8.54,12.16,12.19,8.07,3.07,44.03,3.07,5.88,16.09
339,"ours3.s1",8.41,12.06,12,7.5,2.81,42.78,2.81,0,15.26
339,"ours3.s2",0,0,0,0,0,0,0,0,0
339,"ours3.total",8.41,12.06,12,7.5,2.81,42.78,2.81,5.87,15.26
339,"titeet",4.6,10.8,8.5,4.5,1.6,30,1.6,3.9,19.11
339,"tite12",4.1,6.7,6.2,5.3,3.1,25.4,3.1,4,17.5
339,"bfet",6.15,10.06,10.7,7.39,3.64,37.94,3.64,5.55,11.2
329,"ours0.s1",8.57,13.1,13.35,8.31,2.54,45.88,2.54,0,28.39
329,"ours0.s2",0,0,0.1,0.33,0.22,0.65,0.22,0,0.45
329,"ours0.total",8.57,13.11,13.45,8.64,2.76,46.53,2.76,6.32,28.85
329,"bf.s1",7.39,13.1,13.81,8.48,2.52,45.29,2.52,0,28.31
329,"bf.s2",0,0,0,0,0,0,0,0,0
329,"bf.total",7.39,13.1,13.81,8.48,2.52,45.29,2.52,6.39,28.31
329,"ours1.s1",8.63,12.99,13.32,8.3,2.65,45.89,2.65,0,23.04
329,"ours1.s2",0,0,0.12,0.51,0.28,0.92,0.28,0,0.58
329,"ours1.total",8.63,13,13.44,8.81,2.93,46.81,2.93,6.37,23.63
329,"ours2.s1",8.59,12.97,13.24,8.22,2.73,45.75,2.73,0,23.36
329,"ours2.s2",0,0.01,0.11,0.46,0.25,0.82,0.25,0,0.54
329,"ours2.total",8.59,12.97,13.35,8.68,2.98,46.57,2.98,6.35,23.91
329,"ours3.s1",8.52,12.96,13.3,8.35,2.79,45.92,2.79,0,23.31
329,"ours3.s2",0,0,0,0,0,0,0,0,0
329,"ours3.total",8.52,12.96,13.3,8.35,2.79,45.92,2.79,6.36,23.31
329,"titeet",4.9,11.9,8.3,3.8,1.1,30,1.1,3.6,19.97
329,"tite12",4.1,6.8,6.2,5.3,3.2,25.6,3.2,4,19.13
329,"bfet",7.16,12.21,12.58,7.63,2.66,42.24,2.66,5.63,19.7
298,"ours0.s1",12.39,12.83,11.26,6.63,2,45.11,2,0,27.81
298,"ours0.s2",0,0.01,0.17,0.34,0.16,0.69,0.16,0,0.46
298,"ours0.total",12.39,12.85,11.44,6.97,2.16,45.8,2.16,6.89,28.27
298,"bf.s1",11.64,13.33,11.86,6.98,2.03,45.84,2.03,0,27.87
298,"bf.s2",0,0,0,0,0,0,0,0,0
298,"bf.total",11.64,13.33,11.86,6.98,2.03,45.84,2.03,7.07,27.87
298,"ours1.s1",12.18,12.78,11.51,6.63,2.03,45.13,2.03,0,22.5
298,"ours1.s2",0,0.01,0.17,0.53,0.23,0.94,0.23,0,0.58
298,"ours1.total",12.18,12.79,11.69,7.16,2.26,46.07,2.26,6.93,23.08
298,"ours2.s1",12.21,12.81,11.56,6.65,2.05,45.27,2.05,0,22.79
298,"ours2.s2",0,0.01,0.15,0.51,0.23,0.9,0.23,0,0.57
298,"ours2.total",12.21,12.81,11.7,7.16,2.29,46.18,2.29,6.93,23.36
298,"ours3.s1",12.2,12.86,11.39,6.83,2.27,45.55,2.27,0,22.95
298,"ours3.s2",0,0,0,0,0,0,0,0,0
298,"ours3.total",12.2,12.86,11.39,6.83,2.27,45.55,2.27,6.98,22.95
298,"titeet",13.3,9.1,5.1,2,0.5,30,0.5,3.8,18.25
298,"tite12",6.4,6.1,5,4.1,2.3,23.9,2.3,3.9,17.35
298,"bfet",11.39,12.11,10.02,6.01,2.07,41.6,2.07,6.08,18.3
358,"ours0.s1",12.35,12.88,11.26,6.51,1.94,44.94,1.94,0,27.79
358,"ours0.s2",0,0.02,0.16,0.36,0.14,0.68,0.14,0,0.46
358,"ours0.total",12.35,12.9,11.41,6.87,2.07,45.62,2.07,6.89,28.25
358,"bf.s1",11.64,13.33,11.86,6.98,2.02,45.84,2.02,0,27.9
358,"bf.s2",0,0,0,0,0,0,0,0,0
358,"bf.total",11.64,13.33,11.86,6.98,2.02,45.84,2.02,7.07,27.9
358,"ours1.s1",12.17,12.82,11.45,6.73,2.1,45.27,2.1,0,22.59
358,"ours1.s2",0,0.01,0.19,0.52,0.2,0.93,0.2,0,0.59
358,"ours1.total",12.17,12.83,11.65,7.25,2.3,46.2,2.3,6.94,23.17
358,"ours2.s1",12.22,12.74,11.43,6.77,2.13,45.29,2.13,0,22.84
358,"ours2.s2",0,0,0.19,0.48,0.23,0.9,0.23,0,0.57
358,"ours2.total",12.22,12.75,11.62,7.25,2.36,46.19,2.36,6.95,23.42
358,"ours3.s1",12.19,12.83,11.34,6.82,2.27,45.45,2.27,0,22.94
358,"ours3.s2",0,0,0,0,0,0,0,0,0
358,"ours3.total",12.19,12.83,11.34,6.82,2.27,45.45,2.27,6.96,22.94
358,"titeet",13.2,9,5.1,2.1,0.5,29.9,0.5,3.8,18.53
358,"tite12",6.2,6,5.2,4.2,2.4,24,2.4,4,18.21
358,"bfet",11.36,12.09,9.95,5.97,2.05,41.42,2.05,6.04,18.3
308,"ours0.s1",11.79,12.07,10.42,6.13,2.06,42.48,2.06,0,18.14
308,"ours0.s2",0,0.02,0.18,0.38,0.16,0.74,0.16,0,0.4
308,"ours0.total",11.79,12.09,10.6,6.52,2.22,43.21,2.22,6.53,18.53
308,"bf.s1",11.19,12.5,10.83,6.4,2.18,43.1,2.18,0,18.28
308,"bf.s2",0,0,0,0,0,0,0,0,0
308,"bf.total",11.19,12.5,10.83,6.4,2.18,43.1,2.18,6.64,18.28
308,"ours1.s1",11.6,11.59,9.9,5.87,2.25,41.22,2.25,0,11.49
308,"ours1.s2",0.06,0.16,0.4,0.61,0.22,1.45,0.22,0,0.78
308,"ours1.total",11.66,11.75,10.3,6.48,2.47,42.66,2.47,6.31,12.28
308,"ours2.s1",11.7,11.64,9.83,5.89,2.23,41.29,2.23,0,11.65
308,"ours2.s2",0.05,0.1,0.39,0.56,0.21,1.3,0.21,0,0.71
308,"ours2.total",11.74,11.74,10.22,6.45,2.44,42.59,2.44,6.34,12.36
308,"ours3.s1",11.63,11.7,9.98,6.04,2.32,41.66,2.32,0,11.74
308,"ours3.s2",0,0,0,0,0,0,0,0,0
308,"ours3.total",11.63,11.7,9.98,6.04,2.32,41.66,2.32,6.38,11.74
308,"titeet",11.8,9.2,5.6,2.5,0.8,29.9,0.8,4,12.58
308,"tite12",6.4,6,5.1,4.2,2.3,24,2.3,3.9,11.42
308,"bfet",9.99,10.36,9.16,6.12,2.83,38.45,2.83,6.02,9.6
299,"ours0.s1",8.58,13.11,13.44,8.36,2.5,45.99,2.5,0,28.43
299,"ours0.s2",0,0,0.09,0.35,0.22,0.67,0.22,0,0.45
299,"ours0.total",8.58,13.11,13.53,8.72,2.72,46.66,2.72,6.34,28.88
299,"bf.s1",7.39,13.1,13.81,8.48,2.52,45.29,2.52,0,28.31
299,"bf.s2",0,0,0,0,0,0,0,0,0
299,"bf.total",7.39,13.1,13.81,8.48,2.52,45.29,2.52,6.39,28.31
299,"ours1.s1",8.62,13.03,13.3,8.34,2.74,46.02,2.74,0,23.02
299,"ours1.s2",0,0,0.11,0.47,0.3,0.88,0.3,0,0.57
299,"ours1.total",8.62,13.03,13.4,8.81,3.03,46.89,3.03,6.38,23.6
299,"ours2.s1",8.59,12.99,13.35,8.24,2.64,45.81,2.64,0,23.34
299,"ours2.s2",0,0.01,0.11,0.5,0.25,0.87,0.25,0,0.57
299,"ours2.total",8.59,13,13.46,8.74,2.89,46.68,2.89,6.37,23.91
299,"ours3.s1",8.53,12.96,13.31,8.38,2.77,45.95,2.77,0,23.32
299,"ours3.s2",0,0,0,0,0,0,0,0,0
299,"ours3.total",8.53,12.96,13.31,8.38,2.77,45.95,2.77,6.36,23.32
299,"titeet",5,11.7,8.3,3.9,1.1,30,1.1,3.7,19.94
299,"tite12",4,6.7,6.3,5.3,3,25.3,3,4,18.77
299,"bfet",7.16,12.24,12.62,7.64,2.66,42.33,2.66,5.67,19.7
278,"ours0.s1",11.8,11.95,10.19,5.96,2.19,42.1,2.19,0,12.04
278,"ours0.s2",0,0.02,0.21,0.38,0.17,0.78,0.17,0,0.28
278,"ours0.total",11.8,11.97,10.4,6.34,2.36,42.88,2.36,6.52,12.32
278,"bf.s1",11.13,12.4,10.68,6.42,2.24,42.86,2.24,0,12.13
278,"bf.s2",0,0,0,0,0,0,0,0,0
278,"bf.total",11.13,12.4,10.68,6.42,2.24,42.86,2.24,6.61,12.13
278,"ours1.s1",11.53,11.38,9.56,5.83,2.37,40.67,2.37,0,9.75
278,"ours1.s2",0.09,0.22,0.47,0.59,0.2,1.58,0.2,0,0.57
278,"ours1.total",11.62,11.6,10.03,6.42,2.57,42.25,2.57,6.25,10.32
278,"ours2.s1",11.53,11.38,9.67,5.91,2.36,40.85,2.36,0,9.93
278,"ours2.s2",0.08,0.18,0.44,0.58,0.22,1.5,0.22,0,0.54
278,"ours2.total",11.61,11.56,10.11,6.49,2.58,42.35,2.58,6.31,10.47
278,"ours3.s1",11.53,11.51,9.71,5.9,2.34,40.99,2.34,0,9.94
278,"ours3.s2",0,0,0,0,0,0,0,0,0
278,"ours3.total",11.53,11.51,9.71,5.9,2.34,40.99,2.34,6.35,9.94
278,"titeet",12.1,9.1,5.6,2.5,0.7,30,0.7,4,8.57
278,"tite12",6.4,6.1,5,4.1,2.2,23.8,2.2,3.9,7.54
278,"bfet",10.2,10.6,9.23,6.16,2.85,39.03,2.85,6.1,8.6
359,"ours0.s1",8.64,13.11,13.27,8.32,2.52,45.86,2.52,0,28.46
359,"ours0.s2",0,0,0.11,0.34,0.22,0.67,0.22,0,0.47
359,"ours0.total",8.64,13.11,13.38,8.66,2.74,46.53,2.74,6.3,28.93
359,"bf.s1",7.39,13.1,13.81,8.48,2.52,45.29,2.52,0,28.35
359,"bf.s2",0,0,0,0,0,0,0,0,0
359,"bf.total",7.39,13.1,13.81,8.48,2.52,45.29,2.52,6.39,28.35
359,"ours1.s1",8.68,13.02,13.23,8.36,2.78,46.06,2.78,0,23.08
359,"ours1.s2",0,0.01,0.12,0.5,0.25,0.87,0.25,0,0.58
359,"ours1.total",8.68,13.03,13.35,8.86,3.03,46.93,3.03,6.35,23.66
359,"ours2.s1",8.59,12.99,13.35,8.28,2.7,45.9,2.7,0,23.44
359,"ours2.s2",0,0,0.1,0.47,0.24,0.82,0.24,0,0.56
359,"ours2.total",8.59,12.99,13.45,8.75,2.95,46.72,2.95,6.39,24
359,"ours3.s1",8.54,12.93,13.27,8.37,2.8,45.91,2.8,0,23.33
359,"ours3.s2",0,0,0,0,0,0,0,0,0
359,"ours3.total",8.54,12.93,13.27,8.37,2.8,45.91,2.8,6.36,23.33
359,"titeet",4.9,11.4,8.4,4,1.2,29.9,1.2,3.7,20.37
359,"tite12",4.1,6.7,6.2,5.2,3.1,25.3,3.1,4,19.45
359,"bfet",7.15,12.27,12.57,7.59,2.66,42.24,2.66,5.62,19.7
360,"ours0.s1",9.15,12.65,12.01,9.01,4.37,47.19,-1,0,29.01
360,"ours0.s2",0,0.01,0.12,0.43,0.44,1,-1,0,0.67
360,"ours0.total",9.15,12.65,12.13,9.44,4.81,48.19,-1,5.97,29.69
360,"bf.s1",7.98,12.67,12.68,9.48,4.34,47.14,-1,0,29.18
360,"bf.s2",0,0,0,0,0,0,-1,0,0
360,"bf.total",7.98,12.67,12.68,9.48,4.34,47.14,-1,6.08,29.18
360,"ours1.s1",9.1,12.48,12.09,9.09,4.56,47.32,-1,0,23.78
360,"ours1.s2",0,0,0.15,0.68,0.54,1.38,-1,0,0.86
360,"ours1.total",9.1,12.48,12.24,9.77,5.11,48.7,-1,6.01,24.64
360,"ours2.s1",8.99,12.46,12.15,8.97,4.45,47.03,-1,0,23.99
360,"ours2.s2",0,0,0.13,0.63,0.51,1.27,-1,0,0.81
360,"ours2.total",8.99,12.46,12.28,9.6,4.96,48.3,-1,6.01,24.8
360,"ours3.s1",9.01,12.57,12.13,8.97,4.52,47.21,-1,0,24.12
360,"ours3.s2",0,0,0,0,0,0,-1,0,0
360,"ours3.total",9.01,12.57,12.13,8.97,4.52,47.21,-1,5.99,24.12
360,"titeet",5.8,11.8,7.2,3.7,1.5,30,-1,3.4,20.19
360,"tite12",3.9,6.4,5.9,5.4,3.8,25.4,-1,3.5,19.9
360,"bfet",7.61,11.51,11.2,8.23,4.17,42.72,-1,5.23,19.9
310,"ours0.s1",8.92,11.96,11.32,8.4,4.45,45.05,-1,0,19.35
310,"ours0.s2",0,0.01,0.16,0.52,0.42,1.11,-1,0,0.59
310,"ours0.total",8.92,11.97,11.48,8.92,4.87,46.16,-1,5.66,19.94
310,"bf.s1",7.83,11.95,11.79,8.78,4.48,44.83,-1,0,19.32
310,"bf.s2",0,0,0,0,0,0,-1,0,0
310,"bf.total",7.83,11.95,11.79,8.78,4.48,44.83,-1,5.81,19.32
310,"ours1.s1",8.81,11.61,10.75,7.79,4.34,43.3,-1,0,12.28
310,"ours1.s2",0.05,0.15,0.45,0.83,0.57,2.04,-1,0,1.07
310,"ours1.total",8.86,11.76,11.2,8.62,4.9,45.34,-1,5.48,13.35
310,"ours2.s1",8.88,11.66,10.76,7.86,4.44,43.61,-1,0,12.5
310,"ours2.s2",0.03,0.1,0.41,0.83,0.59,1.96,-1,0,1.02
310,"ours2.total",8.91,11.76,11.17,8.7,5.03,45.57,-1,5.52,13.52
310,"ours3.s1",8.75,11.65,10.94,7.84,4.56,43.74,-1,0,12.52
310,"ours3.s2",0,0,0,0,0,0,-1,0,0
310,"ours3.total",8.75,11.65,10.94,7.84,4.56,43.74,-1,5.54,12.52
310,"titeet",5.2,10.9,7.5,4.3,2,29.9,-1,3.6,13.75
310,"tite12",3.9,6.5,6,5.4,3.7,25.5,-1,3.5,12.68
310,"bfet",6.54,10,9.81,7.32,5.19,38.86,-1,5.02,10.1
330,"ours0.s1",9.07,12.59,12.09,9.03,4.37,47.15,-1,0,29.02
330,"ours0.s2",0,0.01,0.13,0.46,0.38,0.97,-1,0,0.66
330,"ours0.total",9.07,12.6,12.22,9.48,4.75,48.12,-1,5.99,29.68
330,"bf.s1",7.98,12.67,12.68,9.48,4.34,47.14,-1,0,29.15
330,"bf.s2",0,0,0,0,0,0,-1,0,0
330,"bf.total",7.98,12.67,12.68,9.48,4.34,47.14,-1,6.08,29.15
330,"ours1.s1",9.09,12.54,12.18,8.93,4.35,47.09,-1,0,23.68
330,"ours1.s2",0,0,0.15,0.66,0.55,1.36,-1,0,0.83
330,"ours1.total",9.09,12.54,12.33,9.59,4.9,48.45,-1,6,24.51
330,"ours2.s1",9.14,12.45,12.1,9.1,4.51,47.3,-1,0,24.05
330,"ours2.s2",0,0,0.13,0.61,0.56,1.3,-1,0,0.8
330,"ours2.total",9.14,12.45,12.23,9.71,5.07,48.6,-1,5.99,24.85
330,"ours3.s1",8.99,12.57,12.15,8.99,4.53,47.23,-1,0,24.13
330,"ours3.s2",0,0,0,0,0,0,-1,0,0
330,"ours3.total",8.99,12.57,12.15,8.99,4.53,47.23,-1,5.99,24.13
330,"titeet",5.7,11.7,7.3,3.7,1.5,29.9,-1,3.4,20
330,"tite12",3.9,6.4,5.9,5.4,3.7,25.3,-1,3.5,19.36
330,"bfet",7.63,11.45,11.2,8.25,4.18,42.71,-1,5.24,19.9
340,"ours0.s1",8.8,11.91,11.4,8.33,4.41,44.85,-1,0,26.34
340,"ours0.s2",0,0.01,0.17,0.49,0.41,1.07,-1,0,0.77
340,"ours0.total",8.8,11.91,11.57,8.82,4.82,45.92,-1,5.69,27.11
340,"bf.s1",7.82,11.94,11.79,8.75,4.38,44.68,-1,0,26.43
340,"bf.s2",0,0,0,0,0,0,-1,0,0
340,"bf.total",7.82,11.94,11.79,8.75,4.38,44.68,-1,5.8,26.43
340,"ours1.s1",8.88,11.77,11.08,8.04,4.56,44.32,-1,0,15.26
340,"ours1.s2",0.02,0.08,0.31,0.8,0.53,1.75,-1,0,1.19
340,"ours1.total",8.9,11.84,11.4,8.84,5.09,46.07,-1,5.57,16.45
340,"ours2.s1",8.82,11.8,11.07,7.97,4.43,44.1,-1,0,15.4
340,"ours2.s2",0.01,0.05,0.28,0.75,0.57,1.65,-1,0,1.13
340,"ours2.total",8.84,11.85,11.35,8.72,4.99,45.75,-1,5.59,16.53
340,"ours3.s1",8.79,11.8,11.11,8.05,4.5,44.24,-1,0,15.44
340,"ours3.s2",0,0,0,0,0,0,-1,0,0
340,"ours3.total",8.79,11.8,11.11,8.05,4.5,44.24,-1,5.63,15.44
340,"titeet",5.1,11.1,7.5,4.3,2,30,-1,3.6,18.86
340,"tite12",3.9,6.5,5.9,5.3,3.7,25.3,-1,3.5,17.31
340,"bfet",6.53,9.79,9.72,7.34,5.23,38.61,-1,5.01,11.2
300,"ours0.s1",9.16,12.65,11.98,8.99,4.4,47.18,-1,0,29.05
300,"ours0.s2",0,0.01,0.14,0.45,0.39,0.99,-1,0,0.66
300,"ours0.total",9.16,12.65,12.13,9.44,4.79,48.17,-1,5.96,29.7
300,"bf.s1",7.98,12.67,12.68,9.48,4.34,47.14,-1,0,29.15
300,"bf.s2",0,0,0,0,0,0,-1,0,0
300,"bf.total",7.98,12.67,12.68,9.48,4.34,47.14,-1,6.08,29.15
300,"ours1.s1",9.12,12.7,12.2,8.88,4.31,47.21,-1,0,23.75
300,"ours1.s2",0,0,0.15,0.61,0.58,1.35,-1,0,0.83
300,"ours1.total",9.12,12.71,12.35,9.49,4.89,48.56,-1,5.99,24.59
300,"ours2.s1",9.12,12.63,12.17,8.94,4.31,47.16,-1,0,24.06
300,"ours2.s2",0,0,0.15,0.6,0.56,1.31,-1,0,0.82
300,"ours2.total",9.12,12.63,12.31,9.54,4.87,48.47,-1,6,24.88
300,"ours3.s1",9,12.59,12.14,9,4.55,47.28,-1,0,24.13
300,"ours3.s2",0,0,0,0,0,0,-1,0,0
300,"ours3.total",9,12.59,12.14,9,4.55,47.28,-1,6,24.13
300,"titeet",5.7,12,7.2,3.5,1.5,29.9,-1,3.3,19.91
300,"tite12",3.9,6.4,6,5.4,3.7,25.4,-1,3.5,19.22
300,"bfet",7.64,11.48,11.21,8.27,4.18,42.78,-1,5.27,19.9
