"V1","V2","V3","V4","V5","V6","V7","V8","V9","V10","V11","V12","V13","V14","V15","V16","V17","V18"
"16","-1.09 (1.04, CI: -3.13, 0.96)","-2.15 (0.9, CI: -3.91, -0.39)","-3.05 (0.87, CI: -4.76, -1.34)","-3.68 (0.88, CI: -5.4, -1.96)","-4.16 (0.94, CI: -5.99, -2.32)","-4.67 (1.06, CI: -6.75, -2.6)","-5.34 (1.2, CI: -7.69, -2.99)","-6.02 (1.36, CI: -8.69, -3.36)","-6.57 (1.55, CI: -9.6, -3.54)","-6.83 (1.74, CI: -10.24, -3.41)","-6.77 (1.93, CI: -10.56, -2.98)","-6.48 (2.14, CI: -10.66, -2.29)","-6.02 (2.36, CI: -10.64, -1.39)","-59.26 (14.13, CI: -86.96, -31.56)","7.48",NA,""
"8","0.04 (0.17, CI: -0.29, 0.37)","-0.78 (0.17, CI: -1.12, -0.44)","-1.38 (0.3, CI: -1.97, -0.79)","-1.63 (0.41, CI: -2.44, -0.83)","-1.74 (0.52, CI: -2.75, -0.72)","-1.92 (0.61, CI: -3.12, -0.73)","-2.21 (0.68, CI: -3.54, -0.88)","-2.51 (0.74, CI: -3.96, -1.05)","-2.73 (0.81, CI: -4.32, -1.15)","-2.81 (0.87, CI: -4.52, -1.1)","-2.72 (0.93, CI: -4.55, -0.9)","-2.52 (1.01, CI: -4.49, -0.55)","-2.25 (1.1, CI: -4.41, -0.1)","-24.07 (7.16, CI: -38.1, -10.04)","0.1",NA,""
"5","-4.3 (1.36, CI: -6.96, -1.64)","-7.11 (1.22, CI: -9.5, -4.73)","-9.98 (1.17, CI: -12.28, -7.68)","-12.95 (1.16, CI: -15.21, -10.68)","-15.95 (1.14, CI: -18.17, -13.72)","-18.79 (1.15, CI: -21.04, -16.53)","-21.26 (1.19, CI: -23.59, -18.93)","-23.26 (1.23, CI: -25.67, -20.85)","-24.87 (1.3, CI: -27.41, -22.33)","-26.13 (1.39, CI: -28.85, -23.42)","-27.14 (1.48, CI: -30.03, -24.24)","-27.94 (1.57, CI: -31.02, -24.87)","-28.61 (1.7, CI: -31.93, -25.28)","-231.83 (13.88, CI: -259.03, -204.64)","8.75",NA,""
"22","-1.31 (0.84, CI: -2.97, 0.34)","-2.24 (0.79, CI: -3.79, -0.69)","-3.02 (0.9, CI: -4.78, -1.26)","-3.56 (1.03, CI: -5.58, -1.55)","-3.99 (1.18, CI: -6.31, -1.68)","-4.5 (1.35, CI: -7.15, -1.85)","-5.2 (1.5, CI: -8.15, -2.25)","-5.93 (1.66, CI: -9.18, -2.67)","-6.49 (1.84, CI: -10.1, -2.88)","-6.71 (2.04, CI: -10.7, -2.71)","-6.55 (2.26, CI: -10.97, -2.12)","-6.1 (2.51, CI: -11.02, -1.18)","-5.46 (2.8, CI: -10.95, 0.04)","-57.66 (17.26, CI: -91.49, -23.83)","5.55",NA,""
"21","-3.26 (1.17, CI: -5.55, -0.98)","-6.29 (1.1, CI: -8.44, -4.14)","-9.32 (1.14, CI: -11.55, -7.1)","-12.35 (1.21, CI: -14.72, -9.99)","-15.32 (1.28, CI: -17.84, -12.81)","-18.08 (1.38, CI: -20.79, -15.37)","-20.48 (1.48, CI: -23.38, -17.57)","-22.43 (1.56, CI: -25.49, -19.37)","-23.98 (1.64, CI: -27.2, -20.76)","-25.15 (1.73, CI: -28.53, -21.76)","-25.99 (1.8, CI: -29.52, -22.45)","-26.56 (1.88, CI: -30.24, -22.89)","-26.95 (1.97, CI: -30.81, -23.09)","-221.06 (16.65, CI: -253.7, -188.42)","7.49",NA,""
"3","-3.06 (1.04, CI: -5.1, -1.03)","-6.04 (0.91, CI: -7.82, -4.26)","-9.02 (0.89, CI: -10.76, -7.29)","-12.02 (0.89, CI: -13.76, -10.28)","-14.95 (0.89, CI: -16.7, -13.2)","-17.67 (0.94, CI: -19.52, -15.82)","-20.02 (1.01, CI: -22, -18.04)","-21.95 (1.08, CI: -24.06, -19.84)","-23.5 (1.17, CI: -25.8, -21.21)","-24.73 (1.28, CI: -27.24, -22.22)","-25.68 (1.39, CI: -28.39, -22.96)","-26.41 (1.49, CI: -29.33, -23.48)","-26.99 (1.63, CI: -30.17, -23.8)","-217.02 (11.74, CI: -240.02, -194.01)","6.6",NA,""
"7","-0.03 (0.23, CI: -0.49, 0.43)","-4.02 (0.28, CI: -4.56, -3.47)","-7.79 (0.48, CI: -8.72, -6.85)","-11.18 (0.66, CI: -12.47, -9.88)","-14.15 (0.83, CI: -15.79, -12.52)","-16.72 (0.98, CI: -18.65, -14.8)","-18.91 (1.1, CI: -21.07, -16.75)","-20.75 (1.21, CI: -23.12, -18.39)","-22.29 (1.3, CI: -24.83, -19.74)","-23.54 (1.38, CI: -26.25, -20.84)","-24.58 (1.45, CI: -27.42, -21.73)","-25.44 (1.53, CI: -28.43, -22.45)","-26.19 (1.61, CI: -29.34, -23.03)","-202.48 (11.67, CI: -225.35, -179.61)","0.94",NA,""
"20","0.04 (0.17, CI: -0.29, 0.37)","-0.8 (0.19, CI: -1.18, -0.42)","-1.5 (0.32, CI: -2.13, -0.86)","-1.92 (0.44, CI: -2.79, -1.06)","-2.03 (0.54, CI: -3.1, -0.97)","-2.04 (0.65, CI: -3.31, -0.77)","-2.17 (0.73, CI: -3.61, -0.73)","-2.51 (0.79, CI: -4.07, -0.96)","-2.9 (0.85, CI: -4.57, -1.23)","-3.17 (0.91, CI: -4.96, -1.38)","-3.18 (0.97, CI: -5.07, -1.28)","-2.95 (1.02, CI: -4.96, -0.95)","-2.6 (1.1, CI: -4.76, -0.44)","-26.46 (7.51, CI: -41.19, -11.74)","0",NA,""
"13","0.18 (0.37, CI: -0.54, 0.9)","-3.74 (0.36, CI: -4.46, -3.03)","-7.53 (0.5, CI: -8.51, -6.56)","-11.05 (0.61, CI: -12.23, -9.86)","-14.17 (0.7, CI: -15.54, -12.81)","-16.86 (0.83, CI: -18.49, -15.22)","-19.05 (0.96, CI: -20.94, -17.16)","-20.77 (1.07, CI: -22.87, -18.67)","-22.15 (1.21, CI: -24.51, -19.78)","-23.3 (1.35, CI: -25.94, -20.66)","-24.32 (1.47, CI: -27.2, -21.44)","-25.24 (1.59, CI: -28.35, -22.13)","-26.08 (1.72, CI: -29.45, -22.71)","-201.13 (10.98, CI: -222.66, -179.6)","0.85",NA,""
"4","-0.86 (0.88, CI: -2.59, 0.88)","-1.84 (0.74, CI: -3.28, -0.4)","-2.67 (0.73, CI: -4.1, -1.23)","-3.24 (0.76, CI: -4.73, -1.76)","-3.71 (0.84, CI: -5.36, -2.07)","-4.26 (0.97, CI: -6.17, -2.35)","-4.95 (1.12, CI: -7.15, -2.75)","-5.65 (1.29, CI: -8.17, -3.13)","-6.18 (1.47, CI: -9.06, -3.3)","-6.41 (1.66, CI: -9.66, -3.16)","-6.31 (1.84, CI: -9.92, -2.7)","-5.97 (2.03, CI: -9.96, -1.99)","-5.46 (2.25, CI: -9.87, -1.06)","-54.35 (13.21, CI: -80.25, -28.46)","6.08",NA,""
"23","-4.24 (1.39, CI: -6.97, -1.52)","-7.11 (1.3, CI: -9.66, -4.55)","-10.03 (1.33, CI: -12.64, -7.42)","-13.08 (1.39, CI: -15.82, -10.35)","-16.19 (1.46, CI: -19.06, -13.32)","-19.13 (1.56, CI: -22.18, -16.08)","-21.67 (1.65, CI: -24.91, -18.44)","-23.71 (1.73, CI: -27.09, -20.33)","-25.28 (1.8, CI: -28.81, -21.75)","-26.44 (1.88, CI: -30.13, -22.75)","-27.25 (1.95, CI: -31.08, -23.42)","-27.78 (2.03, CI: -31.75, -23.81)","-28.12 (2.12, CI: -32.28, -23.96)","-233.85 (18.66, CI: -270.42, -197.27)","8.93",NA,""
"15","-3.3 (1.12, CI: -5.49, -1.12)","-6.32 (0.99, CI: -8.26, -4.38)","-9.33 (0.96, CI: -11.21, -7.45)","-12.32 (0.96, CI: -14.2, -10.44)","-15.23 (0.95, CI: -17.09, -13.36)","-17.92 (0.99, CI: -19.85, -15.99)","-20.26 (1.04, CI: -22.31, -18.21)","-22.19 (1.1, CI: -24.35, -20.03)","-23.74 (1.19, CI: -26.07, -21.42)","-24.98 (1.29, CI: -27.51, -22.45)","-25.93 (1.39, CI: -28.66, -23.2)","-26.68 (1.49, CI: -29.61, -23.75)","-27.27 (1.62, CI: -30.46, -24.09)","-220.18 (12.13, CI: -243.95, -196.42)","7.11",NA,""
"19","0.18 (0.2, CI: -0.22, 0.58)","-3.72 (0.27, CI: -4.25, -3.2)","-7.51 (0.47, CI: -8.44, -6.58)","-11.04 (0.67, CI: -12.35, -9.74)","-14.22 (0.84, CI: -15.86, -12.58)","-16.95 (1, CI: -18.91, -14.99)","-19.17 (1.13, CI: -21.4, -16.95)","-20.89 (1.23, CI: -23.31, -18.47)","-22.25 (1.32, CI: -24.84, -19.66)","-23.4 (1.39, CI: -26.13, -20.66)","-24.42 (1.46, CI: -27.28, -21.57)","-25.36 (1.52, CI: -28.33, -22.39)","-26.23 (1.58, CI: -29.33, -23.13)","-201.96 (11.72, CI: -224.94, -178.98)","0",NA,""
"9","-3.05 (1.09, CI: -5.19, -0.9)","-6.02 (1.02, CI: -8.02, -4.02)","-9.01 (1.07, CI: -11.1, -6.92)","-12.04 (1.14, CI: -14.28, -9.8)","-15.03 (1.23, CI: -17.43, -12.62)","-17.81 (1.33, CI: -20.42, -15.19)","-20.21 (1.43, CI: -23.02, -17.4)","-22.17 (1.52, CI: -25.15, -19.2)","-23.73 (1.6, CI: -26.87, -20.58)","-24.9 (1.69, CI: -28.22, -21.59)","-25.74 (1.77, CI: -29.21, -22.28)","-26.32 (1.84, CI: -29.93, -22.71)","-26.71 (1.94, CI: -30.51, -22.91)","-217.86 (16.1, CI: -249.41, -186.31)","7.02",NA,""
"18","-1.6 (1.37, CI: -4.29, 1.08)","-2.53 (1.19, CI: -4.86, -0.2)","-3.41 (1.12, CI: -5.6, -1.22)","-4.21 (1.09, CI: -6.35, -2.07)","-4.97 (1.13, CI: -7.19, -2.76)","-5.78 (1.24, CI: -8.21, -3.36)","-6.64 (1.38, CI: -9.34, -3.94)","-7.44 (1.55, CI: -10.48, -4.41)","-8.07 (1.75, CI: -11.51, -4.64)","-8.42 (1.97, CI: -12.28, -4.56)","-8.49 (2.19, CI: -12.78, -4.2)","-8.36 (2.42, CI: -13.1, -3.61)","-8.07 (2.68, CI: -13.32, -2.82)","-73.18 (16.29, CI: -105.09, -41.26)","9.96",NA,""
"1","-0.01 (0.41, CI: -0.82, 0.8)","-4.02 (0.39, CI: -4.78, -3.25)","-7.79 (0.48, CI: -8.74, -6.85)","-11.17 (0.57, CI: -12.29, -10.05)","-14.13 (0.69, CI: -15.48, -12.79)","-16.69 (0.81, CI: -18.29, -15.1)","-18.88 (0.94, CI: -20.73, -17.04)","-20.74 (1.08, CI: -22.85, -18.63)","-22.28 (1.22, CI: -24.67, -19.9)","-23.56 (1.35, CI: -26.21, -20.9)","-24.6 (1.48, CI: -27.5, -21.7)","-25.48 (1.61, CI: -28.63, -22.32)","-26.23 (1.75, CI: -29.67, -22.8)","-202.47 (11.17, CI: -224.36, -180.57)","2.38",NA,""
"24","-1.94 (1.14, CI: -4.17, 0.28)","-2.73 (1.07, CI: -4.83, -0.62)","-3.48 (1.18, CI: -5.79, -1.17)","-4.18 (1.33, CI: -6.78, -1.58)","-4.89 (1.5, CI: -7.83, -1.94)","-5.67 (1.69, CI: -8.99, -2.36)","-6.55 (1.87, CI: -10.21, -2.89)","-7.37 (2.04, CI: -11.38, -3.37)","-7.99 (2.24, CI: -12.39, -3.59)","-8.26 (2.47, CI: -13.09, -3.42)","-8.19 (2.72, CI: -13.52, -2.85)","-7.85 (3.02, CI: -13.77, -1.94)","-7.34 (3.36, CI: -13.94, -0.75)","-71.8 (21.4, CI: -113.74, -29.85)","7.75",NA,""
"17","-4.3 (1.36, CI: -6.96, -1.64)","-7.11 (1.22, CI: -9.5, -4.73)","-9.98 (1.17, CI: -12.28, -7.68)","-12.95 (1.16, CI: -15.21, -10.68)","-15.95 (1.14, CI: -18.17, -13.72)","-18.79 (1.15, CI: -21.04, -16.53)","-21.26 (1.19, CI: -23.59, -18.93)","-23.26 (1.23, CI: -25.67, -20.85)","-24.87 (1.3, CI: -27.41, -22.33)","-26.13 (1.39, CI: -28.85, -23.42)","-27.14 (1.48, CI: -30.03, -24.24)","-27.94 (1.57, CI: -31.02, -24.87)","-28.61 (1.7, CI: -31.93, -25.28)","-231.83 (13.88, CI: -259.03, -204.64)","8.75",NA,""
"2","0.04 (0.28, CI: -0.51, 0.59)","-0.78 (0.25, CI: -1.26, -0.29)","-1.39 (0.31, CI: -2, -0.78)","-1.67 (0.36, CI: -2.38, -0.95)","-1.79 (0.44, CI: -2.66, -0.92)","-1.96 (0.53, CI: -3, -0.93)","-2.21 (0.61, CI: -3.42, -1.01)","-2.48 (0.7, CI: -3.86, -1.1)","-2.71 (0.8, CI: -4.28, -1.13)","-2.83 (0.89, CI: -4.57, -1.09)","-2.84 (0.97, CI: -4.74, -0.94)","-2.78 (1.05, CI: -4.84, -0.72)","-2.66 (1.15, CI: -4.91, -0.41)","-24.75 (7.19, CI: -38.85, -10.65)","1.5",NA,""
"11","-4.24 (1.39, CI: -6.97, -1.52)","-7.11 (1.3, CI: -9.66, -4.55)","-10.03 (1.33, CI: -12.64, -7.42)","-13.08 (1.39, CI: -15.82, -10.35)","-16.19 (1.46, CI: -19.06, -13.32)","-19.13 (1.56, CI: -22.18, -16.08)","-21.67 (1.65, CI: -24.91, -18.44)","-23.71 (1.73, CI: -27.09, -20.33)","-25.28 (1.8, CI: -28.81, -21.75)","-26.44 (1.88, CI: -30.13, -22.75)","-27.25 (1.95, CI: -31.08, -23.42)","-27.78 (2.03, CI: -31.75, -23.81)","-28.12 (2.12, CI: -32.28, -23.96)","-233.85 (18.66, CI: -270.42, -197.27)","8.93",NA,""
"14","0.04 (0.25, CI: -0.46, 0.54)","-0.82 (0.24, CI: -1.29, -0.34)","-1.53 (0.34, CI: -2.19, -0.86)","-1.94 (0.41, CI: -2.75, -1.14)","-2.03 (0.47, CI: -2.94, -1.11)","-2 (0.57, CI: -3.11, -0.88)","-2.1 (0.66, CI: -3.4, -0.8)","-2.43 (0.73, CI: -3.87, -0.99)","-2.84 (0.83, CI: -4.46, -1.22)","-3.16 (0.93, CI: -4.99, -1.33)","-3.26 (1.02, CI: -5.25, -1.26)","-3.16 (1.09, CI: -5.3, -1.02)","-2.95 (1.19, CI: -5.28, -0.63)","-26.71 (7.36, CI: -41.13, -12.29)","0.44",NA,""
"6","-1.6 (1.37, CI: -4.29, 1.08)","-2.53 (1.19, CI: -4.86, -0.2)","-3.41 (1.12, CI: -5.6, -1.22)","-4.21 (1.09, CI: -6.35, -2.07)","-4.97 (1.13, CI: -7.19, -2.76)","-5.78 (1.24, CI: -8.21, -3.36)","-6.64 (1.38, CI: -9.34, -3.94)","-7.44 (1.55, CI: -10.48, -4.41)","-8.07 (1.75, CI: -11.51, -4.64)","-8.42 (1.97, CI: -12.28, -4.56)","-8.49 (2.19, CI: -12.78, -4.2)","-8.36 (2.42, CI: -13.1, -3.61)","-8.07 (2.68, CI: -13.32, -2.82)","-73.18 (16.29, CI: -105.09, -41.26)","9.96",NA,""
"10","-1.12 (0.7, CI: -2.49, 0.25)","-1.96 (0.63, CI: -3.19, -0.73)","-2.66 (0.75, CI: -4.13, -1.19)","-3.14 (0.89, CI: -4.88, -1.4)","-3.56 (1.05, CI: -5.61, -1.51)","-4.11 (1.21, CI: -6.49, -1.74)","-4.85 (1.36, CI: -7.52, -2.19)","-5.61 (1.51, CI: -8.56, -2.66)","-6.17 (1.68, CI: -9.46, -2.89)","-6.36 (1.86, CI: -10.01, -2.71)","-6.15 (2.07, CI: -10.2, -2.1)","-5.64 (2.31, CI: -10.16, -1.13)","-4.93 (2.58, CI: -9.99, 0.14)","-53.25 (15.43, CI: -83.5, -23.01)","4.18",NA,""
"12","-1.94 (1.14, CI: -4.17, 0.28)","-2.73 (1.07, CI: -4.83, -0.62)","-3.48 (1.18, CI: -5.79, -1.17)","-4.18 (1.33, CI: -6.78, -1.58)","-4.89 (1.5, CI: -7.83, -1.94)","-5.67 (1.69, CI: -8.99, -2.36)","-6.55 (1.87, CI: -10.21, -2.89)","-7.37 (2.04, CI: -11.38, -3.37)","-7.99 (2.24, CI: -12.39, -3.59)","-8.26 (2.47, CI: -13.09, -3.42)","-8.19 (2.72, CI: -13.52, -2.85)","-7.85 (3.02, CI: -13.77, -1.94)","-7.34 (3.36, CI: -13.94, -0.75)","-71.8 (21.4, CI: -113.74, -29.85)","7.75",NA,""
"92","0.04 (0.17, CI: -0.28, 0.4)","-0.79 (0.19, CI: -1.18, -0.41)","-1.48 (0.32, CI: -2.11, -0.85)","-1.91 (0.43, CI: -2.75, -1.05)","-2.01 (0.54, CI: -3.04, -0.92)","-2.02 (0.65, CI: -3.29, -0.76)","-2.15 (0.73, CI: -3.56, -0.69)","-2.49 (0.78, CI: -4.01, -0.96)","-2.87 (0.84, CI: -4.42, -1.13)","-3.12 (0.9, CI: -4.82, -1.3)","-3.13 (0.95, CI: -4.97, -1.24)","-2.91 (1.02, CI: -4.84, -0.85)","-2.54 (1.11, CI: -4.79, -0.46)","-26.14 (7.42, CI: -41.37, -12.3)","0.15",NA,"Yes"
"140","0.04 (0.17, CI: -0.28, 0.39)","-0.79 (0.2, CI: -1.18, -0.41)","-1.49 (0.33, CI: -2.12, -0.83)","-1.9 (0.45, CI: -2.76, -1)","-2.01 (0.55, CI: -3.12, -0.96)","-2.02 (0.65, CI: -3.3, -0.75)","-2.15 (0.73, CI: -3.59, -0.71)","-2.48 (0.78, CI: -4.04, -0.97)","-2.87 (0.83, CI: -4.52, -1.27)","-3.14 (0.88, CI: -5.02, -1.55)","-3.15 (0.94, CI: -5.04, -1.36)","-2.9 (1, CI: -4.89, -0.97)","-2.54 (1.07, CI: -4.63, -0.44)","-26.08 (7.37, CI: -40.68, -11.78)","0.15",NA,"Yes"
"139","0.18 (0.21, CI: -0.25, 0.56)","-3.72 (0.27, CI: -4.3, -3.22)","-7.52 (0.48, CI: -8.4, -6.52)","-11.06 (0.68, CI: -12.37, -9.71)","-14.24 (0.85, CI: -15.89, -12.56)","-16.99 (1, CI: -18.92, -15.01)","-19.21 (1.11, CI: -21.42, -17.05)","-20.93 (1.2, CI: -23.24, -18.55)","-22.28 (1.28, CI: -24.83, -19.82)","-23.42 (1.35, CI: -26.16, -20.87)","-24.44 (1.4, CI: -27.19, -21.69)","-25.37 (1.46, CI: -28.18, -22.44)","-26.23 (1.53, CI: -29.2, -23.21)","-202.17 (11.37, CI: -223.85, -179.29)","0.18",NA,"Yes"
"134","0.04 (0.26, CI: -0.47, 0.56)","-0.81 (0.24, CI: -1.28, -0.36)","-1.53 (0.33, CI: -2.19, -0.89)","-1.94 (0.4, CI: -2.72, -1.14)","-2.02 (0.47, CI: -2.99, -1.14)","-1.98 (0.58, CI: -3.15, -0.86)","-2.08 (0.68, CI: -3.43, -0.75)","-2.42 (0.75, CI: -3.92, -0.97)","-2.82 (0.85, CI: -4.49, -1.15)","-3.13 (0.97, CI: -5.07, -1.27)","-3.24 (1.07, CI: -5.34, -1.16)","-3.14 (1.15, CI: -5.43, -0.94)","-2.93 (1.24, CI: -5.43, -0.56)","-26.47 (7.58, CI: -41.72, -11.99)","0.48",NA,"Yes"
"25","-0.01 (0.41, CI: -0.78, 0.84)","-4.01 (0.39, CI: -4.8, -3.26)","-7.78 (0.49, CI: -8.78, -6.87)","-11.15 (0.58, CI: -12.27, -10.01)","-14.1 (0.7, CI: -15.49, -12.74)","-16.66 (0.83, CI: -18.25, -15)","-18.84 (0.97, CI: -20.76, -16.96)","-20.69 (1.12, CI: -22.84, -18.46)","-22.22 (1.25, CI: -24.81, -19.9)","-23.49 (1.39, CI: -26.31, -20.85)","-24.53 (1.52, CI: -27.64, -21.68)","-25.39 (1.65, CI: -28.65, -22.17)","-26.14 (1.8, CI: -29.67, -22.61)","-202 (11.46, CI: -224.53, -179.61)","2.45",NA,"Yes"
"26","0.04 (0.28, CI: -0.48, 0.61)","-0.77 (0.25, CI: -1.28, -0.29)","-1.38 (0.31, CI: -1.98, -0.74)","-1.66 (0.38, CI: -2.39, -0.92)","-1.78 (0.46, CI: -2.66, -0.86)","-1.95 (0.55, CI: -2.99, -0.83)","-2.2 (0.64, CI: -3.5, -1.01)","-2.47 (0.73, CI: -3.95, -1.08)","-2.69 (0.83, CI: -4.4, -1.13)","-2.81 (0.93, CI: -4.78, -1.13)","-2.81 (1.02, CI: -4.95, -0.97)","-2.75 (1.11, CI: -4.95, -0.59)","-2.65 (1.2, CI: -5.04, -0.33)","-24.62 (7.57, CI: -39.92, -10.24)","1.53",NA,"Yes"
"86","0.04 (0.26, CI: -0.45, 0.58)","-0.82 (0.24, CI: -1.29, -0.35)","-1.53 (0.34, CI: -2.22, -0.9)","-1.95 (0.41, CI: -2.78, -1.17)","-2.03 (0.47, CI: -2.97, -1.11)","-2.01 (0.58, CI: -3.12, -0.86)","-2.12 (0.68, CI: -3.43, -0.77)","-2.45 (0.76, CI: -3.96, -0.98)","-2.85 (0.86, CI: -4.46, -1.07)","-3.18 (0.97, CI: -5.01, -1.2)","-3.28 (1.07, CI: -5.33, -1.13)","-3.2 (1.15, CI: -5.32, -0.81)","-2.99 (1.25, CI: -5.3, -0.38)","-26.87 (7.64, CI: -41.89, -11.94)","0.48",NA,"Yes"
"85","0.19 (0.38, CI: -0.55, 0.93)","-3.73 (0.37, CI: -4.44, -2.99)","-7.52 (0.5, CI: -8.44, -6.47)","-11.03 (0.61, CI: -12.16, -9.78)","-14.15 (0.7, CI: -15.51, -12.77)","-16.82 (0.84, CI: -18.37, -15.08)","-19 (0.97, CI: -20.89, -17.08)","-20.72 (1.09, CI: -22.9, -18.61)","-22.09 (1.24, CI: -24.32, -19.47)","-23.23 (1.39, CI: -25.77, -20.34)","-24.25 (1.51, CI: -27.26, -21.33)","-25.15 (1.62, CI: -28.11, -21.76)","-25.97 (1.75, CI: -29.37, -22.53)","-200.52 (11.17, CI: -221.35, -177.54)","1.01",NA,"Yes"
"37","0.18 (0.37, CI: -0.52, 0.94)","-3.73 (0.37, CI: -4.45, -3.01)","-7.5 (0.5, CI: -8.51, -6.55)","-11.02 (0.61, CI: -12.25, -9.84)","-14.13 (0.71, CI: -15.49, -12.69)","-16.81 (0.85, CI: -18.45, -15.14)","-19 (0.99, CI: -21.1, -17.23)","-20.71 (1.1, CI: -23, -18.71)","-22.08 (1.24, CI: -24.6, -19.74)","-23.23 (1.39, CI: -25.86, -20.39)","-24.26 (1.52, CI: -27.19, -21.24)","-25.15 (1.64, CI: -28.35, -21.91)","-26 (1.78, CI: -29.62, -22.66)","-200.42 (11.27, CI: -223.09, -178.9)","1.02",NA,"Yes"
"38","0.05 (0.26, CI: -0.45, 0.56)","-0.81 (0.25, CI: -1.31, -0.34)","-1.53 (0.34, CI: -2.17, -0.84)","-1.94 (0.41, CI: -2.77, -1.16)","-2.03 (0.47, CI: -2.93, -1.1)","-1.99 (0.57, CI: -3.19, -0.94)","-2.1 (0.68, CI: -3.54, -0.88)","-2.43 (0.75, CI: -3.96, -1.01)","-2.85 (0.85, CI: -4.55, -1.23)","-3.19 (0.96, CI: -5.06, -1.29)","-3.29 (1.05, CI: -5.35, -1.22)","-3.17 (1.14, CI: -5.34, -0.89)","-2.96 (1.24, CI: -5.22, -0.37)","-26.73 (7.57, CI: -41.27, -11.59)","0.47",NA,"Yes"
"61","0.19 (0.37, CI: -0.51, 0.95)","-3.73 (0.37, CI: -4.46, -3.02)","-7.51 (0.49, CI: -8.5, -6.57)","-11.01 (0.6, CI: -12.18, -9.83)","-14.14 (0.7, CI: -15.48, -12.71)","-16.82 (0.84, CI: -18.34, -15.05)","-19.01 (0.98, CI: -20.99, -17.16)","-20.73 (1.08, CI: -22.81, -18.58)","-22.08 (1.22, CI: -24.49, -19.71)","-23.22 (1.36, CI: -25.86, -20.54)","-24.24 (1.49, CI: -27.14, -21.3)","-25.14 (1.62, CI: -28.19, -21.83)","-25.98 (1.77, CI: -29.52, -22.56)","-200.5 (11.06, CI: -222.15, -178.8)","1.02",NA,"Yes"
"62","0.04 (0.26, CI: -0.48, 0.53)","-0.82 (0.24, CI: -1.3, -0.35)","-1.53 (0.33, CI: -2.17, -0.86)","-1.94 (0.41, CI: -2.73, -1.12)","-2.03 (0.47, CI: -2.92, -1.09)","-1.99 (0.58, CI: -3.17, -0.9)","-2.09 (0.68, CI: -3.46, -0.8)","-2.41 (0.76, CI: -3.94, -0.96)","-2.83 (0.85, CI: -4.47, -1.14)","-3.14 (0.96, CI: -4.95, -1.2)","-3.23 (1.04, CI: -5.22, -1.15)","-3.14 (1.11, CI: -5.36, -1.02)","-2.95 (1.22, CI: -5.45, -0.67)","-26.63 (7.48, CI: -41, -11.68)","0.49",NA,"Yes"
"121","-0.01 (0.42, CI: -0.79, 0.84)","-4.01 (0.39, CI: -4.76, -3.23)","-7.78 (0.48, CI: -8.68, -6.8)","-11.15 (0.57, CI: -12.25, -10.02)","-14.11 (0.69, CI: -15.4, -12.68)","-16.66 (0.83, CI: -18.28, -15.05)","-18.84 (0.96, CI: -20.82, -17.05)","-20.69 (1.1, CI: -22.89, -18.57)","-22.21 (1.24, CI: -24.63, -19.78)","-23.48 (1.38, CI: -26.18, -20.79)","-24.52 (1.5, CI: -27.4, -21.51)","-25.39 (1.65, CI: -28.6, -22.16)","-26.13 (1.78, CI: -29.52, -22.53)","-202.06 (11.43, CI: -223.36, -178.54)","2.45",NA,"Yes"
"43","0.18 (0.21, CI: -0.22, 0.59)","-3.71 (0.26, CI: -4.22, -3.19)","-7.48 (0.46, CI: -8.33, -6.51)","-11 (0.65, CI: -12.31, -9.78)","-14.16 (0.8, CI: -15.75, -12.62)","-16.89 (0.94, CI: -18.66, -14.95)","-19.11 (1.06, CI: -21.1, -16.93)","-20.81 (1.15, CI: -23.03, -18.53)","-22.18 (1.22, CI: -24.49, -19.73)","-23.33 (1.28, CI: -25.83, -20.81)","-24.34 (1.33, CI: -26.87, -21.66)","-25.26 (1.38, CI: -27.95, -22.54)","-26.13 (1.44, CI: -28.91, -23.26)","-201.16 (10.86, CI: -222.44, -179.87)","0.19",NA,"Yes"
"44","0.04 (0.17, CI: -0.28, 0.4)","-0.8 (0.2, CI: -1.19, -0.41)","-1.51 (0.33, CI: -2.18, -0.89)","-1.93 (0.45, CI: -2.82, -1.05)","-2.05 (0.55, CI: -3.12, -0.96)","-2.06 (0.66, CI: -3.28, -0.71)","-2.19 (0.74, CI: -3.63, -0.72)","-2.53 (0.78, CI: -4.08, -1)","-2.93 (0.84, CI: -4.56, -1.28)","-3.2 (0.89, CI: -4.97, -1.48)","-3.19 (0.94, CI: -5.03, -1.35)","-2.96 (0.99, CI: -4.95, -1.07)","-2.61 (1.07, CI: -4.71, -0.52)","-26.54 (7.35, CI: -40.95, -12.15)","0.15",NA,"Yes"
"79","-0.03 (0.23, CI: -0.49, 0.4)","-4.01 (0.28, CI: -4.56, -3.47)","-7.78 (0.47, CI: -8.72, -6.86)","-11.17 (0.65, CI: -12.38, -9.85)","-14.14 (0.81, CI: -15.77, -12.59)","-16.7 (0.95, CI: -18.68, -14.94)","-18.88 (1.07, CI: -20.98, -16.8)","-20.71 (1.16, CI: -23.1, -18.58)","-22.24 (1.24, CI: -24.81, -19.94)","-23.49 (1.32, CI: -26.09, -20.91)","-24.54 (1.4, CI: -27.4, -21.91)","-25.4 (1.48, CI: -28.39, -22.6)","-26.14 (1.55, CI: -29.18, -23.09)","-202.18 (11.22, CI: -225.35, -181.36)","0.92",NA,"Yes"
"127","-0.04 (0.23, CI: -0.49, 0.43)","-4.01 (0.27, CI: -4.54, -3.47)","-7.78 (0.47, CI: -8.72, -6.88)","-11.17 (0.64, CI: -12.41, -9.89)","-14.13 (0.81, CI: -15.76, -12.58)","-16.69 (0.95, CI: -18.55, -14.81)","-18.86 (1.07, CI: -21.05, -16.86)","-20.7 (1.16, CI: -23.15, -18.6)","-22.23 (1.24, CI: -24.92, -20.06)","-23.49 (1.3, CI: -26.18, -21.07)","-24.54 (1.37, CI: -27.23, -21.84)","-25.41 (1.44, CI: -28.21, -22.55)","-26.16 (1.52, CI: -29.2, -23.24)","-202.11 (11.03, CI: -225.43, -182.19)","0.92",NA,"Yes"
"98","0.04 (0.28, CI: -0.53, 0.58)","-0.77 (0.26, CI: -1.28, -0.27)","-1.38 (0.32, CI: -2, -0.74)","-1.66 (0.38, CI: -2.4, -0.92)","-1.78 (0.45, CI: -2.68, -0.9)","-1.96 (0.54, CI: -2.97, -0.86)","-2.2 (0.63, CI: -3.43, -0.98)","-2.47 (0.73, CI: -3.85, -1.01)","-2.69 (0.83, CI: -4.32, -1.08)","-2.8 (0.92, CI: -4.66, -1.06)","-2.82 (1, CI: -4.73, -0.82)","-2.77 (1.08, CI: -4.75, -0.52)","-2.66 (1.17, CI: -4.88, -0.28)","-24.62 (7.31, CI: -39.19, -10.55)","1.53",NA,"Yes"
"97","-0.02 (0.43, CI: -0.85, 0.84)","-4.02 (0.42, CI: -4.82, -3.18)","-7.78 (0.51, CI: -8.74, -6.73)","-11.16 (0.59, CI: -12.26, -9.95)","-14.11 (0.69, CI: -15.35, -12.63)","-16.66 (0.83, CI: -18.19, -14.95)","-18.84 (0.96, CI: -20.65, -16.88)","-20.69 (1.1, CI: -22.79, -18.5)","-22.23 (1.24, CI: -24.51, -19.64)","-23.49 (1.38, CI: -26.13, -20.72)","-24.52 (1.51, CI: -27.43, -21.51)","-25.38 (1.64, CI: -28.5, -22.07)","-26.13 (1.79, CI: -29.4, -22.38)","-201.9 (11.4, CI: -223.84, -179.15)","2.44",NA,"Yes"
"91","0.18 (0.21, CI: -0.24, 0.58)","-3.72 (0.27, CI: -4.22, -3.15)","-7.51 (0.47, CI: -8.47, -6.62)","-11.04 (0.66, CI: -12.29, -9.7)","-14.19 (0.82, CI: -15.81, -12.6)","-16.92 (0.98, CI: -18.85, -15.01)","-19.14 (1.11, CI: -21.41, -17.05)","-20.85 (1.2, CI: -23.24, -18.53)","-22.21 (1.28, CI: -24.74, -19.72)","-23.36 (1.35, CI: -25.92, -20.61)","-24.39 (1.39, CI: -27.04, -21.59)","-25.31 (1.44, CI: -28.11, -22.48)","-26.18 (1.5, CI: -29.24, -23.36)","-201.63 (11.3, CI: -222.96, -178.68)","0.18",NA,"Yes"
"110","0.05 (0.26, CI: -0.43, 0.58)","-0.81 (0.24, CI: -1.26, -0.32)","-1.53 (0.33, CI: -2.19, -0.88)","-1.94 (0.41, CI: -2.71, -1.12)","-2.03 (0.47, CI: -2.97, -1.11)","-1.99 (0.58, CI: -3.13, -0.86)","-2.09 (0.68, CI: -3.51, -0.85)","-2.42 (0.75, CI: -3.86, -0.9)","-2.82 (0.84, CI: -4.5, -1.19)","-3.13 (0.94, CI: -5.04, -1.35)","-3.23 (1.04, CI: -5.36, -1.29)","-3.15 (1.11, CI: -5.34, -0.99)","-2.93 (1.22, CI: -5.37, -0.58)","-26.5 (7.52, CI: -41.14, -11.67)","0.47",NA,"Yes"
"115","0.18 (0.22, CI: -0.28, 0.57)","-3.72 (0.27, CI: -4.24, -3.17)","-7.48 (0.47, CI: -8.43, -6.57)","-11 (0.67, CI: -12.32, -9.7)","-14.17 (0.83, CI: -15.85, -12.58)","-16.9 (0.99, CI: -18.88, -15.02)","-19.1 (1.12, CI: -21.32, -16.92)","-20.82 (1.22, CI: -23.21, -18.42)","-22.18 (1.3, CI: -24.87, -19.78)","-23.3 (1.36, CI: -26, -20.65)","-24.33 (1.41, CI: -27.16, -21.64)","-25.29 (1.47, CI: -28.12, -22.36)","-26.15 (1.55, CI: -29.29, -23.22)","-201.31 (11.6, CI: -224.47, -178.99)","0.19",NA,"Yes"
"116","0.04 (0.18, CI: -0.29, 0.4)","-0.79 (0.21, CI: -1.2, -0.39)","-1.48 (0.33, CI: -2.09, -0.81)","-1.9 (0.43, CI: -2.69, -0.99)","-2 (0.53, CI: -3, -0.91)","-1.99 (0.63, CI: -3.14, -0.66)","-2.11 (0.71, CI: -3.48, -0.69)","-2.45 (0.77, CI: -3.95, -0.94)","-2.84 (0.83, CI: -4.39, -1.16)","-3.1 (0.89, CI: -4.77, -1.26)","-3.1 (0.94, CI: -4.84, -1.14)","-2.89 (1, CI: -4.88, -0.95)","-2.51 (1.09, CI: -4.69, -0.43)","-25.9 (7.29, CI: -40.32, -11.75)","0.15",NA,"Yes"
"56","0.04 (0.17, CI: -0.29, 0.37)","-0.78 (0.18, CI: -1.13, -0.43)","-1.38 (0.3, CI: -1.99, -0.8)","-1.64 (0.41, CI: -2.41, -0.79)","-1.74 (0.52, CI: -2.7, -0.66)","-1.93 (0.6, CI: -3.14, -0.79)","-2.21 (0.67, CI: -3.57, -0.94)","-2.49 (0.74, CI: -3.9, -1.02)","-2.72 (0.8, CI: -4.38, -1.25)","-2.81 (0.86, CI: -4.47, -1.11)","-2.72 (0.92, CI: -4.58, -0.97)","-2.51 (0.99, CI: -4.41, -0.53)","-2.23 (1.08, CI: -4.44, -0.22)","-24.03 (7.13, CI: -39.01, -11.06)","0.29",NA,"Yes"
"55","-0.04 (0.23, CI: -0.47, 0.43)","-4.01 (0.28, CI: -4.55, -3.46)","-7.78 (0.47, CI: -8.66, -6.82)","-11.17 (0.65, CI: -12.46, -9.9)","-14.14 (0.82, CI: -15.77, -12.56)","-16.71 (0.96, CI: -18.53, -14.75)","-18.89 (1.08, CI: -20.94, -16.72)","-20.72 (1.17, CI: -22.87, -18.28)","-22.25 (1.26, CI: -24.64, -19.72)","-23.51 (1.33, CI: -26.09, -20.89)","-24.53 (1.4, CI: -27.36, -21.89)","-25.39 (1.47, CI: -28.33, -22.56)","-26.13 (1.55, CI: -29.14, -23.06)","-202.19 (11.2, CI: -223.05, -179.16)","0.93",NA,"Yes"
"128","0.04 (0.17, CI: -0.3, 0.38)","-0.78 (0.17, CI: -1.15, -0.46)","-1.38 (0.3, CI: -1.97, -0.79)","-1.63 (0.42, CI: -2.43, -0.8)","-1.74 (0.52, CI: -2.76, -0.72)","-1.93 (0.61, CI: -3.11, -0.73)","-2.21 (0.68, CI: -3.5, -0.85)","-2.51 (0.74, CI: -3.94, -1.03)","-2.73 (0.81, CI: -4.22, -1.06)","-2.81 (0.87, CI: -4.53, -1.12)","-2.71 (0.93, CI: -4.56, -0.93)","-2.51 (1, CI: -4.42, -0.48)","-2.25 (1.11, CI: -4.34, 0.02)","-24 (7.17, CI: -38.18, -10.09)","0.29",NA,"Yes"
"50","0.04 (0.28, CI: -0.49, 0.61)","-0.78 (0.25, CI: -1.26, -0.27)","-1.38 (0.32, CI: -2.05, -0.82)","-1.67 (0.37, CI: -2.37, -0.93)","-1.79 (0.44, CI: -2.64, -0.9)","-1.97 (0.54, CI: -3.02, -0.91)","-2.23 (0.62, CI: -3.46, -1.02)","-2.49 (0.71, CI: -3.92, -1.12)","-2.71 (0.81, CI: -4.33, -1.15)","-2.84 (0.9, CI: -4.65, -1.13)","-2.85 (0.98, CI: -4.79, -0.96)","-2.8 (1.07, CI: -4.96, -0.76)","-2.7 (1.17, CI: -5.06, -0.49)","-24.89 (7.23, CI: -39.88, -11.54)","1.53",NA,"Yes"
"74","0.04 (0.28, CI: -0.51, 0.6)","-0.78 (0.26, CI: -1.27, -0.26)","-1.38 (0.32, CI: -1.97, -0.71)","-1.67 (0.38, CI: -2.37, -0.9)","-1.78 (0.45, CI: -2.68, -0.91)","-1.95 (0.54, CI: -3.03, -0.9)","-2.2 (0.63, CI: -3.47, -1.01)","-2.47 (0.73, CI: -3.92, -1.07)","-2.69 (0.83, CI: -4.28, -1.02)","-2.81 (0.92, CI: -4.55, -0.95)","-2.83 (1, CI: -4.75, -0.82)","-2.76 (1.08, CI: -4.92, -0.69)","-2.66 (1.18, CI: -5, -0.37)","-24.68 (7.43, CI: -38.94, -9.8)","1.53",NA,"Yes"
"80","0.04 (0.17, CI: -0.29, 0.39)","-0.77 (0.18, CI: -1.14, -0.43)","-1.36 (0.3, CI: -1.94, -0.74)","-1.61 (0.42, CI: -2.42, -0.79)","-1.71 (0.53, CI: -2.73, -0.66)","-1.89 (0.62, CI: -3.15, -0.73)","-2.17 (0.69, CI: -3.62, -0.91)","-2.46 (0.76, CI: -3.97, -0.98)","-2.7 (0.83, CI: -4.32, -1.08)","-2.78 (0.89, CI: -4.6, -1.12)","-2.67 (0.95, CI: -4.58, -0.87)","-2.47 (1.02, CI: -4.52, -0.53)","-2.2 (1.09, CI: -4.47, -0.2)","-23.71 (7.37, CI: -38.27, -9.37)","0.29",NA,"Yes"
"67","0.18 (0.21, CI: -0.2, 0.63)","-3.7 (0.28, CI: -4.21, -3.12)","-7.46 (0.5, CI: -8.35, -6.41)","-10.97 (0.69, CI: -12.34, -9.63)","-14.13 (0.87, CI: -15.83, -12.44)","-16.86 (1.02, CI: -18.79, -14.78)","-19.07 (1.15, CI: -21.23, -16.74)","-20.78 (1.24, CI: -23.18, -18.33)","-22.13 (1.31, CI: -24.67, -19.53)","-23.27 (1.38, CI: -26.02, -20.6)","-24.3 (1.43, CI: -27.05, -21.45)","-25.23 (1.48, CI: -28.13, -22.35)","-26.1 (1.52, CI: -29.17, -23.19)","-200.88 (11.63, CI: -223.5, -177.9)","0.19",NA,"Yes"
"104","0.04 (0.18, CI: -0.31, 0.38)","-0.78 (0.18, CI: -1.14, -0.44)","-1.39 (0.31, CI: -1.98, -0.78)","-1.64 (0.42, CI: -2.44, -0.78)","-1.74 (0.53, CI: -2.78, -0.7)","-1.92 (0.61, CI: -3.14, -0.73)","-2.2 (0.68, CI: -3.52, -0.84)","-2.5 (0.74, CI: -4, -1.11)","-2.71 (0.78, CI: -4.3, -1.23)","-2.78 (0.84, CI: -4.46, -1.16)","-2.7 (0.91, CI: -4.39, -0.84)","-2.48 (0.99, CI: -4.31, -0.45)","-2.2 (1.07, CI: -4.27, -0.06)","-23.87 (7.06, CI: -37.37, -9.69)","0.29",NA,"Yes"
"103","-0.03 (0.24, CI: -0.5, 0.44)","-3.99 (0.28, CI: -4.54, -3.45)","-7.74 (0.46, CI: -8.63, -6.82)","-11.11 (0.64, CI: -12.36, -9.86)","-14.05 (0.8, CI: -15.7, -12.55)","-16.6 (0.94, CI: -18.53, -14.83)","-18.78 (1.06, CI: -21.01, -16.86)","-20.61 (1.16, CI: -22.98, -18.44)","-22.13 (1.25, CI: -24.62, -19.73)","-23.4 (1.32, CI: -26.05, -20.89)","-24.41 (1.38, CI: -27.19, -21.77)","-25.25 (1.45, CI: -28.21, -22.51)","-25.99 (1.53, CI: -28.99, -22.98)","-201.2 (11.21, CI: -223.27, -179.33)","0.92",NA,"Yes"
"73","-0.02 (0.42, CI: -0.82, 0.81)","-4 (0.39, CI: -4.8, -3.25)","-7.77 (0.5, CI: -8.79, -6.83)","-11.14 (0.59, CI: -12.34, -10.01)","-14.09 (0.72, CI: -15.51, -12.7)","-16.63 (0.86, CI: -18.29, -14.94)","-18.81 (0.99, CI: -20.88, -17)","-20.67 (1.13, CI: -22.95, -18.52)","-22.21 (1.28, CI: -24.76, -19.74)","-23.47 (1.42, CI: -26.32, -20.76)","-24.5 (1.56, CI: -27.58, -21.47)","-25.36 (1.7, CI: -28.82, -22.17)","-26.11 (1.85, CI: -29.73, -22.48)","-201.8 (11.81, CI: -225.03, -178.75)","2.45",NA,"Yes"
"49","-0.03 (0.41, CI: -0.85, 0.78)","-4.02 (0.41, CI: -4.8, -3.21)","-7.79 (0.51, CI: -8.8, -6.82)","-11.14 (0.6, CI: -12.25, -9.9)","-14.09 (0.73, CI: -15.64, -12.77)","-16.64 (0.87, CI: -18.24, -14.82)","-18.84 (1, CI: -20.81, -16.87)","-20.67 (1.13, CI: -22.95, -18.53)","-22.21 (1.27, CI: -24.75, -19.77)","-23.48 (1.42, CI: -26.26, -20.7)","-24.53 (1.56, CI: -27.58, -21.47)","-25.39 (1.69, CI: -28.63, -21.99)","-26.15 (1.85, CI: -29.75, -22.51)","-201.88 (11.79, CI: -225.69, -179.47)","2.45",NA,"Yes"
"31","-0.03 (0.23, CI: -0.51, 0.41)","-4 (0.28, CI: -4.56, -3.47)","-7.76 (0.47, CI: -8.61, -6.76)","-11.13 (0.66, CI: -12.39, -9.82)","-14.1 (0.82, CI: -15.71, -12.48)","-16.66 (0.96, CI: -18.44, -14.67)","-18.84 (1.08, CI: -20.88, -16.67)","-20.67 (1.17, CI: -22.94, -18.36)","-22.19 (1.26, CI: -24.53, -19.6)","-23.43 (1.34, CI: -26.16, -20.88)","-24.44 (1.42, CI: -27.3, -21.72)","-25.29 (1.51, CI: -28.2, -22.3)","-26.04 (1.6, CI: -29.02, -22.76)","-201.56 (11.36, CI: -222.48, -177.96)","0.92",NA,"Yes"
"32","0.04 (0.17, CI: -0.31, 0.37)","-0.78 (0.18, CI: -1.13, -0.42)","-1.38 (0.3, CI: -1.97, -0.78)","-1.62 (0.42, CI: -2.44, -0.8)","-1.73 (0.52, CI: -2.72, -0.67)","-1.92 (0.61, CI: -3.12, -0.72)","-2.2 (0.68, CI: -3.54, -0.86)","-2.5 (0.75, CI: -3.97, -1.03)","-2.75 (0.81, CI: -4.4, -1.22)","-2.81 (0.88, CI: -4.59, -1.15)","-2.72 (0.94, CI: -4.53, -0.85)","-2.51 (1, CI: -4.58, -0.67)","-2.24 (1.09, CI: -4.31, -0.05)","-24 (7.21, CI: -38.26, -10.02)","0.28",NA,"Yes"
"133","0.19 (0.37, CI: -0.53, 0.93)","-3.73 (0.36, CI: -4.46, -3.03)","-7.51 (0.48, CI: -8.45, -6.56)","-11.02 (0.59, CI: -12.16, -9.85)","-14.16 (0.67, CI: -15.47, -12.82)","-16.85 (0.81, CI: -18.34, -15.16)","-19.03 (0.94, CI: -20.86, -17.16)","-20.73 (1.04, CI: -22.81, -18.73)","-22.1 (1.17, CI: -24.39, -19.81)","-23.24 (1.31, CI: -25.89, -20.77)","-24.24 (1.43, CI: -26.92, -21.32)","-25.13 (1.54, CI: -28.29, -22.23)","-25.97 (1.66, CI: -29.11, -22.61)","-200.64 (10.5, CI: -221.49, -180.32)","1.03",NA,"Yes"
"68","0.04 (0.17, CI: -0.31, 0.37)","-0.8 (0.2, CI: -1.2, -0.41)","-1.49 (0.33, CI: -2.16, -0.85)","-1.92 (0.45, CI: -2.77, -0.99)","-2.03 (0.56, CI: -3.1, -0.91)","-2.03 (0.67, CI: -3.27, -0.65)","-2.16 (0.75, CI: -3.59, -0.64)","-2.5 (0.82, CI: -4.05, -0.85)","-2.88 (0.87, CI: -4.48, -1.09)","-3.15 (0.93, CI: -4.95, -1.33)","-3.15 (0.98, CI: -5.02, -1.16)","-2.92 (1.05, CI: -4.95, -0.85)","-2.57 (1.13, CI: -4.71, -0.28)","-26.34 (7.67, CI: -41.2, -11.13)","0.15",NA,"Yes"
"122","0.04 (0.28, CI: -0.52, 0.58)","-0.78 (0.25, CI: -1.28, -0.29)","-1.39 (0.32, CI: -2.02, -0.77)","-1.66 (0.38, CI: -2.41, -0.94)","-1.79 (0.46, CI: -2.74, -0.92)","-1.96 (0.55, CI: -2.97, -0.82)","-2.21 (0.64, CI: -3.42, -0.93)","-2.48 (0.73, CI: -3.92, -1.05)","-2.71 (0.84, CI: -4.21, -0.93)","-2.83 (0.93, CI: -4.53, -0.91)","-2.84 (1.01, CI: -4.69, -0.73)","-2.78 (1.09, CI: -4.91, -0.62)","-2.67 (1.2, CI: -5.02, -0.32)","-24.71 (7.5, CI: -38.54, -9.16)","1.54",NA,"Yes"
"109","0.19 (0.37, CI: -0.52, 0.92)","-3.74 (0.37, CI: -4.46, -3.03)","-7.51 (0.5, CI: -8.54, -6.57)","-11 (0.62, CI: -12.23, -9.81)","-14.13 (0.72, CI: -15.63, -12.8)","-16.79 (0.85, CI: -18.43, -15.1)","-18.98 (0.98, CI: -20.94, -17.08)","-20.69 (1.1, CI: -22.85, -18.53)","-22.05 (1.24, CI: -24.48, -19.61)","-23.21 (1.39, CI: -26, -20.57)","-24.22 (1.52, CI: -27.17, -21.21)","-25.14 (1.64, CI: -28.34, -21.9)","-25.95 (1.78, CI: -29.39, -22.41)","-200.27 (11.32, CI: -223.2, -178.82)","1.03",NA,"Yes"
"163","0.24 (0.39, CI: -0.51, 0.98)","-4.03 (0.37, CI: -4.74, -3.29)","-7.79 (0.48, CI: -8.69, -6.86)","-11.12 (0.56, CI: -12.2, -10.01)","-14.09 (0.66, CI: -15.39, -12.81)","-16.68 (0.79, CI: -18.23, -15.11)","-18.84 (0.93, CI: -20.67, -16.96)","-20.59 (1.06, CI: -22.67, -18.48)","-22.05 (1.21, CI: -24.38, -19.62)","-23.36 (1.36, CI: -25.97, -20.69)","-24.53 (1.52, CI: -27.4, -21.51)","-25.48 (1.65, CI: -28.59, -22.19)","-26.12 (1.77, CI: -29.47, -22.59)","-201.49 (10.76, CI: -222.25, -180.35)","1.02","1.07","Yes"
"199","0.24 (0.39, CI: -0.5, 1.02)","-4.04 (0.36, CI: -4.74, -3.34)","-7.81 (0.47, CI: -8.73, -6.89)","-11.15 (0.56, CI: -12.23, -10.03)","-14.12 (0.66, CI: -15.41, -12.79)","-16.7 (0.8, CI: -18.28, -15.11)","-18.87 (0.94, CI: -20.7, -16.99)","-20.62 (1.07, CI: -22.68, -18.49)","-22.09 (1.21, CI: -24.44, -19.68)","-23.41 (1.37, CI: -26.09, -20.68)","-24.58 (1.53, CI: -27.57, -21.59)","-25.54 (1.66, CI: -28.85, -22.26)","-26.18 (1.78, CI: -29.73, -22.7)","-201.9 (10.81, CI: -223.02, -180.22)","1.01","1.07","Yes"
"151","0.24 (0.38, CI: -0.52, 0.95)","-4.03 (0.36, CI: -4.75, -3.31)","-7.79 (0.47, CI: -8.71, -6.85)","-11.13 (0.56, CI: -12.24, -10.03)","-14.1 (0.66, CI: -15.38, -12.83)","-16.7 (0.81, CI: -18.28, -15.14)","-18.87 (0.95, CI: -20.72, -17.02)","-20.62 (1.08, CI: -22.7, -18.54)","-22.09 (1.22, CI: -24.46, -19.72)","-23.4 (1.37, CI: -26.1, -20.74)","-24.57 (1.53, CI: -27.59, -21.62)","-25.52 (1.67, CI: -28.79, -22.29)","-26.16 (1.81, CI: -29.69, -22.63)","-201.79 (10.88, CI: -222.83, -180.69)","1","1.07","Yes"
"200","-0.02 (0.26, CI: -0.54, 0.48)","-0.82 (0.24, CI: -1.3, -0.36)","-1.39 (0.32, CI: -2.04, -0.77)","-1.77 (0.39, CI: -2.52, -1)","-2 (0.46, CI: -2.89, -1.09)","-2.16 (0.56, CI: -3.22, -1.02)","-2.34 (0.66, CI: -3.6, -0.98)","-2.56 (0.75, CI: -3.99, -1.03)","-2.79 (0.86, CI: -4.42, -1.07)","-2.99 (0.97, CI: -4.87, -1.05)","-3.12 (1.08, CI: -5.19, -0.98)","-3.14 (1.17, CI: -5.36, -0.81)","-3.01 (1.27, CI: -5.41, -0.48)","-26.57 (7.58, CI: -41.34, -11.42)","0.42","0.75","Yes"
"187","0.23 (0.37, CI: -0.51, 0.94)","-4.04 (0.36, CI: -4.74, -3.31)","-7.8 (0.48, CI: -8.72, -6.85)","-11.14 (0.56, CI: -12.24, -10.04)","-14.11 (0.66, CI: -15.38, -12.86)","-16.71 (0.8, CI: -18.3, -15.13)","-18.87 (0.94, CI: -20.74, -16.99)","-20.62 (1.06, CI: -22.78, -18.5)","-22.08 (1.21, CI: -24.6, -19.7)","-23.38 (1.37, CI: -26.16, -20.74)","-24.55 (1.53, CI: -27.61, -21.58)","-25.5 (1.66, CI: -28.8, -22.3)","-26.15 (1.78, CI: -29.75, -22.71)","-201.77 (10.82, CI: -223.42, -180.8)","0.99","1.07","Yes"
"164","-0.01 (0.26, CI: -0.52, 0.5)","-0.82 (0.24, CI: -1.32, -0.36)","-1.39 (0.32, CI: -2.04, -0.81)","-1.78 (0.38, CI: -2.54, -1.06)","-2.02 (0.45, CI: -2.93, -1.13)","-2.19 (0.56, CI: -3.3, -1.1)","-2.37 (0.66, CI: -3.68, -1.09)","-2.59 (0.75, CI: -4.09, -1.15)","-2.82 (0.85, CI: -4.53, -1.2)","-3.03 (0.95, CI: -4.97, -1.17)","-3.16 (1.06, CI: -5.32, -1.09)","-3.19 (1.15, CI: -5.53, -0.94)","-3.07 (1.26, CI: -5.57, -0.62)","-26.9 (7.49, CI: -41.97, -12.43)","0.43","0.75","Yes"
"175","0.23 (0.39, CI: -0.52, 1)","-4.05 (0.36, CI: -4.76, -3.35)","-7.82 (0.47, CI: -8.73, -6.9)","-11.15 (0.55, CI: -12.25, -10.07)","-14.13 (0.65, CI: -15.45, -12.88)","-16.72 (0.8, CI: -18.32, -15.18)","-18.89 (0.94, CI: -20.79, -17.08)","-20.65 (1.06, CI: -22.72, -18.62)","-22.12 (1.2, CI: -24.49, -19.83)","-23.44 (1.36, CI: -26.12, -20.81)","-24.61 (1.52, CI: -27.62, -21.68)","-25.57 (1.66, CI: -28.85, -22.37)","-26.21 (1.78, CI: -29.73, -22.83)","-202.14 (10.75, CI: -223.38, -181.69)","0.97","1.07","Yes"
"152","-0.01 (0.26, CI: -0.55, 0.51)","-0.82 (0.25, CI: -1.33, -0.36)","-1.39 (0.33, CI: -2.06, -0.77)","-1.77 (0.39, CI: -2.55, -1.02)","-2.01 (0.46, CI: -2.9, -1.1)","-2.17 (0.56, CI: -3.26, -1.09)","-2.35 (0.66, CI: -3.62, -1.06)","-2.57 (0.75, CI: -4.03, -1.1)","-2.79 (0.85, CI: -4.42, -1.13)","-2.99 (0.97, CI: -4.86, -1.1)","-3.13 (1.08, CI: -5.19, -1.08)","-3.15 (1.18, CI: -5.39, -0.93)","-3.02 (1.27, CI: -5.46, -0.55)","-26.65 (7.57, CI: -41.47, -12.09)","0.43","0.75","Yes"
"188","-0.02 (0.27, CI: -0.54, 0.52)","-0.82 (0.25, CI: -1.31, -0.37)","-1.39 (0.32, CI: -2.05, -0.78)","-1.78 (0.38, CI: -2.52, -1.03)","-2.01 (0.46, CI: -2.88, -1.09)","-2.17 (0.56, CI: -3.27, -1.05)","-2.35 (0.66, CI: -3.62, -1.02)","-2.57 (0.75, CI: -4.02, -1.05)","-2.8 (0.86, CI: -4.44, -1.06)","-3 (0.97, CI: -4.85, -1.04)","-3.13 (1.08, CI: -5.23, -0.97)","-3.15 (1.17, CI: -5.43, -0.84)","-3.02 (1.27, CI: -5.48, -0.47)","-26.69 (7.56, CI: -41.19, -11.53)","0.42","0.75","Yes"
"176","-0.01 (0.27, CI: -0.54, 0.51)","-0.82 (0.25, CI: -1.31, -0.33)","-1.39 (0.32, CI: -2.04, -0.77)","-1.77 (0.38, CI: -2.54, -1.06)","-2.01 (0.45, CI: -2.91, -1.14)","-2.17 (0.56, CI: -3.29, -1.06)","-2.34 (0.66, CI: -3.64, -1.04)","-2.56 (0.75, CI: -4.02, -1.09)","-2.78 (0.85, CI: -4.47, -1.14)","-2.97 (0.96, CI: -4.88, -1.12)","-3.1 (1.06, CI: -5.2, -1.04)","-3.12 (1.16, CI: -5.4, -0.86)","-3 (1.26, CI: -5.43, -0.57)","-26.55 (7.52, CI: -41.49, -12.03)","0.42","0.75","Yes"
"40","-1.1 (1.05, CI: -3.18, 0.95)","-2.19 (0.91, CI: -3.91, -0.33)","-3.08 (0.9, CI: -4.75, -1.24)","-3.67 (0.9, CI: -5.34, -1.8)","-4.13 (0.97, CI: -5.96, -2.17)","-4.61 (1.09, CI: -6.73, -2.47)","-5.24 (1.23, CI: -7.72, -2.88)","-5.9 (1.4, CI: -8.75, -3.26)","-6.43 (1.57, CI: -9.38, -3.22)","-6.66 (1.75, CI: -10.04, -3.18)","-6.58 (1.95, CI: -10.24, -2.61)","-6.3 (2.13, CI: -10.4, -2.04)","-5.85 (2.36, CI: -10.32, -1.08)","-58.14 (14.53, CI: -85.57, -28.63)","7.51",NA,"Yes"
"138","-1.62 (1.41, CI: -4.43, 1.1)","-2.53 (1.2, CI: -4.93, -0.23)","-3.41 (1.14, CI: -5.71, -1.25)","-4.2 (1.13, CI: -6.48, -2.04)","-4.97 (1.18, CI: -7.33, -2.7)","-5.79 (1.3, CI: -8.3, -3.19)","-6.63 (1.45, CI: -9.35, -3.68)","-7.44 (1.61, CI: -10.5, -4.19)","-8.06 (1.81, CI: -11.29, -4.17)","-8.42 (2.02, CI: -12.26, -4.33)","-8.48 (2.23, CI: -12.73, -3.98)","-8.34 (2.48, CI: -13.03, -3.33)","-8.07 (2.73, CI: -13.27, -2.58)","-73.05 (17.09, CI: -104.9, -37.92)","9.97",NA,"Yes"
"54","-1.69 (1.42, CI: -4.21, 1.36)","-2.6 (1.21, CI: -4.82, -0.09)","-3.46 (1.13, CI: -5.62, -1.18)","-4.23 (1.1, CI: -6.33, -2.02)","-4.97 (1.16, CI: -7.38, -2.82)","-5.75 (1.29, CI: -8.21, -3.15)","-6.59 (1.43, CI: -9.44, -3.84)","-7.39 (1.6, CI: -10.66, -4.4)","-7.99 (1.79, CI: -11.4, -4.37)","-8.31 (2.01, CI: -12.12, -4.25)","-8.37 (2.24, CI: -12.98, -4.2)","-8.25 (2.48, CI: -13.24, -3.53)","-7.95 (2.75, CI: -13.48, -2.7)","-72.47 (16.93, CI: -103.84, -37.46)","9.96",NA,"Yes"
"42","-1.7 (1.36, CI: -4.27, 1.06)","-2.59 (1.17, CI: -4.91, -0.33)","-3.45 (1.11, CI: -5.65, -1.31)","-4.23 (1.1, CI: -6.26, -1.96)","-4.95 (1.14, CI: -7.25, -2.78)","-5.75 (1.26, CI: -8.32, -3.38)","-6.61 (1.43, CI: -9.4, -3.8)","-7.42 (1.6, CI: -10.37, -4.09)","-8.03 (1.82, CI: -11.53, -4.4)","-8.36 (2.04, CI: -12.17, -4.17)","-8.39 (2.27, CI: -12.79, -3.88)","-8.23 (2.52, CI: -13.25, -3.37)","-7.94 (2.79, CI: -13.37, -2.43)","-72.8 (16.94, CI: -103.98, -37.59)","9.97",NA,"Yes"
"112","-1.09 (1.03, CI: -3.13, 0.91)","-2.13 (0.91, CI: -3.86, -0.31)","-3 (0.91, CI: -4.63, -1.08)","-3.64 (0.92, CI: -5.51, -1.92)","-4.1 (0.97, CI: -6.01, -2.2)","-4.6 (1.08, CI: -6.84, -2.61)","-5.24 (1.22, CI: -7.68, -2.9)","-5.9 (1.38, CI: -8.55, -3.15)","-6.45 (1.56, CI: -9.61, -3.49)","-6.67 (1.76, CI: -10.14, -3.25)","-6.61 (1.94, CI: -10.5, -2.88)","-6.28 (2.14, CI: -10.35, -1.97)","-5.82 (2.36, CI: -10.64, -1.38)","-58.15 (14.44, CI: -86.26, -29.66)","7.55",NA,"Yes"
"78","-1.63 (1.38, CI: -4.47, 0.94)","-2.55 (1.18, CI: -4.79, -0.16)","-3.41 (1.12, CI: -5.63, -1.23)","-4.19 (1.12, CI: -6.37, -1.98)","-4.93 (1.18, CI: -7.16, -2.55)","-5.72 (1.28, CI: -8.18, -3.15)","-6.55 (1.42, CI: -9.35, -3.78)","-7.34 (1.59, CI: -10.4, -4.17)","-7.94 (1.82, CI: -11.47, -4.34)","-8.26 (2.05, CI: -12.32, -4.26)","-8.29 (2.28, CI: -12.9, -3.96)","-8.1 (2.53, CI: -13.2, -3.27)","-7.82 (2.82, CI: -13.77, -2.7)","-72.22 (16.91, CI: -105.07, -38.79)","9.96",NA,"Yes"
"64","-1.06 (1.06, CI: -3.05, 1.1)","-2.14 (0.93, CI: -3.88, -0.25)","-3.05 (0.91, CI: -4.77, -1.19)","-3.68 (0.93, CI: -5.53, -1.88)","-4.15 (0.98, CI: -5.98, -2.14)","-4.66 (1.09, CI: -6.79, -2.5)","-5.33 (1.24, CI: -7.77, -2.91)","-6.02 (1.42, CI: -8.74, -3.19)","-6.56 (1.6, CI: -9.73, -3.44)","-6.83 (1.8, CI: -10.24, -3.17)","-6.77 (1.99, CI: -10.65, -2.84)","-6.48 (2.22, CI: -10.82, -2.12)","-5.98 (2.44, CI: -10.83, -1.25)","-59.34 (14.85, CI: -87.77, -29.56)","7.51",NA,"Yes"
"66","-1.69 (1.42, CI: -4.21, 1.36)","-2.6 (1.21, CI: -4.82, -0.09)","-3.46 (1.13, CI: -5.62, -1.18)","-4.23 (1.1, CI: -6.33, -2.02)","-4.97 (1.16, CI: -7.38, -2.82)","-5.75 (1.29, CI: -8.21, -3.15)","-6.59 (1.43, CI: -9.44, -3.84)","-7.39 (1.6, CI: -10.66, -4.4)","-7.99 (1.79, CI: -11.4, -4.37)","-8.31 (2.01, CI: -12.12, -4.25)","-8.37 (2.24, CI: -12.98, -4.2)","-8.25 (2.48, CI: -13.24, -3.53)","-7.95 (2.75, CI: -13.48, -2.7)","-72.47 (16.93, CI: -103.84, -37.46)","9.96",NA,"Yes"
"52","-0.92 (0.86, CI: -2.66, 0.72)","-1.89 (0.73, CI: -3.35, -0.5)","-2.71 (0.75, CI: -4.06, -1.12)","-3.3 (0.79, CI: -4.88, -1.77)","-3.75 (0.88, CI: -5.49, -2.03)","-4.3 (1.03, CI: -6.36, -2.31)","-4.99 (1.18, CI: -7.31, -2.68)","-5.7 (1.36, CI: -8.24, -2.93)","-6.22 (1.55, CI: -9.07, -3)","-6.46 (1.73, CI: -9.6, -2.82)","-6.38 (1.92, CI: -10.07, -2.54)","-6.04 (2.11, CI: -10, -1.72)","-5.52 (2.31, CI: -9.81, -0.74)","-54.96 (14.13, CI: -83.57, -28.18)","6.11",NA,"Yes"
"90","-1.63 (1.38, CI: -4.47, 0.94)","-2.55 (1.18, CI: -4.79, -0.16)","-3.41 (1.12, CI: -5.63, -1.23)","-4.19 (1.12, CI: -6.37, -1.98)","-4.93 (1.18, CI: -7.16, -2.55)","-5.72 (1.28, CI: -8.18, -3.15)","-6.55 (1.42, CI: -9.35, -3.78)","-7.34 (1.59, CI: -10.4, -4.17)","-7.94 (1.82, CI: -11.47, -4.34)","-8.26 (2.05, CI: -12.32, -4.26)","-8.29 (2.28, CI: -12.9, -3.96)","-8.1 (2.53, CI: -13.2, -3.27)","-7.82 (2.82, CI: -13.77, -2.7)","-72.22 (16.91, CI: -105.07, -38.79)","9.96",NA,"Yes"
"136","-1.1 (1.05, CI: -3.28, 0.83)","-2.15 (0.91, CI: -3.98, -0.4)","-3.04 (0.89, CI: -4.83, -1.34)","-3.68 (0.91, CI: -5.41, -1.86)","-4.16 (0.97, CI: -6.04, -2.24)","-4.69 (1.09, CI: -6.78, -2.49)","-5.35 (1.23, CI: -7.83, -3)","-6.04 (1.39, CI: -8.71, -3.27)","-6.56 (1.57, CI: -9.63, -3.49)","-6.81 (1.74, CI: -10.31, -3.48)","-6.77 (1.93, CI: -10.77, -3.22)","-6.47 (2.12, CI: -10.42, -2.12)","-5.99 (2.34, CI: -10.65, -1.49)","-59.25 (14.56, CI: -87.89, -30.82)","7.51",NA,"Yes"
"76","-0.86 (0.92, CI: -2.67, 0.93)","-1.84 (0.77, CI: -3.39, -0.39)","-2.65 (0.76, CI: -4.15, -1.16)","-3.22 (0.8, CI: -4.75, -1.62)","-3.66 (0.89, CI: -5.42, -1.95)","-4.19 (1.03, CI: -6.18, -2.14)","-4.86 (1.19, CI: -7.23, -2.55)","-5.54 (1.37, CI: -8.34, -2.95)","-6.05 (1.58, CI: -9.17, -2.96)","-6.28 (1.78, CI: -9.84, -2.87)","-6.17 (1.97, CI: -10.03, -2.29)","-5.82 (2.18, CI: -10.24, -1.71)","-5.3 (2.4, CI: -10.16, -0.75)","-53.22 (14.19, CI: -80.8, -25.16)","6.13",NA,"Yes"
"114","-1.72 (1.4, CI: -4.56, 0.92)","-2.61 (1.21, CI: -4.95, -0.2)","-3.44 (1.16, CI: -5.79, -1.26)","-4.19 (1.13, CI: -6.43, -2.02)","-4.94 (1.16, CI: -7.18, -2.64)","-5.71 (1.27, CI: -8.08, -3.11)","-6.53 (1.43, CI: -9.45, -3.84)","-7.31 (1.63, CI: -10.66, -4.29)","-7.9 (1.84, CI: -11.48, -4.26)","-8.2 (2.06, CI: -12.36, -4.3)","-8.22 (2.28, CI: -12.87, -3.91)","-8.04 (2.52, CI: -13.2, -3.3)","-7.73 (2.78, CI: -13.48, -2.58)","-71.82 (16.97, CI: -103.67, -37.13)","9.97",NA,"Yes"
"30","-1.7 (1.36, CI: -4.27, 1.06)","-2.59 (1.17, CI: -4.91, -0.33)","-3.45 (1.11, CI: -5.65, -1.31)","-4.23 (1.1, CI: -6.26, -1.96)","-4.95 (1.14, CI: -7.25, -2.78)","-5.75 (1.26, CI: -8.32, -3.38)","-6.61 (1.43, CI: -9.4, -3.8)","-7.42 (1.6, CI: -10.37, -4.09)","-8.03 (1.82, CI: -11.53, -4.4)","-8.36 (2.04, CI: -12.17, -4.17)","-8.39 (2.27, CI: -12.79, -3.88)","-8.23 (2.52, CI: -13.25, -3.37)","-7.94 (2.79, CI: -13.37, -2.43)","-72.8 (16.94, CI: -103.98, -37.59)","9.97",NA,"Yes"
"126","-1.62 (1.41, CI: -4.43, 1.1)","-2.53 (1.2, CI: -4.93, -0.23)","-3.41 (1.14, CI: -5.71, -1.25)","-4.2 (1.13, CI: -6.48, -2.04)","-4.97 (1.18, CI: -7.33, -2.7)","-5.79 (1.3, CI: -8.3, -3.19)","-6.63 (1.45, CI: -9.35, -3.68)","-7.44 (1.61, CI: -10.5, -4.19)","-8.06 (1.81, CI: -11.29, -4.17)","-8.42 (2.02, CI: -12.26, -4.33)","-8.48 (2.23, CI: -12.73, -3.98)","-8.34 (2.48, CI: -13.03, -3.33)","-8.07 (2.73, CI: -13.27, -2.58)","-73.05 (17.09, CI: -104.9, -37.92)","9.97",NA,"Yes"
"88","-1.09 (1.05, CI: -3.17, 0.95)","-2.13 (0.92, CI: -3.94, -0.33)","-3.02 (0.9, CI: -4.77, -1.23)","-3.62 (0.92, CI: -5.46, -1.84)","-4.09 (1, CI: -6.13, -2.22)","-4.6 (1.13, CI: -6.89, -2.47)","-5.24 (1.27, CI: -7.83, -2.84)","-5.93 (1.44, CI: -8.91, -3.28)","-6.46 (1.65, CI: -9.73, -3.27)","-6.72 (1.84, CI: -10.28, -3.06)","-6.65 (2.05, CI: -10.55, -2.53)","-6.36 (2.26, CI: -10.71, -1.87)","-5.89 (2.48, CI: -10.8, -1.08)","-58.2 (15.05, CI: -88.52, -29.52)","7.53",NA,"Yes"
"124","-0.87 (0.88, CI: -2.65, 0.8)","-1.87 (0.75, CI: -3.32, -0.39)","-2.71 (0.75, CI: -4.16, -1.23)","-3.27 (0.78, CI: -4.75, -1.7)","-3.75 (0.87, CI: -5.41, -2.01)","-4.3 (1, CI: -6.26, -2.34)","-4.99 (1.14, CI: -7.14, -2.68)","-5.67 (1.31, CI: -8.17, -3.02)","-6.2 (1.49, CI: -9.23, -3.39)","-6.43 (1.68, CI: -9.72, -3.15)","-6.34 (1.85, CI: -10.11, -2.86)","-6 (2.05, CI: -10.15, -2.13)","-5.51 (2.26, CI: -9.99, -1.14)","-54.68 (13.56, CI: -81.47, -28.31)","6.14",NA,"Yes"
"102","-1.72 (1.4, CI: -4.56, 0.92)","-2.61 (1.21, CI: -4.95, -0.2)","-3.44 (1.16, CI: -5.79, -1.26)","-4.19 (1.13, CI: -6.43, -2.02)","-4.94 (1.16, CI: -7.18, -2.64)","-5.71 (1.27, CI: -8.08, -3.11)","-6.53 (1.43, CI: -9.45, -3.84)","-7.31 (1.63, CI: -10.66, -4.29)","-7.9 (1.84, CI: -11.48, -4.26)","-8.2 (2.06, CI: -12.36, -4.3)","-8.22 (2.28, CI: -12.87, -3.91)","-8.04 (2.52, CI: -13.2, -3.3)","-7.73 (2.78, CI: -13.48, -2.58)","-71.82 (16.97, CI: -103.67, -37.13)","9.97",NA,"Yes"
"28","-0.82 (0.92, CI: -2.66, 0.93)","-1.79 (0.77, CI: -3.43, -0.43)","-2.66 (0.76, CI: -4.17, -1.2)","-3.24 (0.8, CI: -4.91, -1.8)","-3.71 (0.86, CI: -5.32, -1.94)","-4.26 (0.99, CI: -6.15, -2.26)","-4.95 (1.13, CI: -7.09, -2.66)","-5.66 (1.28, CI: -8.08, -3.08)","-6.19 (1.45, CI: -8.94, -3.24)","-6.43 (1.63, CI: -9.54, -3.16)","-6.37 (1.82, CI: -9.77, -2.64)","-6.05 (2.03, CI: -10.06, -2.11)","-5.57 (2.23, CI: -9.67, -0.93)","-54.42 (13.33, CI: -79.03, -26.78)","6.15",NA,"Yes"
"101","-4.29 (1.37, CI: -6.81, -1.45)","-7.1 (1.22, CI: -9.56, -4.77)","-9.96 (1.19, CI: -12.23, -7.57)","-12.91 (1.18, CI: -15.13, -10.5)","-15.92 (1.17, CI: -18.17, -13.57)","-18.77 (1.18, CI: -21.09, -16.47)","-21.23 (1.23, CI: -23.62, -18.79)","-23.21 (1.29, CI: -25.68, -20.61)","-24.8 (1.37, CI: -27.49, -22.11)","-26.06 (1.46, CI: -28.85, -23.13)","-27.04 (1.56, CI: -30.16, -24.04)","-27.85 (1.65, CI: -31.05, -24.57)","-28.52 (1.8, CI: -31.92, -24.87)","-231.34 (14.49, CI: -259.02, -202.22)","8.81",NA,"Yes"
"41","-4.38 (1.34, CI: -7.03, -1.78)","-7.18 (1.21, CI: -9.52, -4.78)","-10.02 (1.17, CI: -12.33, -7.75)","-12.96 (1.15, CI: -15.21, -10.71)","-15.95 (1.14, CI: -18.28, -13.83)","-18.78 (1.16, CI: -21.05, -16.52)","-21.24 (1.19, CI: -23.66, -19)","-23.22 (1.23, CI: -25.77, -20.94)","-24.79 (1.3, CI: -27.37, -22.27)","-26.04 (1.38, CI: -28.66, -23.25)","-27.03 (1.47, CI: -29.93, -24.16)","-27.81 (1.57, CI: -30.83, -24.69)","-28.43 (1.7, CI: -31.79, -25.12)","-231.41 (13.97, CI: -257.32, -202.56)","8.8",NA,"Yes"
"48","-1.94 (1.15, CI: -4.35, 0.16)","-2.7 (1.08, CI: -4.9, -0.65)","-3.44 (1.19, CI: -5.8, -1.16)","-4.17 (1.34, CI: -6.74, -1.51)","-4.87 (1.5, CI: -7.73, -1.84)","-5.62 (1.65, CI: -8.9, -2.41)","-6.48 (1.81, CI: -10.25, -3.15)","-7.33 (1.97, CI: -11.21, -3.48)","-7.94 (2.15, CI: -12.11, -3.68)","-8.21 (2.37, CI: -13.08, -3.78)","-8.12 (2.61, CI: -13.37, -3.12)","-7.81 (2.89, CI: -13.16, -1.84)","-7.3 (3.21, CI: -13.87, -1.26)","-71.55 (20.84, CI: -109.76, -28.07)","7.66",NA,"Yes"
"111","-3.37 (1.11, CI: -5.65, -1.3)","-6.37 (1.02, CI: -8.44, -4.46)","-9.36 (1, CI: -11.48, -7.57)","-12.34 (1, CI: -14.34, -10.42)","-15.24 (1.01, CI: -17.15, -13.19)","-17.94 (1.03, CI: -19.83, -15.81)","-20.27 (1.09, CI: -22.53, -18.27)","-22.18 (1.16, CI: -24.42, -19.86)","-23.72 (1.24, CI: -25.97, -21.12)","-24.93 (1.35, CI: -27.45, -22.17)","-25.88 (1.45, CI: -28.75, -23.06)","-26.61 (1.57, CI: -29.76, -23.62)","-27.19 (1.71, CI: -30.58, -23.88)","-219.99 (12.67, CI: -244.79, -195.12)","7.21",NA,"Yes"
"132","-1.99 (1.13, CI: -4.11, 0.32)","-2.75 (1.09, CI: -4.97, -0.69)","-3.46 (1.21, CI: -5.81, -1.06)","-4.12 (1.35, CI: -6.73, -1.43)","-4.8 (1.56, CI: -7.81, -1.71)","-5.57 (1.74, CI: -8.96, -2.14)","-6.41 (1.9, CI: -10.24, -2.8)","-7.22 (2.04, CI: -11.26, -3.27)","-7.83 (2.22, CI: -12.4, -3.69)","-8.09 (2.41, CI: -12.64, -3.18)","-8.05 (2.63, CI: -13.1, -2.79)","-7.71 (2.9, CI: -13.18, -1.81)","-7.19 (3.22, CI: -13.64, -1.02)","-70.81 (21.45, CI: -112.89, -28.82)","7.67",NA,"Yes"
"130","-1.13 (0.71, CI: -2.52, 0.25)","-1.95 (0.63, CI: -3.19, -0.72)","-2.64 (0.74, CI: -4.17, -1.27)","-3.13 (0.88, CI: -4.82, -1.37)","-3.56 (1.05, CI: -5.62, -1.51)","-4.12 (1.21, CI: -6.47, -1.74)","-4.85 (1.34, CI: -7.46, -2.22)","-5.62 (1.46, CI: -8.44, -2.71)","-6.19 (1.63, CI: -9.29, -2.91)","-6.39 (1.79, CI: -9.87, -2.85)","-6.21 (2, CI: -10.21, -2.38)","-5.74 (2.23, CI: -10.04, -1.32)","-5.02 (2.5, CI: -9.89, -0.11)","-53.38 (15.05, CI: -81.36, -22.36)","4.18",NA,"Yes"
"29","-4.38 (1.34, CI: -7.03, -1.78)","-7.18 (1.21, CI: -9.52, -4.78)","-10.02 (1.17, CI: -12.33, -7.75)","-12.96 (1.15, CI: -15.21, -10.71)","-15.95 (1.14, CI: -18.28, -13.83)","-18.78 (1.16, CI: -21.05, -16.52)","-21.24 (1.19, CI: -23.66, -19)","-23.22 (1.23, CI: -25.77, -20.94)","-24.79 (1.3, CI: -27.37, -22.27)","-26.04 (1.38, CI: -28.66, -23.25)","-27.03 (1.47, CI: -29.93, -24.16)","-27.81 (1.57, CI: -30.83, -24.69)","-28.43 (1.7, CI: -31.79, -25.12)","-231.41 (13.97, CI: -257.32, -202.56)","8.8",NA,"Yes"
"113","-4.29 (1.37, CI: -6.81, -1.45)","-7.1 (1.22, CI: -9.56, -4.77)","-9.96 (1.19, CI: -12.23, -7.57)","-12.91 (1.18, CI: -15.13, -10.5)","-15.92 (1.17, CI: -18.17, -13.57)","-18.77 (1.18, CI: -21.09, -16.47)","-21.23 (1.23, CI: -23.62, -18.79)","-23.21 (1.29, CI: -25.68, -20.61)","-24.8 (1.37, CI: -27.49, -22.11)","-26.06 (1.46, CI: -28.85, -23.13)","-27.04 (1.56, CI: -30.16, -24.04)","-27.85 (1.65, CI: -31.05, -24.57)","-28.52 (1.8, CI: -31.92, -24.87)","-231.34 (14.49, CI: -259.02, -202.22)","8.81",NA,"Yes"
"46","-1.33 (0.88, CI: -3.02, 0.45)","-2.23 (0.82, CI: -3.89, -0.67)","-3 (0.92, CI: -4.71, -1.09)","-3.53 (1.04, CI: -5.56, -1.49)","-3.97 (1.17, CI: -6.2, -1.62)","-4.47 (1.34, CI: -7.11, -1.87)","-5.15 (1.46, CI: -8.04, -2.31)","-5.84 (1.6, CI: -8.93, -2.65)","-6.41 (1.78, CI: -9.87, -2.89)","-6.62 (1.97, CI: -10.55, -2.82)","-6.43 (2.17, CI: -10.68, -2.19)","-5.96 (2.41, CI: -10.63, -1.17)","-5.31 (2.7, CI: -10.9, -0.31)","-56.66 (16.6, CI: -87.96, -22.89)","5.48",NA,"Yes"
"77","-4.35 (1.39, CI: -7.11, -1.65)","-7.16 (1.26, CI: -9.67, -4.74)","-9.99 (1.22, CI: -12.46, -7.7)","-12.95 (1.2, CI: -15.29, -10.6)","-15.93 (1.2, CI: -18.25, -13.56)","-18.73 (1.22, CI: -21.12, -16.33)","-21.2 (1.27, CI: -23.72, -18.73)","-23.2 (1.33, CI: -25.85, -20.62)","-24.78 (1.39, CI: -27.54, -22.1)","-26.06 (1.49, CI: -28.93, -23.1)","-27.04 (1.58, CI: -30.03, -23.86)","-27.82 (1.68, CI: -31.06, -24.49)","-28.43 (1.81, CI: -31.85, -24.77)","-231.36 (14.78, CI: -261.05, -203.12)","8.75",NA,"Yes"
"94","-1.29 (0.83, CI: -2.91, 0.33)","-2.22 (0.79, CI: -3.84, -0.74)","-3.01 (0.9, CI: -4.81, -1.27)","-3.55 (1.04, CI: -5.68, -1.6)","-3.97 (1.2, CI: -6.45, -1.73)","-4.47 (1.38, CI: -7.3, -1.91)","-5.16 (1.51, CI: -8.08, -2.14)","-5.88 (1.64, CI: -8.99, -2.55)","-6.44 (1.81, CI: -9.96, -2.86)","-6.65 (1.99, CI: -10.5, -2.68)","-6.48 (2.22, CI: -10.91, -2.23)","-6.02 (2.43, CI: -10.91, -1.38)","-5.38 (2.7, CI: -10.73, -0.15)","-57.38 (16.88, CI: -89.85, -23.7)","5.49",NA,"Yes"
"53","-4.35 (1.37, CI: -6.99, -1.6)","-7.17 (1.22, CI: -9.48, -4.71)","-10.03 (1.18, CI: -12.37, -7.74)","-12.97 (1.17, CI: -15.33, -10.73)","-15.94 (1.17, CI: -18.5, -13.92)","-18.77 (1.19, CI: -21.09, -16.41)","-21.22 (1.23, CI: -23.77, -18.93)","-23.22 (1.26, CI: -25.82, -20.87)","-24.8 (1.35, CI: -27.61, -22.33)","-26.07 (1.43, CI: -28.89, -23.28)","-27.06 (1.51, CI: -30.07, -24.16)","-27.85 (1.62, CI: -30.98, -24.64)","-28.49 (1.79, CI: -31.68, -24.65)","-231.38 (14.32, CI: -260.15, -204.02)","8.79",NA,"Yes"
"89","-4.35 (1.39, CI: -7.11, -1.65)","-7.16 (1.26, CI: -9.67, -4.74)","-9.99 (1.22, CI: -12.46, -7.7)","-12.95 (1.2, CI: -15.29, -10.6)","-15.93 (1.2, CI: -18.25, -13.56)","-18.73 (1.22, CI: -21.12, -16.33)","-21.2 (1.27, CI: -23.72, -18.73)","-23.2 (1.33, CI: -25.85, -20.62)","-24.78 (1.39, CI: -27.54, -22.1)","-26.06 (1.49, CI: -28.93, -23.1)","-27.04 (1.58, CI: -30.03, -23.86)","-27.82 (1.68, CI: -31.06, -24.49)","-28.43 (1.81, CI: -31.85, -24.77)","-231.36 (14.78, CI: -261.05, -203.12)","8.75",NA,"Yes"
"142","-1.3 (0.86, CI: -3.01, 0.35)","-2.22 (0.8, CI: -3.75, -0.61)","-3.02 (0.9, CI: -4.7, -1.16)","-3.56 (1.05, CI: -5.7, -1.58)","-4.02 (1.19, CI: -6.36, -1.7)","-4.55 (1.35, CI: -7.12, -1.82)","-5.26 (1.48, CI: -8.08, -2.28)","-6 (1.63, CI: -9.1, -2.72)","-6.58 (1.8, CI: -10.26, -3.21)","-6.83 (1.98, CI: -10.75, -3)","-6.69 (2.18, CI: -10.87, -2.31)","-6.28 (2.45, CI: -10.77, -1.15)","-5.64 (2.75, CI: -11.12, -0.33)","-58.52 (16.94, CI: -91.92, -25.51)","5.52",NA,"Yes"
"82","-1.14 (0.7, CI: -2.47, 0.25)","-1.96 (0.64, CI: -3.21, -0.72)","-2.65 (0.75, CI: -4.14, -1.19)","-3.12 (0.9, CI: -4.87, -1.34)","-3.53 (1.06, CI: -5.61, -1.48)","-4.06 (1.23, CI: -6.52, -1.72)","-4.82 (1.37, CI: -7.63, -2.26)","-5.59 (1.51, CI: -8.41, -2.49)","-6.16 (1.68, CI: -9.27, -2.7)","-6.36 (1.86, CI: -9.83, -2.55)","-6.15 (2.05, CI: -10.11, -2.09)","-5.65 (2.26, CI: -10.06, -1.18)","-4.94 (2.52, CI: -10.13, -0.24)","-53.18 (15.44, CI: -84.5, -23.98)","4.16",NA,"Yes"
"118","-1.28 (0.85, CI: -2.93, 0.41)","-2.21 (0.79, CI: -3.78, -0.67)","-2.98 (0.9, CI: -4.8, -1.27)","-3.53 (1.03, CI: -5.52, -1.48)","-3.94 (1.2, CI: -6.2, -1.5)","-4.44 (1.38, CI: -7.23, -1.82)","-5.14 (1.52, CI: -8.23, -2.26)","-5.87 (1.67, CI: -9.12, -2.59)","-6.45 (1.84, CI: -10.27, -3.07)","-6.67 (2.01, CI: -10.58, -2.72)","-6.53 (2.24, CI: -10.82, -2.04)","-6.08 (2.48, CI: -11.02, -1.3)","-5.42 (2.77, CI: -10.95, -0.08)","-57.21 (17.26, CI: -91.49, -23.83)","5.51",NA,"Yes"
"100","-0.85 (0.9, CI: -2.57, 0.94)","-1.81 (0.76, CI: -3.35, -0.39)","-2.63 (0.75, CI: -4.05, -1.12)","-3.2 (0.78, CI: -4.74, -1.69)","-3.66 (0.86, CI: -5.44, -2.08)","-4.2 (1, CI: -6.25, -2.33)","-4.87 (1.15, CI: -7.19, -2.67)","-5.58 (1.32, CI: -8.06, -2.88)","-6.1 (1.5, CI: -9.24, -3.34)","-6.33 (1.69, CI: -9.76, -3.14)","-6.24 (1.89, CI: -9.82, -2.41)","-5.89 (2.08, CI: -9.89, -1.73)","-5.4 (2.28, CI: -9.58, -0.64)","-53.63 (13.48, CI: -79.87, -27.02)","6.15",NA,"Yes"
"36","-1.94 (1.15, CI: -4.35, 0.16)","-2.7 (1.08, CI: -4.9, -0.65)","-3.44 (1.19, CI: -5.8, -1.16)","-4.17 (1.34, CI: -6.74, -1.51)","-4.87 (1.5, CI: -7.73, -1.84)","-5.62 (1.65, CI: -8.9, -2.41)","-6.48 (1.81, CI: -10.25, -3.15)","-7.33 (1.97, CI: -11.21, -3.48)","-7.94 (2.15, CI: -12.11, -3.68)","-8.21 (2.37, CI: -13.08, -3.78)","-8.12 (2.61, CI: -13.37, -3.12)","-7.81 (2.89, CI: -13.16, -1.84)","-7.3 (3.21, CI: -13.87, -1.26)","-71.55 (20.84, CI: -109.76, -28.07)","7.66",NA,"Yes"
"63","-3.43 (1.1, CI: -5.56, -1.25)","-6.41 (0.98, CI: -8.22, -4.37)","-9.39 (0.97, CI: -11.28, -7.46)","-12.35 (0.98, CI: -14.34, -10.48)","-15.24 (0.98, CI: -17.22, -13.37)","-17.93 (1.02, CI: -19.97, -15.98)","-20.26 (1.07, CI: -22.32, -18.12)","-22.18 (1.14, CI: -24.33, -19.86)","-23.72 (1.23, CI: -26.02, -21.18)","-24.92 (1.34, CI: -27.49, -22.24)","-25.86 (1.44, CI: -28.75, -23.11)","-26.6 (1.54, CI: -29.47, -23.43)","-27.18 (1.69, CI: -30.49, -23.88)","-220.21 (12.56, CI: -244.21, -194.97)","7.23",NA,"Yes"
"70","-1.36 (0.85, CI: -3.03, 0.28)","-2.24 (0.8, CI: -3.89, -0.75)","-3.01 (0.91, CI: -4.81, -1.26)","-3.53 (1.04, CI: -5.58, -1.51)","-3.95 (1.19, CI: -6.26, -1.61)","-4.46 (1.34, CI: -7.12, -1.85)","-5.15 (1.48, CI: -8.08, -2.26)","-5.91 (1.64, CI: -8.99, -2.57)","-6.48 (1.83, CI: -9.94, -2.78)","-6.68 (2.01, CI: -10.78, -2.88)","-6.54 (2.21, CI: -10.93, -2.26)","-6.1 (2.45, CI: -11.01, -1.4)","-5.48 (2.75, CI: -10.92, -0.12)","-57.63 (17.18, CI: -89.53, -22.18)","5.51",NA,"Yes"
"34","-1.12 (0.71, CI: -2.5, 0.27)","-1.95 (0.63, CI: -3.23, -0.74)","-2.64 (0.75, CI: -4.19, -1.26)","-3.13 (0.9, CI: -4.93, -1.42)","-3.55 (1.05, CI: -5.58, -1.45)","-4.11 (1.22, CI: -6.41, -1.64)","-4.86 (1.36, CI: -7.58, -2.26)","-5.64 (1.5, CI: -8.63, -2.74)","-6.21 (1.67, CI: -9.37, -2.82)","-6.43 (1.83, CI: -9.91, -2.73)","-6.24 (2.01, CI: -9.97, -2.07)","-5.73 (2.24, CI: -9.87, -1.1)","-5.02 (2.5, CI: -9.96, -0.16)","-53.41 (15.43, CI: -83.41, -22.91)","4.17",NA,"Yes"
"58","-1.12 (0.7, CI: -2.53, 0.22)","-1.95 (0.63, CI: -3.24, -0.77)","-2.65 (0.75, CI: -4.1, -1.15)","-3.15 (0.89, CI: -4.8, -1.32)","-3.57 (1.04, CI: -5.61, -1.54)","-4.13 (1.2, CI: -6.43, -1.71)","-4.88 (1.34, CI: -7.46, -2.2)","-5.63 (1.48, CI: -8.57, -2.77)","-6.18 (1.62, CI: -9.25, -2.9)","-6.37 (1.79, CI: -9.86, -2.83)","-6.17 (1.98, CI: -10, -2.22)","-5.67 (2.2, CI: -10.18, -1.54)","-4.99 (2.48, CI: -9.79, -0.06)","-53.37 (14.88, CI: -80.77, -22.43)","4.17",NA,"Yes"
"65","-4.35 (1.37, CI: -6.99, -1.6)","-7.17 (1.22, CI: -9.48, -4.71)","-10.03 (1.18, CI: -12.37, -7.74)","-12.97 (1.17, CI: -15.33, -10.73)","-15.94 (1.17, CI: -18.5, -13.92)","-18.77 (1.19, CI: -21.09, -16.41)","-21.22 (1.23, CI: -23.77, -18.93)","-23.22 (1.26, CI: -25.82, -20.87)","-24.8 (1.35, CI: -27.61, -22.33)","-26.07 (1.43, CI: -28.89, -23.28)","-27.06 (1.51, CI: -30.07, -24.16)","-27.85 (1.62, CI: -30.98, -24.64)","-28.49 (1.79, CI: -31.68, -24.65)","-231.38 (14.32, CI: -260.15, -204.02)","8.79",NA,"Yes"
"106","-1.13 (0.71, CI: -2.49, 0.27)","-1.96 (0.62, CI: -3.2, -0.76)","-2.64 (0.75, CI: -4.13, -1.19)","-3.12 (0.89, CI: -4.86, -1.38)","-3.54 (1.04, CI: -5.58, -1.48)","-4.07 (1.2, CI: -6.49, -1.78)","-4.82 (1.34, CI: -7.48, -2.24)","-5.57 (1.45, CI: -8.56, -2.87)","-6.13 (1.61, CI: -9.49, -3.16)","-6.33 (1.77, CI: -9.91, -2.96)","-6.15 (1.98, CI: -10.27, -2.52)","-5.67 (2.22, CI: -9.79, -1.07)","-4.98 (2.49, CI: -9.69, 0.07)","-52.94 (14.85, CI: -82.95, -24.75)","4.15",NA,"Yes"
"135","-3.29 (1.1, CI: -5.59, -1.27)","-6.32 (0.98, CI: -8.17, -4.34)","-9.32 (0.95, CI: -11.2, -7.49)","-12.31 (0.96, CI: -14.24, -10.49)","-15.2 (0.97, CI: -17.02, -13.2)","-17.88 (1.02, CI: -19.76, -15.77)","-20.2 (1.08, CI: -22.46, -18.24)","-22.13 (1.15, CI: -24.39, -19.9)","-23.69 (1.24, CI: -26.33, -21.45)","-24.91 (1.36, CI: -27.7, -22.38)","-25.86 (1.48, CI: -29.01, -23.2)","-26.61 (1.6, CI: -29.77, -23.52)","-27.2 (1.75, CI: -30.86, -24.01)","-219.66 (12.63, CI: -245.17, -195.67)","7.2",NA,"Yes"
"39","-3.33 (1.12, CI: -5.5, -1.1)","-6.34 (1.02, CI: -8.36, -4.38)","-9.35 (1, CI: -11.34, -7.43)","-12.32 (0.99, CI: -14.33, -10.45)","-15.21 (0.98, CI: -17.2, -13.36)","-17.9 (1, CI: -19.89, -15.96)","-20.23 (1.07, CI: -22.36, -18.17)","-22.16 (1.15, CI: -24.46, -19.97)","-23.7 (1.22, CI: -26, -21.2)","-24.92 (1.35, CI: -27.37, -22.09)","-25.87 (1.46, CI: -28.68, -22.95)","-26.6 (1.58, CI: -29.7, -23.52)","-27.19 (1.74, CI: -30.58, -23.77)","-219.9 (12.47, CI: -244.48, -195.6)","7.23",NA,"Yes"
"144","-1.99 (1.13, CI: -4.11, 0.32)","-2.75 (1.09, CI: -4.97, -0.69)","-3.46 (1.21, CI: -5.81, -1.06)","-4.12 (1.35, CI: -6.73, -1.43)","-4.8 (1.56, CI: -7.81, -1.71)","-5.57 (1.74, CI: -8.96, -2.14)","-6.41 (1.9, CI: -10.24, -2.8)","-7.22 (2.04, CI: -11.26, -3.27)","-7.83 (2.22, CI: -12.4, -3.69)","-8.09 (2.41, CI: -12.64, -3.18)","-8.05 (2.63, CI: -13.1, -2.79)","-7.71 (2.9, CI: -13.18, -1.81)","-7.19 (3.22, CI: -13.64, -1.02)","-70.81 (21.45, CI: -112.89, -28.82)","7.67",NA,"Yes"
"125","-4.36 (1.34, CI: -7.08, -1.81)","-7.17 (1.19, CI: -9.39, -4.71)","-10.02 (1.15, CI: -12.29, -7.78)","-12.97 (1.14, CI: -15.35, -10.89)","-15.95 (1.14, CI: -18.28, -13.83)","-18.77 (1.17, CI: -21.14, -16.55)","-21.24 (1.22, CI: -23.66, -18.88)","-23.22 (1.27, CI: -25.83, -20.86)","-24.81 (1.34, CI: -27.55, -22.31)","-26.07 (1.41, CI: -28.86, -23.32)","-27.06 (1.51, CI: -29.95, -24.03)","-27.85 (1.61, CI: -30.86, -24.54)","-28.5 (1.74, CI: -31.88, -25.08)","-231.24 (14.17, CI: -258.59, -203.04)","8.78",NA,"Yes"
"99","-3.09 (1.05, CI: -5.18, -1.07)","-6.07 (0.9, CI: -7.78, -4.24)","-9.05 (0.9, CI: -10.84, -7.31)","-12.04 (0.91, CI: -13.85, -10.28)","-14.95 (0.93, CI: -16.87, -13.24)","-17.65 (1, CI: -19.66, -15.76)","-20 (1.07, CI: -22.04, -17.86)","-21.92 (1.14, CI: -24.22, -19.73)","-23.46 (1.23, CI: -25.85, -21.03)","-24.67 (1.35, CI: -27.27, -21.99)","-25.62 (1.47, CI: -28.6, -22.86)","-26.36 (1.57, CI: -29.18, -23.01)","-26.92 (1.7, CI: -30.2, -23.52)","-216.66 (12.43, CI: -242.05, -193.34)","6.69",NA,"Yes"
"51","-3.11 (1.03, CI: -5.07, -1.03)","-6.05 (0.92, CI: -7.93, -4.3)","-9.01 (0.9, CI: -10.74, -7.2)","-11.99 (0.91, CI: -13.82, -10.25)","-14.92 (0.92, CI: -16.74, -13.15)","-17.62 (0.98, CI: -19.52, -15.67)","-19.96 (1.05, CI: -22, -17.89)","-21.88 (1.13, CI: -24, -19.58)","-23.43 (1.22, CI: -25.88, -21.09)","-24.66 (1.33, CI: -27.23, -22.01)","-25.6 (1.44, CI: -28.3, -22.65)","-26.31 (1.57, CI: -29.55, -23.39)","-26.87 (1.72, CI: -30.39, -23.66)","-216.3 (12.36, CI: -240.37, -191.92)","6.69",NA,"Yes"
"75","-3.1 (1.06, CI: -5.23, -1.08)","-6.06 (0.95, CI: -7.91, -4.2)","-9.01 (0.91, CI: -10.8, -7.22)","-11.99 (0.92, CI: -13.64, -10.04)","-14.92 (0.92, CI: -16.72, -13.12)","-17.62 (0.97, CI: -19.6, -15.8)","-19.96 (1.04, CI: -22.04, -17.96)","-21.89 (1.1, CI: -24.09, -19.76)","-23.44 (1.19, CI: -25.7, -21.05)","-24.66 (1.3, CI: -27.08, -22)","-25.59 (1.4, CI: -28.45, -22.97)","-26.32 (1.49, CI: -29.29, -23.43)","-26.88 (1.62, CI: -29.99, -23.66)","-216.55 (11.99, CI: -240.47, -193.48)","6.7",NA,"Yes"
"137","-4.36 (1.34, CI: -7.08, -1.81)","-7.17 (1.19, CI: -9.39, -4.71)","-10.02 (1.15, CI: -12.29, -7.78)","-12.97 (1.14, CI: -15.35, -10.89)","-15.95 (1.14, CI: -18.28, -13.83)","-18.77 (1.17, CI: -21.14, -16.55)","-21.24 (1.22, CI: -23.66, -18.88)","-23.22 (1.27, CI: -25.83, -20.86)","-24.81 (1.34, CI: -27.55, -22.31)","-26.07 (1.41, CI: -28.86, -23.32)","-27.06 (1.51, CI: -29.95, -24.03)","-27.85 (1.61, CI: -30.86, -24.54)","-28.5 (1.74, CI: -31.88, -25.08)","-231.24 (14.17, CI: -258.59, -203.04)","8.78",NA,"Yes"
"27","-3.06 (1.03, CI: -5.03, -1)","-6.04 (0.92, CI: -7.85, -4.23)","-9.01 (0.9, CI: -10.82, -7.28)","-12 (0.91, CI: -13.91, -10.36)","-14.92 (0.92, CI: -16.8, -13.2)","-17.62 (0.96, CI: -19.49, -15.73)","-19.97 (1.04, CI: -22.02, -17.94)","-21.9 (1.11, CI: -24.07, -19.72)","-23.44 (1.21, CI: -25.98, -21.25)","-24.69 (1.32, CI: -27.26, -22.1)","-25.62 (1.42, CI: -28.42, -22.85)","-26.35 (1.54, CI: -29.28, -23.25)","-26.9 (1.68, CI: -30.04, -23.46)","-216.52 (11.93, CI: -239.46, -192.68)","6.69",NA,"Yes"
"170","-0.08 (0.44, CI: -0.92, 0.78)","-0.79 (0.36, CI: -1.49, -0.1)","-1.29 (0.37, CI: -2.05, -0.58)","-1.63 (0.41, CI: -2.47, -0.84)","-1.86 (0.48, CI: -2.83, -0.93)","-2.04 (0.56, CI: -3.17, -0.96)","-2.23 (0.65, CI: -3.52, -0.97)","-2.43 (0.74, CI: -3.9, -0.99)","-2.62 (0.83, CI: -4.26, -0.98)","-2.76 (0.92, CI: -4.57, -0.94)","-2.81 (1.02, CI: -4.8, -0.8)","-2.75 (1.12, CI: -4.92, -0.51)","-2.53 (1.24, CI: -4.95, -0.07)","-24.53 (7.69, CI: -39.69, -9.36)","2.21","0.72","Yes"
"87","-3.26 (1.14, CI: -5.41, -0.96)","-6.27 (1.01, CI: -8.26, -4.31)","-9.28 (0.97, CI: -11.21, -7.43)","-12.27 (0.97, CI: -14.19, -10.36)","-15.16 (0.99, CI: -17.16, -13.28)","-17.85 (1.03, CI: -19.99, -15.95)","-20.2 (1.11, CI: -22.4, -18.07)","-22.13 (1.2, CI: -24.52, -19.82)","-23.68 (1.29, CI: -26.1, -21.04)","-24.92 (1.4, CI: -27.51, -22)","-25.88 (1.53, CI: -29.04, -23.05)","-26.62 (1.65, CI: -30, -23.52)","-27.21 (1.8, CI: -30.79, -23.73)","-219.43 (13.08, CI: -245.75, -194.48)","7.2",NA,"Yes"
"84","-1.93 (1.11, CI: -4.05, 0.3)","-2.72 (1.06, CI: -4.84, -0.69)","-3.47 (1.17, CI: -5.76, -1.19)","-4.17 (1.31, CI: -6.61, -1.49)","-4.86 (1.5, CI: -7.7, -1.83)","-5.64 (1.67, CI: -8.9, -2.35)","-6.51 (1.84, CI: -10.1, -2.87)","-7.35 (2.02, CI: -11.36, -3.44)","-7.95 (2.2, CI: -12.4, -3.76)","-8.18 (2.4, CI: -12.98, -3.59)","-8.07 (2.63, CI: -13.44, -3.13)","-7.72 (2.91, CI: -13.42, -2.03)","-7.19 (3.23, CI: -13.39, -0.74)","-71.48 (21.05, CI: -114.59, -32.08)","7.7",NA,"Yes"
"60","-1.97 (1.14, CI: -4.18, 0.29)","-2.75 (1.08, CI: -4.9, -0.69)","-3.48 (1.18, CI: -5.61, -0.98)","-4.17 (1.33, CI: -6.86, -1.65)","-4.84 (1.5, CI: -7.73, -1.87)","-5.61 (1.67, CI: -8.94, -2.41)","-6.49 (1.83, CI: -9.99, -2.83)","-7.34 (1.97, CI: -11.16, -3.44)","-7.98 (2.17, CI: -12.36, -3.87)","-8.23 (2.39, CI: -12.91, -3.56)","-8.17 (2.6, CI: -13.08, -2.88)","-7.85 (2.87, CI: -13.48, -2.24)","-7.32 (3.19, CI: -13.77, -1.26)","-71.56 (20.58, CI: -112.47, -31.81)","7.69",NA,"Yes"
"96","-1.93 (1.11, CI: -4.05, 0.3)","-2.72 (1.06, CI: -4.84, -0.69)","-3.47 (1.17, CI: -5.76, -1.19)","-4.17 (1.31, CI: -6.61, -1.49)","-4.86 (1.5, CI: -7.7, -1.83)","-5.64 (1.67, CI: -8.9, -2.35)","-6.51 (1.84, CI: -10.1, -2.87)","-7.35 (2.02, CI: -11.36, -3.44)","-7.95 (2.2, CI: -12.4, -3.76)","-8.18 (2.4, CI: -12.98, -3.59)","-8.07 (2.63, CI: -13.44, -3.13)","-7.72 (2.91, CI: -13.42, -2.03)","-7.19 (3.23, CI: -13.39, -0.74)","-71.48 (21.05, CI: -114.59, -32.08)","7.7",NA,"Yes"
"146","-0.07 (0.44, CI: -0.94, 0.8)","-0.78 (0.36, CI: -1.49, -0.06)","-1.29 (0.37, CI: -2.03, -0.58)","-1.64 (0.41, CI: -2.44, -0.86)","-1.87 (0.47, CI: -2.79, -0.94)","-2.06 (0.55, CI: -3.13, -0.99)","-2.25 (0.64, CI: -3.5, -0.97)","-2.46 (0.73, CI: -3.87, -0.98)","-2.65 (0.82, CI: -4.24, -0.98)","-2.79 (0.92, CI: -4.55, -0.97)","-2.85 (1.02, CI: -4.79, -0.83)","-2.79 (1.12, CI: -4.97, -0.55)","-2.57 (1.25, CI: -4.98, -0.05)","-24.74 (7.65, CI: -39.39, -9.42)","2.21","0.72","Yes"
"72","-1.97 (1.14, CI: -4.18, 0.29)","-2.75 (1.08, CI: -4.9, -0.69)","-3.48 (1.18, CI: -5.61, -0.98)","-4.17 (1.33, CI: -6.86, -1.65)","-4.84 (1.5, CI: -7.73, -1.87)","-5.61 (1.67, CI: -8.94, -2.41)","-6.49 (1.83, CI: -9.99, -2.83)","-7.34 (1.97, CI: -11.16, -3.44)","-7.98 (2.17, CI: -12.36, -3.87)","-8.23 (2.39, CI: -12.91, -3.56)","-8.17 (2.6, CI: -13.08, -2.88)","-7.85 (2.87, CI: -13.48, -2.24)","-7.32 (3.19, CI: -13.77, -1.26)","-71.56 (20.58, CI: -112.47, -31.81)","7.69",NA,"Yes"
"123","-3.12 (1.08, CI: -5.2, -0.96)","-6.07 (0.96, CI: -7.94, -4.2)","-9.04 (0.92, CI: -10.89, -7.28)","-12.02 (0.91, CI: -13.8, -10.23)","-14.94 (0.92, CI: -16.71, -13.11)","-17.64 (0.98, CI: -19.63, -15.76)","-19.99 (1.06, CI: -22.07, -17.92)","-21.92 (1.12, CI: -24.17, -19.77)","-23.45 (1.2, CI: -25.77, -21.05)","-24.66 (1.3, CI: -27.18, -22.08)","-25.6 (1.4, CI: -28.3, -22.81)","-26.32 (1.52, CI: -29.15, -23.19)","-26.88 (1.67, CI: -30.16, -23.63)","-216.64 (12.21, CI: -241.76, -193.9)","6.71",NA,"Yes"
"120","-1.94 (1.14, CI: -4.17, 0.29)","-2.71 (1.07, CI: -4.74, -0.56)","-3.46 (1.17, CI: -5.72, -1.14)","-4.16 (1.32, CI: -6.75, -1.56)","-4.87 (1.5, CI: -7.76, -1.87)","-5.65 (1.67, CI: -8.98, -2.44)","-6.52 (1.82, CI: -10.17, -3.03)","-7.32 (1.98, CI: -11.38, -3.62)","-7.94 (2.15, CI: -12.17, -3.76)","-8.23 (2.39, CI: -13.08, -3.72)","-8.18 (2.66, CI: -13.36, -2.95)","-7.86 (2.97, CI: -13.8, -2.15)","-7.38 (3.33, CI: -13.84, -0.79)","-71.49 (20.7, CI: -113.27, -32.12)","7.66",NA,"Yes"
"194","-0.06 (0.44, CI: -0.94, 0.79)","-0.78 (0.37, CI: -1.47, -0.05)","-1.29 (0.37, CI: -2, -0.55)","-1.63 (0.41, CI: -2.42, -0.8)","-1.85 (0.48, CI: -2.78, -0.89)","-2.04 (0.56, CI: -3.1, -0.94)","-2.22 (0.64, CI: -3.46, -0.98)","-2.43 (0.73, CI: -3.85, -1.02)","-2.61 (0.82, CI: -4.21, -1.05)","-2.75 (0.91, CI: -4.51, -0.97)","-2.8 (1.01, CI: -4.74, -0.81)","-2.74 (1.11, CI: -4.88, -0.51)","-2.51 (1.23, CI: -4.87, -0.01)","-24.42 (7.65, CI: -39.31, -9.13)","2.21","0.72","Yes"
"158","-0.07 (0.45, CI: -0.93, 0.82)","-0.78 (0.37, CI: -1.5, -0.04)","-1.28 (0.37, CI: -2, -0.55)","-1.63 (0.41, CI: -2.42, -0.81)","-1.86 (0.47, CI: -2.77, -0.93)","-2.05 (0.54, CI: -3.08, -0.96)","-2.24 (0.62, CI: -3.41, -0.98)","-2.44 (0.71, CI: -3.8, -1)","-2.64 (0.8, CI: -4.17, -1.01)","-2.78 (0.89, CI: -4.51, -1.01)","-2.83 (0.99, CI: -4.78, -0.89)","-2.77 (1.09, CI: -4.96, -0.66)","-2.56 (1.21, CI: -4.99, -0.23)","-24.61 (7.47, CI: -39.11, -9.73)","2.21","0.72","Yes"
"108","-1.94 (1.14, CI: -4.17, 0.29)","-2.71 (1.07, CI: -4.74, -0.56)","-3.46 (1.17, CI: -5.72, -1.14)","-4.16 (1.32, CI: -6.75, -1.56)","-4.87 (1.5, CI: -7.76, -1.87)","-5.65 (1.67, CI: -8.98, -2.44)","-6.52 (1.82, CI: -10.17, -3.03)","-7.32 (1.98, CI: -11.38, -3.62)","-7.94 (2.15, CI: -12.17, -3.76)","-8.23 (2.39, CI: -13.08, -3.72)","-8.18 (2.66, CI: -13.36, -2.95)","-7.86 (2.97, CI: -13.8, -2.15)","-7.38 (3.33, CI: -13.84, -0.79)","-71.49 (20.7, CI: -113.27, -32.12)","7.66",NA,"Yes"
"83","-4.27 (1.38, CI: -6.95, -1.54)","-7.12 (1.28, CI: -9.61, -4.6)","-10.05 (1.32, CI: -12.52, -7.35)","-13.07 (1.38, CI: -15.58, -10.17)","-16.17 (1.44, CI: -18.96, -13.33)","-19.11 (1.52, CI: -21.99, -16.03)","-21.67 (1.61, CI: -24.76, -18.44)","-23.7 (1.68, CI: -26.84, -20.25)","-25.25 (1.75, CI: -28.51, -21.64)","-26.4 (1.82, CI: -29.93, -22.78)","-27.18 (1.89, CI: -30.92, -23.52)","-27.68 (1.96, CI: -31.4, -23.72)","-27.97 (2.05, CI: -32.17, -24.14)","-233.72 (18.17, CI: -267.95, -196.72)","8.94",NA,"Yes"
"95","-4.27 (1.38, CI: -6.95, -1.54)","-7.12 (1.28, CI: -9.61, -4.6)","-10.05 (1.32, CI: -12.52, -7.35)","-13.07 (1.38, CI: -15.58, -10.17)","-16.17 (1.44, CI: -18.96, -13.33)","-19.11 (1.52, CI: -21.99, -16.03)","-21.67 (1.61, CI: -24.76, -18.44)","-23.7 (1.68, CI: -26.84, -20.25)","-25.25 (1.75, CI: -28.51, -21.64)","-26.4 (1.82, CI: -29.93, -22.78)","-27.18 (1.89, CI: -30.92, -23.52)","-27.68 (1.96, CI: -31.4, -23.72)","-27.97 (2.05, CI: -32.17, -24.14)","-233.72 (18.17, CI: -267.95, -196.72)","8.94",NA,"Yes"
"182","-0.07 (0.44, CI: -0.93, 0.8)","-0.78 (0.36, CI: -1.48, -0.07)","-1.29 (0.37, CI: -2, -0.58)","-1.63 (0.41, CI: -2.46, -0.86)","-1.86 (0.48, CI: -2.83, -0.92)","-2.05 (0.55, CI: -3.15, -0.96)","-2.24 (0.64, CI: -3.51, -0.96)","-2.45 (0.73, CI: -3.87, -1)","-2.64 (0.82, CI: -4.2, -1.01)","-2.78 (0.91, CI: -4.53, -0.96)","-2.83 (1.01, CI: -4.78, -0.83)","-2.76 (1.11, CI: -4.93, -0.54)","-2.54 (1.24, CI: -4.98, -0.12)","-24.61 (7.6, CI: -39.42, -9.6)","2.21","0.72","Yes"
"143","-4.22 (1.4, CI: -7.04, -1.53)","-7.09 (1.33, CI: -9.65, -4.44)","-10.02 (1.35, CI: -12.6, -7.32)","-13.07 (1.4, CI: -15.77, -10.27)","-16.15 (1.48, CI: -19.06, -13.26)","-19.07 (1.57, CI: -22.15, -15.98)","-21.62 (1.67, CI: -25.01, -18.47)","-23.64 (1.76, CI: -27.04, -20.16)","-25.19 (1.81, CI: -28.6, -21.5)","-26.36 (1.89, CI: -30.23, -22.83)","-27.16 (1.96, CI: -31.01, -23.34)","-27.67 (2.02, CI: -31.62, -23.71)","-27.97 (2.11, CI: -32.04, -23.76)","-233.29 (18.88, CI: -271.05, -197.03)","8.94",NA,"Yes"
"107","-4.26 (1.38, CI: -7.11, -1.72)","-7.11 (1.32, CI: -9.71, -4.54)","-10.02 (1.36, CI: -12.66, -7.32)","-13.06 (1.43, CI: -15.82, -10.22)","-16.15 (1.5, CI: -18.95, -13.09)","-19.09 (1.59, CI: -22.13, -15.9)","-21.63 (1.68, CI: -24.82, -18.23)","-23.65 (1.74, CI: -26.97, -20.13)","-25.2 (1.81, CI: -28.58, -21.5)","-26.33 (1.88, CI: -30.03, -22.65)","-27.13 (1.94, CI: -30.79, -23.18)","-27.63 (2, CI: -31.46, -23.63)","-27.96 (2.09, CI: -31.89, -23.7)","-232.99 (19.09, CI: -269.68, -194.86)","8.94",NA,"Yes"
"47","-4.29 (1.38, CI: -6.84, -1.44)","-7.13 (1.29, CI: -9.58, -4.55)","-10.05 (1.32, CI: -12.8, -7.62)","-13.1 (1.4, CI: -15.87, -10.39)","-16.2 (1.48, CI: -19.12, -13.32)","-19.15 (1.55, CI: -22.16, -16.07)","-21.69 (1.64, CI: -24.83, -18.39)","-23.73 (1.7, CI: -26.92, -20.28)","-25.27 (1.78, CI: -28.77, -21.8)","-26.42 (1.85, CI: -30.2, -22.94)","-27.22 (1.92, CI: -31.18, -23.65)","-27.72 (2, CI: -31.8, -23.96)","-28.03 (2.09, CI: -32.35, -24.15)","-233.74 (18.48, CI: -270.86, -198.44)","8.95",NA,"Yes"
"129","-3.08 (1.09, CI: -5.2, -0.91)","-6.01 (1.03, CI: -8.09, -4.05)","-8.98 (1.07, CI: -10.98, -6.78)","-11.98 (1.15, CI: -14.1, -9.6)","-14.95 (1.21, CI: -17.24, -12.48)","-17.7 (1.32, CI: -20.32, -15.13)","-20.09 (1.42, CI: -22.84, -17.26)","-22.05 (1.51, CI: -25.18, -19.25)","-23.62 (1.58, CI: -26.66, -20.45)","-24.77 (1.65, CI: -27.94, -21.47)","-25.58 (1.72, CI: -28.81, -22.05)","-26.14 (1.78, CI: -29.5, -22.51)","-26.52 (1.88, CI: -30, -22.62)","-216.75 (15.86, CI: -247.52, -185.37)","7.09",NA,"Yes"
"35","-4.29 (1.38, CI: -6.84, -1.44)","-7.13 (1.29, CI: -9.58, -4.55)","-10.05 (1.32, CI: -12.8, -7.62)","-13.1 (1.4, CI: -15.87, -10.39)","-16.2 (1.48, CI: -19.12, -13.32)","-19.15 (1.55, CI: -22.16, -16.07)","-21.69 (1.64, CI: -24.83, -18.39)","-23.73 (1.7, CI: -26.92, -20.28)","-25.27 (1.78, CI: -28.77, -21.8)","-26.42 (1.85, CI: -30.2, -22.94)","-27.22 (1.92, CI: -31.18, -23.65)","-27.72 (2, CI: -31.8, -23.96)","-28.03 (2.09, CI: -32.35, -24.15)","-233.74 (18.48, CI: -270.86, -198.44)","8.95",NA,"Yes"
"59","-4.29 (1.41, CI: -7.15, -1.63)","-7.14 (1.33, CI: -9.75, -4.54)","-10.03 (1.35, CI: -12.73, -7.45)","-13.09 (1.41, CI: -15.78, -10.24)","-16.19 (1.49, CI: -19.02, -13.18)","-19.1 (1.59, CI: -22.34, -16.1)","-21.64 (1.68, CI: -25.01, -18.44)","-23.68 (1.75, CI: -27.22, -20.37)","-25.24 (1.81, CI: -28.74, -21.65)","-26.39 (1.89, CI: -30.01, -22.61)","-27.18 (1.95, CI: -30.95, -23.33)","-27.7 (2.02, CI: -31.62, -23.71)","-28.01 (2.12, CI: -31.97, -23.68)","-233.47 (18.92, CI: -268.96, -194.8)","8.91",NA,"Yes"
"45","-3.3 (1.15, CI: -5.56, -1.07)","-6.32 (1.09, CI: -8.5, -4.24)","-9.34 (1.14, CI: -11.51, -7.02)","-12.35 (1.23, CI: -14.57, -9.76)","-15.29 (1.29, CI: -17.81, -12.73)","-18.03 (1.39, CI: -20.86, -15.42)","-20.42 (1.47, CI: -23.33, -17.56)","-22.38 (1.55, CI: -25.48, -19.41)","-23.93 (1.62, CI: -27.13, -20.78)","-25.11 (1.7, CI: -28.51, -21.84)","-25.94 (1.77, CI: -29.58, -22.64)","-26.52 (1.83, CI: -30.27, -23.08)","-26.92 (1.93, CI: -30.6, -23.05)","-220.84 (16.42, CI: -252.7, -188.32)","7.52",NA,"Yes"
"117","-3.32 (1.17, CI: -5.69, -1.11)","-6.32 (1.11, CI: -8.53, -4.19)","-9.31 (1.15, CI: -11.49, -6.99)","-12.31 (1.2, CI: -14.62, -9.91)","-15.29 (1.29, CI: -17.84, -12.78)","-18.05 (1.39, CI: -20.83, -15.38)","-20.44 (1.49, CI: -23.35, -17.49)","-22.4 (1.57, CI: -25.44, -19.27)","-23.91 (1.65, CI: -27.08, -20.62)","-25.06 (1.73, CI: -28.59, -21.82)","-25.92 (1.79, CI: -29.35, -22.32)","-26.49 (1.86, CI: -30.06, -22.75)","-26.87 (1.97, CI: -30.6, -22.87)","-220.56 (16.53, CI: -252.11, -187.3)","7.54",NA,"Yes"
"71","-4.29 (1.41, CI: -7.15, -1.63)","-7.14 (1.33, CI: -9.75, -4.54)","-10.03 (1.35, CI: -12.73, -7.45)","-13.09 (1.41, CI: -15.78, -10.24)","-16.19 (1.49, CI: -19.02, -13.18)","-19.1 (1.59, CI: -22.34, -16.1)","-21.64 (1.68, CI: -25.01, -18.44)","-23.68 (1.75, CI: -27.22, -20.37)","-25.24 (1.81, CI: -28.74, -21.65)","-26.39 (1.89, CI: -30.01, -22.61)","-27.18 (1.95, CI: -30.95, -23.33)","-27.7 (2.02, CI: -31.62, -23.71)","-28.01 (2.12, CI: -31.97, -23.68)","-233.47 (18.92, CI: -268.96, -194.8)","8.91",NA,"Yes"
"119","-4.26 (1.38, CI: -7.11, -1.72)","-7.11 (1.32, CI: -9.71, -4.54)","-10.02 (1.36, CI: -12.66, -7.32)","-13.06 (1.43, CI: -15.82, -10.22)","-16.15 (1.5, CI: -18.95, -13.09)","-19.09 (1.59, CI: -22.13, -15.9)","-21.63 (1.68, CI: -24.82, -18.23)","-23.65 (1.74, CI: -26.97, -20.13)","-25.2 (1.81, CI: -28.58, -21.5)","-26.33 (1.88, CI: -30.03, -22.65)","-27.13 (1.94, CI: -30.79, -23.18)","-27.63 (2, CI: -31.46, -23.63)","-27.96 (2.09, CI: -31.89, -23.7)","-232.99 (19.09, CI: -269.68, -194.86)","8.94",NA,"Yes"
"141","-3.29 (1.23, CI: -5.77, -0.96)","-6.3 (1.14, CI: -8.5, -4.01)","-9.3 (1.17, CI: -11.69, -7.11)","-12.31 (1.22, CI: -14.79, -10.01)","-15.28 (1.29, CI: -17.71, -12.65)","-18.02 (1.38, CI: -20.61, -15.21)","-20.39 (1.48, CI: -23.12, -17.3)","-22.35 (1.55, CI: -25.25, -19.19)","-23.89 (1.63, CI: -26.99, -20.6)","-25.03 (1.72, CI: -28.19, -21.44)","-25.86 (1.79, CI: -29.52, -22.49)","-26.41 (1.85, CI: -30.11, -22.85)","-26.77 (1.93, CI: -30.64, -23.06)","-220.3 (16.46, CI: -251.87, -187.33)","7.56",NA,"Yes"
"131","-4.22 (1.4, CI: -7.04, -1.53)","-7.09 (1.33, CI: -9.65, -4.44)","-10.02 (1.35, CI: -12.6, -7.32)","-13.07 (1.4, CI: -15.77, -10.27)","-16.15 (1.48, CI: -19.06, -13.26)","-19.07 (1.57, CI: -22.15, -15.98)","-21.62 (1.67, CI: -25.01, -18.47)","-23.64 (1.76, CI: -27.04, -20.16)","-25.19 (1.81, CI: -28.6, -21.5)","-26.36 (1.89, CI: -30.23, -22.83)","-27.16 (1.96, CI: -31.01, -23.34)","-27.67 (2.02, CI: -31.62, -23.71)","-27.97 (2.11, CI: -32.04, -23.76)","-233.29 (18.88, CI: -271.05, -197.03)","8.94",NA,"Yes"
"69","-3.27 (1.18, CI: -5.64, -1.03)","-6.27 (1.1, CI: -8.24, -3.94)","-9.27 (1.14, CI: -11.39, -6.92)","-12.28 (1.2, CI: -14.54, -9.82)","-15.23 (1.27, CI: -17.66, -12.7)","-17.99 (1.34, CI: -20.62, -15.38)","-20.38 (1.44, CI: -23.1, -17.48)","-22.33 (1.52, CI: -25.16, -19.21)","-23.89 (1.59, CI: -26.78, -20.54)","-25.06 (1.65, CI: -28.17, -21.68)","-25.88 (1.71, CI: -29.08, -22.36)","-26.41 (1.79, CI: -29.94, -22.91)","-26.81 (1.87, CI: -30.32, -23.01)","-220.01 (16.04, CI: -251.94, -189.07)","7.54",NA,"Yes"
"93","-3.29 (1.15, CI: -5.6, -1.08)","-6.3 (1.08, CI: -8.59, -4.37)","-9.32 (1.1, CI: -11.5, -7.2)","-12.35 (1.16, CI: -14.64, -10.08)","-15.31 (1.25, CI: -17.69, -12.77)","-18.06 (1.35, CI: -20.58, -15.27)","-20.45 (1.46, CI: -23.23, -17.51)","-22.39 (1.55, CI: -25.31, -19.25)","-23.94 (1.61, CI: -26.95, -20.63)","-25.1 (1.69, CI: -28.25, -21.64)","-25.94 (1.76, CI: -29.29, -22.39)","-26.52 (1.84, CI: -30.08, -22.89)","-26.93 (1.94, CI: -30.65, -23.06)","-220.65 (16.22, CI: -250.72, -187.16)","7.52",NA,"Yes"
"33","-3.09 (1.1, CI: -5.22, -0.89)","-6.05 (1.04, CI: -8.12, -4.03)","-9.03 (1.09, CI: -11.15, -6.89)","-12.04 (1.17, CI: -14.4, -9.8)","-15.04 (1.25, CI: -17.42, -12.51)","-17.81 (1.34, CI: -20.35, -15.09)","-20.23 (1.44, CI: -23.05, -17.42)","-22.19 (1.51, CI: -25.04, -19.11)","-23.73 (1.59, CI: -26.85, -20.61)","-24.91 (1.67, CI: -28.3, -21.76)","-25.72 (1.74, CI: -29.17, -22.36)","-26.29 (1.8, CI: -29.82, -22.77)","-26.67 (1.89, CI: -30.24, -22.82)","-218.03 (16.12, CI: -249.62, -186.44)","7.07",NA,"Yes"
"57","-3.03 (1.11, CI: -5.37, -1)","-5.97 (1.03, CI: -8.04, -4.02)","-8.95 (1.07, CI: -11.06, -6.86)","-11.94 (1.15, CI: -14.27, -9.77)","-14.89 (1.22, CI: -17.3, -12.53)","-17.66 (1.3, CI: -20.18, -15.09)","-20.05 (1.38, CI: -22.77, -17.35)","-22.02 (1.47, CI: -24.98, -19.22)","-23.56 (1.55, CI: -26.68, -20.6)","-24.74 (1.62, CI: -28.08, -21.72)","-25.56 (1.69, CI: -28.85, -22.23)","-26.13 (1.75, CI: -29.45, -22.57)","-26.49 (1.87, CI: -29.99, -22.64)","-216.23 (15.82, CI: -247.99, -185.97)","7.07",NA,"Yes"
"105","-3.05 (1.07, CI: -5.24, -1.06)","-6.02 (1, CI: -8.12, -4.2)","-8.99 (1.05, CI: -11.13, -7)","-12.02 (1.15, CI: -14.23, -9.72)","-15 (1.23, CI: -17.44, -12.63)","-17.76 (1.32, CI: -20.4, -15.23)","-20.17 (1.43, CI: -22.85, -17.26)","-22.12 (1.51, CI: -24.95, -19.04)","-23.66 (1.58, CI: -26.86, -20.67)","-24.83 (1.66, CI: -28, -21.51)","-25.66 (1.72, CI: -29.01, -22.26)","-26.23 (1.78, CI: -29.85, -22.87)","-26.59 (1.88, CI: -30.32, -22.95)","-217.44 (15.97, CI: -247.88, -185.28)","7.08",NA,"Yes"
"81","-3.1 (1.11, CI: -5.28, -0.91)","-6.04 (1.06, CI: -8.08, -3.93)","-9.01 (1.1, CI: -11.05, -6.73)","-12 (1.17, CI: -14.29, -9.71)","-14.95 (1.25, CI: -17.3, -12.41)","-17.74 (1.36, CI: -20.53, -15.22)","-20.15 (1.45, CI: -23.02, -17.32)","-22.09 (1.54, CI: -25.08, -19.06)","-23.64 (1.62, CI: -26.78, -20.42)","-24.8 (1.7, CI: -27.94, -21.29)","-25.62 (1.76, CI: -28.79, -21.9)","-26.2 (1.82, CI: -29.66, -22.53)","-26.55 (1.92, CI: -30.45, -22.93)","-217.07 (16.31, CI: -249.94, -186.02)","7.07",NA,"Yes"
"145","0.03 (0.75, CI: -1.41, 1.5)","-4.14 (0.65, CI: -5.42, -2.87)","-7.82 (0.65, CI: -9.12, -6.55)","-11.05 (0.7, CI: -12.46, -9.7)","-13.98 (0.8, CI: -15.58, -12.42)","-16.72 (0.92, CI: -18.53, -14.96)","-19.06 (1.05, CI: -21.14, -17.08)","-20.89 (1.19, CI: -23.26, -18.65)","-22.3 (1.32, CI: -24.92, -19.8)","-23.42 (1.47, CI: -26.32, -20.64)","-24.37 (1.63, CI: -27.54, -21.29)","-25.27 (1.78, CI: -28.73, -21.86)","-26.22 (1.96, CI: -30.06, -22.5)","-202.12 (12.59, CI: -226.76, -178.2)","3.84","1.13","Yes"
"193","0.04 (0.75, CI: -1.48, 1.48)","-4.14 (0.65, CI: -5.45, -2.88)","-7.83 (0.65, CI: -9.09, -6.56)","-11.06 (0.71, CI: -12.42, -9.64)","-14.01 (0.81, CI: -15.55, -12.38)","-16.75 (0.92, CI: -18.52, -14.94)","-19.1 (1.05, CI: -21.14, -17.05)","-20.94 (1.19, CI: -23.25, -18.64)","-22.36 (1.32, CI: -24.97, -19.75)","-23.48 (1.47, CI: -26.36, -20.58)","-24.44 (1.63, CI: -27.58, -21.24)","-25.34 (1.79, CI: -28.85, -21.83)","-26.3 (1.97, CI: -30.14, -22.44)","-202.58 (12.61, CI: -226.53, -178.22)","3.84","1.13","Yes"
"157","0.06 (0.76, CI: -1.39, 1.61)","-4.13 (0.66, CI: -5.41, -2.8)","-7.82 (0.66, CI: -9.06, -6.49)","-11.06 (0.71, CI: -12.38, -9.63)","-14 (0.81, CI: -15.55, -12.38)","-16.75 (0.93, CI: -18.52, -14.91)","-19.09 (1.07, CI: -21.13, -17.04)","-20.93 (1.21, CI: -23.24, -18.58)","-22.35 (1.34, CI: -24.94, -19.7)","-23.48 (1.49, CI: -26.4, -20.54)","-24.44 (1.64, CI: -27.67, -21.21)","-25.34 (1.8, CI: -28.92, -21.79)","-26.31 (1.98, CI: -30.23, -22.42)","-202.52 (12.75, CI: -227.22, -177.84)","3.86","1.12","Yes"
"181","0.05 (0.75, CI: -1.4, 1.56)","-4.14 (0.65, CI: -5.44, -2.83)","-7.81 (0.64, CI: -9.1, -6.52)","-11.05 (0.7, CI: -12.41, -9.62)","-13.99 (0.8, CI: -15.54, -12.38)","-16.72 (0.91, CI: -18.47, -14.91)","-19.06 (1.04, CI: -21.09, -16.98)","-20.9 (1.17, CI: -23.22, -18.61)","-22.31 (1.3, CI: -24.9, -19.78)","-23.44 (1.45, CI: -26.33, -20.62)","-24.4 (1.6, CI: -27.59, -21.25)","-25.3 (1.75, CI: -28.79, -21.88)","-26.27 (1.93, CI: -30.14, -22.53)","-202.23 (12.45, CI: -226.66, -177.33)","3.86","1.12","Yes"
"169","0.04 (0.76, CI: -1.46, 1.54)","-4.15 (0.65, CI: -5.41, -2.89)","-7.83 (0.65, CI: -9.1, -6.53)","-11.07 (0.71, CI: -12.45, -9.63)","-14.01 (0.81, CI: -15.55, -12.36)","-16.76 (0.92, CI: -18.62, -14.88)","-19.11 (1.06, CI: -21.28, -16.97)","-20.95 (1.2, CI: -23.37, -18.56)","-22.37 (1.34, CI: -25.05, -19.73)","-23.5 (1.49, CI: -26.44, -20.54)","-24.47 (1.65, CI: -27.7, -21.2)","-25.38 (1.81, CI: -28.98, -21.83)","-26.35 (2, CI: -30.4, -22.41)","-202.74 (12.72, CI: -227.88, -177.37)","3.86","1.13","Yes"
"180","-0.15 (0.23, CI: -0.61, 0.3)","-0.83 (0.2, CI: -1.23, -0.43)","-1.36 (0.24, CI: -1.82, -0.88)","-1.76 (0.3, CI: -2.34, -1.18)","-2.1 (0.37, CI: -2.81, -1.38)","-2.38 (0.44, CI: -3.24, -1.52)","-2.6 (0.52, CI: -3.6, -1.59)","-2.75 (0.6, CI: -3.91, -1.57)","-2.86 (0.68, CI: -4.19, -1.52)","-2.95 (0.77, CI: -4.47, -1.45)","-3.04 (0.86, CI: -4.72, -1.37)","-3.12 (0.96, CI: -5.01, -1.24)","-3.16 (1.07, CI: -5.27, -1.08)","-27.4 (6.19, CI: -39.37, -15.3)","0.49","0.78","Yes"
"156","-0.15 (0.23, CI: -0.62, 0.3)","-0.82 (0.2, CI: -1.21, -0.42)","-1.35 (0.24, CI: -1.8, -0.88)","-1.76 (0.3, CI: -2.33, -1.17)","-2.09 (0.37, CI: -2.81, -1.35)","-2.36 (0.45, CI: -3.26, -1.47)","-2.58 (0.53, CI: -3.62, -1.54)","-2.73 (0.61, CI: -3.94, -1.53)","-2.84 (0.7, CI: -4.22, -1.47)","-2.93 (0.78, CI: -4.47, -1.38)","-3.02 (0.88, CI: -4.74, -1.28)","-3.1 (0.98, CI: -5.01, -1.12)","-3.15 (1.09, CI: -5.24, -0.92)","-27.24 (6.33, CI: -39.58, -14.45)","0.48","0.78","Yes"
"192","-0.15 (0.23, CI: -0.61, 0.29)","-0.82 (0.2, CI: -1.22, -0.44)","-1.35 (0.24, CI: -1.82, -0.88)","-1.75 (0.3, CI: -2.34, -1.17)","-2.08 (0.37, CI: -2.79, -1.36)","-2.35 (0.44, CI: -3.21, -1.47)","-2.57 (0.52, CI: -3.55, -1.52)","-2.72 (0.6, CI: -3.86, -1.51)","-2.82 (0.68, CI: -4.12, -1.46)","-2.91 (0.76, CI: -4.38, -1.38)","-3 (0.85, CI: -4.63, -1.29)","-3.07 (0.95, CI: -4.91, -1.19)","-3.11 (1.07, CI: -5.19, -1.04)","-27.08 (6.18, CI: -38.97, -14.69)","0.5","0.78","Yes"
"168","-0.15 (0.23, CI: -0.58, 0.29)","-0.83 (0.2, CI: -1.22, -0.45)","-1.37 (0.24, CI: -1.83, -0.9)","-1.78 (0.3, CI: -2.37, -1.19)","-2.12 (0.37, CI: -2.84, -1.37)","-2.4 (0.44, CI: -3.26, -1.5)","-2.63 (0.52, CI: -3.63, -1.58)","-2.79 (0.6, CI: -3.96, -1.58)","-2.9 (0.69, CI: -4.23, -1.52)","-3 (0.77, CI: -4.51, -1.47)","-3.09 (0.86, CI: -4.8, -1.39)","-3.18 (0.96, CI: -5.09, -1.28)","-3.23 (1.07, CI: -5.38, -1.15)","-27.77 (6.24, CI: -40.09, -15.44)","0.48","0.78","Yes"
"204","-0.15 (0.23, CI: -0.61, 0.29)","-0.82 (0.2, CI: -1.2, -0.43)","-1.35 (0.24, CI: -1.8, -0.87)","-1.75 (0.3, CI: -2.32, -1.16)","-2.07 (0.37, CI: -2.79, -1.35)","-2.34 (0.44, CI: -3.19, -1.5)","-2.55 (0.52, CI: -3.54, -1.55)","-2.7 (0.6, CI: -3.86, -1.55)","-2.8 (0.68, CI: -4.13, -1.5)","-2.88 (0.77, CI: -4.39, -1.41)","-2.96 (0.86, CI: -4.66, -1.31)","-3.03 (0.96, CI: -4.94, -1.18)","-3.07 (1.07, CI: -5.2, -0.99)","-26.85 (6.22, CI: -39.13, -14.95)","0.49","0.78","Yes"
"220","-0.1 (0.25, CI: -0.57, 0.39)","-0.83 (0.21, CI: -1.24, -0.42)","-1.38 (0.26, CI: -1.88, -0.87)","-1.79 (0.32, CI: -2.39, -1.13)","-2.09 (0.39, CI: -2.85, -1.31)","-2.34 (0.46, CI: -3.22, -1.43)","-2.53 (0.54, CI: -3.58, -1.46)","-2.69 (0.63, CI: -3.9, -1.44)","-2.81 (0.71, CI: -4.18, -1.38)","-2.92 (0.81, CI: -4.48, -1.32)","-3 (0.91, CI: -4.74, -1.22)","-3.04 (1.01, CI: -4.98, -1.06)","-3.03 (1.13, CI: -5.18, -0.75)","-26.98 (6.52, CI: -39.41, -14.05)","0.47","0.87","Yes"
"216","-0.1 (0.25, CI: -0.59, 0.37)","-0.83 (0.21, CI: -1.25, -0.43)","-1.38 (0.26, CI: -1.91, -0.88)","-1.79 (0.32, CI: -2.41, -1.16)","-2.1 (0.39, CI: -2.86, -1.33)","-2.34 (0.46, CI: -3.26, -1.42)","-2.54 (0.55, CI: -3.63, -1.46)","-2.7 (0.64, CI: -3.97, -1.44)","-2.83 (0.72, CI: -4.26, -1.41)","-2.93 (0.82, CI: -4.54, -1.32)","-3.02 (0.91, CI: -4.82, -1.21)","-3.07 (1.01, CI: -5.07, -1.07)","-3.06 (1.13, CI: -5.25, -0.84)","-27.11 (6.56, CI: -40.11, -14.13)","0.46","0.88","Yes"
"208","-0.1 (0.25, CI: -0.57, 0.4)","-0.83 (0.21, CI: -1.24, -0.42)","-1.38 (0.26, CI: -1.91, -0.87)","-1.78 (0.32, CI: -2.44, -1.15)","-2.09 (0.39, CI: -2.86, -1.31)","-2.33 (0.47, CI: -3.26, -1.4)","-2.53 (0.56, CI: -3.64, -1.41)","-2.68 (0.64, CI: -3.97, -1.38)","-2.8 (0.73, CI: -4.27, -1.33)","-2.91 (0.83, CI: -4.55, -1.25)","-2.99 (0.93, CI: -4.86, -1.13)","-3.04 (1.04, CI: -5.11, -0.98)","-3.03 (1.16, CI: -5.32, -0.73)","-26.93 (6.68, CI: -40.1, -13.58)","0.47","0.87","Yes"
"150","-0.25 (0.29, CI: -0.82, 0.32)","-0.88 (0.24, CI: -1.35, -0.42)","-1.37 (0.26, CI: -1.88, -0.87)","-1.74 (0.31, CI: -2.35, -1.14)","-2.04 (0.37, CI: -2.77, -1.32)","-2.3 (0.44, CI: -3.17, -1.45)","-2.51 (0.52, CI: -3.52, -1.51)","-2.64 (0.59, CI: -3.81, -1.49)","-2.73 (0.68, CI: -4.04, -1.41)","-2.79 (0.76, CI: -4.28, -1.29)","-2.84 (0.86, CI: -4.51, -1.16)","-2.87 (0.96, CI: -4.76, -0.99)","-2.85 (1.09, CI: -4.98, -0.72)","-26.27 (6.28, CI: -38.59, -14.05)","1.7","0.76","Yes"
"174","-0.26 (0.29, CI: -0.82, 0.31)","-0.88 (0.24, CI: -1.36, -0.41)","-1.36 (0.26, CI: -1.89, -0.85)","-1.73 (0.31, CI: -2.37, -1.12)","-2.03 (0.38, CI: -2.79, -1.29)","-2.29 (0.45, CI: -3.19, -1.42)","-2.49 (0.53, CI: -3.55, -1.48)","-2.62 (0.61, CI: -3.84, -1.45)","-2.7 (0.69, CI: -4.08, -1.37)","-2.75 (0.77, CI: -4.3, -1.24)","-2.8 (0.87, CI: -4.52, -1.1)","-2.82 (0.97, CI: -4.78, -0.9)","-2.79 (1.1, CI: -5.02, -0.64)","-25.99 (6.38, CI: -38.83, -13.65)","1.7","0.76","Yes"
"184","-0.71 (0.6, CI: -1.92, 0.48)","-1.18 (0.52, CI: -2.22, -0.18)","-1.53 (0.52, CI: -2.55, -0.5)","-1.77 (0.57, CI: -2.91, -0.63)","-1.98 (0.66, CI: -3.26, -0.67)","-2.18 (0.75, CI: -3.64, -0.69)","-2.33 (0.86, CI: -4.01, -0.61)","-2.4 (0.97, CI: -4.28, -0.45)","-2.38 (1.1, CI: -4.51, -0.19)","-2.3 (1.23, CI: -4.7, 0.16)","-2.18 (1.39, CI: -4.9, 0.63)","-2.01 (1.58, CI: -5.12, 1.23)","-1.75 (1.81, CI: -5.34, 1.91)","-23.47 (10.57, CI: -43.5, -2.1)","3.44","0.98","Yes"
"148","-0.7 (0.59, CI: -1.89, 0.42)","-1.18 (0.51, CI: -2.21, -0.23)","-1.52 (0.51, CI: -2.53, -0.53)","-1.77 (0.57, CI: -2.85, -0.66)","-1.97 (0.65, CI: -3.21, -0.73)","-2.17 (0.75, CI: -3.62, -0.74)","-2.32 (0.86, CI: -3.98, -0.65)","-2.38 (0.97, CI: -4.25, -0.52)","-2.36 (1.1, CI: -4.48, -0.27)","-2.28 (1.24, CI: -4.7, 0.09)","-2.15 (1.39, CI: -4.9, 0.49)","-1.97 (1.58, CI: -5.03, 1.09)","-1.7 (1.8, CI: -5.27, 1.82)","-23.27 (10.55, CI: -43.59, -2.85)","3.44","0.98","Yes"
"186","-0.25 (0.28, CI: -0.81, 0.3)","-0.88 (0.24, CI: -1.36, -0.42)","-1.37 (0.26, CI: -1.88, -0.86)","-1.74 (0.31, CI: -2.35, -1.13)","-2.04 (0.38, CI: -2.79, -1.32)","-2.3 (0.45, CI: -3.19, -1.43)","-2.51 (0.52, CI: -3.55, -1.49)","-2.64 (0.6, CI: -3.84, -1.49)","-2.73 (0.68, CI: -4.07, -1.42)","-2.79 (0.77, CI: -4.3, -1.3)","-2.84 (0.86, CI: -4.55, -1.1)","-2.86 (0.97, CI: -4.79, -0.92)","-2.84 (1.1, CI: -5.02, -0.66)","-26.24 (6.33, CI: -38.75, -14.03)","1.7","0.76","Yes"
"212","-0.1 (0.25, CI: -0.6, 0.4)","-0.84 (0.21, CI: -1.25, -0.42)","-1.39 (0.26, CI: -1.91, -0.91)","-1.8 (0.33, CI: -2.44, -1.17)","-2.1 (0.4, CI: -2.88, -1.35)","-2.35 (0.47, CI: -3.27, -1.44)","-2.55 (0.56, CI: -3.63, -1.47)","-2.71 (0.64, CI: -3.96, -1.47)","-2.84 (0.73, CI: -4.28, -1.41)","-2.95 (0.83, CI: -4.59, -1.33)","-3.04 (0.93, CI: -4.89, -1.25)","-3.1 (1.04, CI: -5.18, -1.12)","-3.09 (1.17, CI: -5.47, -0.91)","-27.25 (6.7, CI: -40.42, -14.27)","0.46","0.9","Yes"
"198","-0.25 (0.3, CI: -0.85, 0.32)","-0.88 (0.25, CI: -1.37, -0.4)","-1.37 (0.26, CI: -1.89, -0.86)","-1.74 (0.31, CI: -2.35, -1.15)","-2.04 (0.37, CI: -2.78, -1.33)","-2.31 (0.44, CI: -3.17, -1.47)","-2.51 (0.52, CI: -3.54, -1.53)","-2.65 (0.6, CI: -3.84, -1.51)","-2.73 (0.68, CI: -4.08, -1.43)","-2.8 (0.77, CI: -4.29, -1.33)","-2.85 (0.86, CI: -4.54, -1.18)","-2.87 (0.97, CI: -4.79, -1.02)","-2.86 (1.09, CI: -5, -0.77)","-26.3 (6.3, CI: -38.66, -14.16)","1.7","0.76","Yes"
"162","-0.25 (0.28, CI: -0.83, 0.29)","-0.88 (0.24, CI: -1.36, -0.42)","-1.37 (0.26, CI: -1.88, -0.87)","-1.73 (0.31, CI: -2.32, -1.11)","-2.03 (0.37, CI: -2.73, -1.29)","-2.29 (0.44, CI: -3.12, -1.41)","-2.49 (0.52, CI: -3.48, -1.46)","-2.63 (0.59, CI: -3.76, -1.45)","-2.71 (0.67, CI: -3.99, -1.37)","-2.77 (0.76, CI: -4.23, -1.26)","-2.81 (0.85, CI: -4.46, -1.12)","-2.83 (0.95, CI: -4.69, -0.94)","-2.81 (1.08, CI: -4.9, -0.68)","-26.07 (6.23, CI: -37.9, -13.53)","1.7","0.76","Yes"
"154","-0.71 (0.56, CI: -1.75, 0.4)","-1.23 (0.48, CI: -2.17, -0.29)","-1.6 (0.49, CI: -2.57, -0.69)","-1.86 (0.54, CI: -2.92, -0.81)","-2.05 (0.63, CI: -3.28, -0.87)","-2.22 (0.72, CI: -3.63, -0.83)","-2.34 (0.83, CI: -3.95, -0.7)","-2.39 (0.94, CI: -4.2, -0.52)","-2.37 (1.06, CI: -4.44, -0.25)","-2.32 (1.19, CI: -4.65, 0.08)","-2.24 (1.34, CI: -4.87, 0.49)","-2.12 (1.52, CI: -5.07, 0.97)","-1.94 (1.73, CI: -5.31, 1.58)","-24.07 (10.17, CI: -43.97, -3.92)","3.22","0.96","Yes"
"172","-0.72 (0.6, CI: -1.91, 0.39)","-1.2 (0.51, CI: -2.21, -0.2)","-1.55 (0.52, CI: -2.58, -0.51)","-1.79 (0.58, CI: -2.94, -0.66)","-2 (0.66, CI: -3.29, -0.7)","-2.2 (0.76, CI: -3.69, -0.69)","-2.35 (0.87, CI: -4.06, -0.65)","-2.41 (0.99, CI: -4.34, -0.45)","-2.39 (1.11, CI: -4.58, -0.17)","-2.31 (1.25, CI: -4.76, 0.14)","-2.19 (1.4, CI: -4.98, 0.53)","-2.01 (1.59, CI: -5.13, 1.11)","-1.75 (1.82, CI: -5.3, 1.88)","-23.63 (10.69, CI: -44.43, -2.32)","3.44","0.98","Yes"
"190","-0.73 (0.57, CI: -1.85, 0.4)","-1.26 (0.49, CI: -2.2, -0.27)","-1.64 (0.5, CI: -2.59, -0.61)","-1.9 (0.56, CI: -2.97, -0.75)","-2.1 (0.65, CI: -3.34, -0.82)","-2.28 (0.74, CI: -3.7, -0.79)","-2.4 (0.85, CI: -4.05, -0.71)","-2.45 (0.97, CI: -4.31, -0.55)","-2.45 (1.09, CI: -4.55, -0.31)","-2.4 (1.22, CI: -4.76, -0.04)","-2.33 (1.37, CI: -4.96, 0.33)","-2.21 (1.54, CI: -5.18, 0.78)","-2.02 (1.76, CI: -5.41, 1.39)","-24.79 (10.41, CI: -44.83, -4.64)","3.22","0.97","Yes"
"202","-0.73 (0.56, CI: -1.85, 0.36)","-1.26 (0.48, CI: -2.21, -0.3)","-1.63 (0.49, CI: -2.57, -0.65)","-1.89 (0.55, CI: -2.94, -0.76)","-2.09 (0.64, CI: -3.31, -0.79)","-2.26 (0.74, CI: -3.69, -0.77)","-2.39 (0.85, CI: -4.03, -0.69)","-2.44 (0.96, CI: -4.32, -0.52)","-2.44 (1.09, CI: -4.58, -0.28)","-2.4 (1.22, CI: -4.81, 0.02)","-2.33 (1.37, CI: -5.05, 0.34)","-2.23 (1.54, CI: -5.28, 0.77)","-2.06 (1.75, CI: -5.51, 1.35)","-24.74 (10.38, CI: -44.89, -4)","3.21","0.96","Yes"
"166","-0.73 (0.57, CI: -1.89, 0.34)","-1.26 (0.49, CI: -2.23, -0.3)","-1.63 (0.49, CI: -2.6, -0.66)","-1.89 (0.55, CI: -2.95, -0.8)","-2.09 (0.63, CI: -3.3, -0.87)","-2.27 (0.72, CI: -3.65, -0.88)","-2.39 (0.82, CI: -3.99, -0.8)","-2.45 (0.93, CI: -4.24, -0.62)","-2.44 (1.05, CI: -4.45, -0.39)","-2.4 (1.17, CI: -4.67, -0.1)","-2.33 (1.32, CI: -4.91, 0.27)","-2.21 (1.49, CI: -5.16, 0.74)","-2.03 (1.7, CI: -5.36, 1.37)","-24.75 (10.04, CI: -44.24, -5.22)","3.21","0.96","Yes"
"178","-0.73 (0.57, CI: -1.89, 0.4)","-1.26 (0.49, CI: -2.22, -0.28)","-1.63 (0.49, CI: -2.57, -0.64)","-1.88 (0.55, CI: -2.94, -0.81)","-2.08 (0.63, CI: -3.31, -0.84)","-2.25 (0.73, CI: -3.68, -0.83)","-2.37 (0.83, CI: -4, -0.7)","-2.43 (0.94, CI: -4.28, -0.53)","-2.42 (1.06, CI: -4.52, -0.3)","-2.38 (1.2, CI: -4.73, 0.01)","-2.32 (1.34, CI: -4.93, 0.38)","-2.21 (1.52, CI: -5.16, 0.8)","-2.04 (1.73, CI: -5.46, 1.4)","-24.62 (10.2, CI: -44.56, -4.63)","3.21","0.97","Yes"
"196","-0.71 (0.6, CI: -1.9, 0.48)","-1.19 (0.52, CI: -2.19, -0.17)","-1.53 (0.52, CI: -2.55, -0.51)","-1.77 (0.58, CI: -2.9, -0.63)","-1.98 (0.66, CI: -3.27, -0.69)","-2.19 (0.76, CI: -3.65, -0.68)","-2.34 (0.87, CI: -4, -0.64)","-2.4 (0.99, CI: -4.29, -0.49)","-2.38 (1.11, CI: -4.49, -0.22)","-2.31 (1.25, CI: -4.72, 0.17)","-2.19 (1.41, CI: -4.96, 0.55)","-2.01 (1.6, CI: -5.2, 1.15)","-1.75 (1.83, CI: -5.38, 1.91)","-23.52 (10.74, CI: -44.22, -2.42)","3.44","0.98","Yes"
"160","-0.7 (0.59, CI: -1.84, 0.45)","-1.17 (0.51, CI: -2.17, -0.16)","-1.51 (0.52, CI: -2.52, -0.49)","-1.75 (0.58, CI: -2.88, -0.62)","-1.95 (0.66, CI: -3.25, -0.64)","-2.15 (0.76, CI: -3.67, -0.64)","-2.3 (0.86, CI: -4.04, -0.61)","-2.36 (0.98, CI: -4.3, -0.43)","-2.33 (1.1, CI: -4.51, -0.17)","-2.25 (1.24, CI: -4.72, 0.15)","-2.12 (1.4, CI: -4.89, 0.56)","-1.93 (1.58, CI: -5.07, 1.09)","-1.66 (1.82, CI: -5.29, 1.82)","-23.01 (10.65, CI: -44.39, -2.22)","3.45","0.98","Yes"
"159","-0.65 (1.08, CI: -2.8, 1.43)","-4.94 (0.95, CI: -6.81, -3.13)","-8.65 (0.92, CI: -10.46, -6.89)","-11.88 (0.96, CI: -13.76, -9.99)","-14.69 (1.05, CI: -16.69, -12.63)","-17.15 (1.17, CI: -19.34, -14.84)","-19.33 (1.3, CI: -21.81, -16.77)","-21.23 (1.45, CI: -24.03, -18.4)","-22.89 (1.6, CI: -25.97, -19.75)","-24.3 (1.77, CI: -27.67, -20.8)","-25.44 (1.95, CI: -29.23, -21.59)","-26.3 (2.16, CI: -30.49, -22.04)","-26.8 (2.4, CI: -31.43, -22.1)","-210.53 (15.93, CI: -241.01, -179.18)","5.77","1.31","Yes"
"224","-0.1 (0.25, CI: -0.59, 0.4)","-0.83 (0.21, CI: -1.26, -0.41)","-1.38 (0.26, CI: -1.9, -0.88)","-1.79 (0.33, CI: -2.43, -1.17)","-2.1 (0.4, CI: -2.89, -1.34)","-2.35 (0.47, CI: -3.3, -1.43)","-2.55 (0.56, CI: -3.68, -1.45)","-2.7 (0.64, CI: -4, -1.45)","-2.83 (0.73, CI: -4.31, -1.39)","-2.94 (0.83, CI: -4.63, -1.3)","-3.03 (0.93, CI: -4.91, -1.21)","-3.08 (1.03, CI: -5.16, -1.08)","-3.07 (1.15, CI: -5.32, -0.79)","-27.16 (6.68, CI: -40.51, -14.14)","0.47","0.88","Yes"
"191","0.21 (0.35, CI: -0.49, 0.88)","-4.27 (0.3, CI: -4.89, -3.67)","-8.14 (0.35, CI: -8.81, -7.45)","-11.47 (0.43, CI: -12.3, -10.63)","-14.36 (0.52, CI: -15.36, -13.3)","-16.85 (0.62, CI: -18.05, -15.6)","-19.02 (0.72, CI: -20.4, -17.59)","-20.92 (0.82, CI: -22.53, -19.3)","-22.61 (0.93, CI: -24.41, -20.8)","-24.07 (1.03, CI: -26.08, -22.05)","-25.27 (1.15, CI: -27.5, -23.03)","-26.15 (1.27, CI: -28.64, -23.67)","-26.62 (1.4, CI: -29.44, -23.91)","-206.33 (8.55, CI: -222.92, -189.79)","1.05","1.07","Yes"
"179","0.21 (0.35, CI: -0.48, 0.89)","-4.27 (0.3, CI: -4.88, -3.69)","-8.13 (0.35, CI: -8.81, -7.45)","-11.47 (0.43, CI: -12.31, -10.64)","-14.35 (0.52, CI: -15.38, -13.35)","-16.84 (0.62, CI: -18.07, -15.66)","-19.01 (0.72, CI: -20.43, -17.64)","-20.91 (0.82, CI: -22.56, -19.31)","-22.6 (0.92, CI: -24.45, -20.79)","-24.06 (1.03, CI: -26.11, -22.04)","-25.25 (1.14, CI: -27.55, -23.03)","-26.13 (1.26, CI: -28.66, -23.71)","-26.6 (1.39, CI: -29.39, -23.85)","-206.22 (8.48, CI: -223.37, -189.82)","1.06","1.07","Yes"
"167","0.22 (0.35, CI: -0.47, 0.91)","-4.26 (0.31, CI: -4.86, -3.68)","-8.12 (0.35, CI: -8.8, -7.44)","-11.46 (0.43, CI: -12.28, -10.61)","-14.35 (0.52, CI: -15.33, -13.32)","-16.84 (0.61, CI: -18.01, -15.61)","-19.01 (0.71, CI: -20.38, -17.58)","-20.91 (0.82, CI: -22.5, -19.25)","-22.6 (0.93, CI: -24.41, -20.73)","-24.06 (1.04, CI: -26.06, -21.97)","-25.25 (1.15, CI: -27.47, -22.9)","-26.13 (1.27, CI: -28.6, -23.52)","-26.6 (1.41, CI: -29.33, -23.71)","-206.18 (8.52, CI: -222.34, -189.1)","1.06","1.07","Yes"
"155","0.2 (0.36, CI: -0.5, 0.91)","-4.28 (0.31, CI: -4.89, -3.68)","-8.14 (0.35, CI: -8.83, -7.47)","-11.48 (0.43, CI: -12.31, -10.65)","-14.37 (0.52, CI: -15.39, -13.37)","-16.87 (0.61, CI: -18.08, -15.67)","-19.04 (0.71, CI: -20.45, -17.65)","-20.94 (0.82, CI: -22.56, -19.37)","-22.64 (0.92, CI: -24.45, -20.83)","-24.1 (1.03, CI: -26.12, -22.1)","-25.29 (1.14, CI: -27.5, -23.07)","-26.17 (1.26, CI: -28.61, -23.7)","-26.65 (1.39, CI: -29.38, -23.94)","-206.53 (8.44, CI: -223.35, -190.28)","1.06","1.07","Yes"
"210","-0.31 (0.38, CI: -1.04, 0.44)","-0.98 (0.3, CI: -1.58, -0.39)","-1.46 (0.31, CI: -2.08, -0.87)","-1.81 (0.35, CI: -2.5, -1.14)","-2.08 (0.4, CI: -2.87, -1.29)","-2.31 (0.47, CI: -3.22, -1.37)","-2.49 (0.55, CI: -3.56, -1.39)","-2.63 (0.63, CI: -3.88, -1.39)","-2.72 (0.71, CI: -4.15, -1.3)","-2.77 (0.8, CI: -4.37, -1.17)","-2.77 (0.9, CI: -4.57, -0.98)","-2.71 (1.02, CI: -4.76, -0.7)","-2.55 (1.18, CI: -4.88, -0.2)","-26.15 (6.65, CI: -39.39, -13.21)","2.39","0.84","Yes"
"183","-0.64 (1.09, CI: -2.85, 1.45)","-4.94 (0.95, CI: -6.82, -3.09)","-8.65 (0.91, CI: -10.43, -6.88)","-11.87 (0.96, CI: -13.71, -10.02)","-14.69 (1.05, CI: -16.71, -12.64)","-17.16 (1.17, CI: -19.39, -14.85)","-19.34 (1.31, CI: -21.84, -16.73)","-21.25 (1.45, CI: -24.01, -18.35)","-22.92 (1.61, CI: -25.95, -19.71)","-24.33 (1.78, CI: -27.7, -20.8)","-25.49 (1.96, CI: -29.17, -21.56)","-26.36 (2.17, CI: -30.41, -22.07)","-26.87 (2.43, CI: -31.42, -22.05)","-210.75 (15.91, CI: -240.92, -178.72)","5.82","1.3","Yes"
"147","-0.62 (1.1, CI: -2.74, 1.59)","-4.9 (0.96, CI: -6.8, -3.01)","-8.61 (0.93, CI: -10.42, -6.83)","-11.83 (0.97, CI: -13.69, -9.98)","-14.64 (1.06, CI: -16.71, -12.57)","-17.1 (1.18, CI: -19.44, -14.82)","-19.27 (1.32, CI: -21.89, -16.69)","-21.17 (1.46, CI: -24.12, -18.31)","-22.82 (1.61, CI: -26.12, -19.66)","-24.22 (1.77, CI: -27.77, -20.73)","-25.37 (1.95, CI: -29.26, -21.51)","-26.22 (2.15, CI: -30.53, -21.95)","-26.72 (2.39, CI: -31.48, -21.94)","-209.84 (15.93, CI: -241.54, -178.59)","5.8","1.3","Yes"
"222","-0.21 (0.44, CI: -1.01, 0.56)","-0.87 (0.39, CI: -1.55, -0.11)","-1.36 (0.4, CI: -2.07, -0.57)","-1.7 (0.45, CI: -2.51, -0.84)","-1.95 (0.52, CI: -2.87, -0.96)","-2.14 (0.62, CI: -3.22, -0.94)","-2.3 (0.73, CI: -3.53, -0.88)","-2.41 (0.83, CI: -3.84, -0.82)","-2.48 (0.91, CI: -4.09, -0.79)","-2.52 (0.99, CI: -4.34, -0.75)","-2.52 (1.07, CI: -4.55, -0.7)","-2.46 (1.16, CI: -4.68, -0.6)","-2.31 (1.27, CI: -4.8, -0.26)","-23.97 (8.53, CI: -39.47, -8.07)","2.38","0.84","No"
"218","-0.31 (0.37, CI: -1.05, 0.44)","-0.98 (0.3, CI: -1.57, -0.4)","-1.47 (0.31, CI: -2.08, -0.87)","-1.81 (0.35, CI: -2.49, -1.13)","-2.08 (0.4, CI: -2.86, -1.3)","-2.31 (0.47, CI: -3.24, -1.39)","-2.49 (0.55, CI: -3.6, -1.44)","-2.63 (0.63, CI: -3.87, -1.44)","-2.72 (0.71, CI: -4.15, -1.34)","-2.77 (0.8, CI: -4.37, -1.22)","-2.78 (0.91, CI: -4.56, -1)","-2.72 (1.03, CI: -4.75, -0.69)","-2.56 (1.19, CI: -4.93, -0.23)","-26.2 (6.69, CI: -39.42, -13.34)","2.4","0.84","Yes"
"153","-0.66 (1.04, CI: -2.78, 1.35)","-5.04 (0.91, CI: -6.85, -3.27)","-8.82 (0.89, CI: -10.55, -7.11)","-12.08 (0.94, CI: -13.93, -10.25)","-14.89 (1.04, CI: -16.98, -12.85)","-17.33 (1.16, CI: -19.68, -15.04)","-19.45 (1.3, CI: -22.09, -16.93)","-21.31 (1.45, CI: -24.23, -18.54)","-22.95 (1.6, CI: -26.18, -19.92)","-24.36 (1.77, CI: -27.94, -21.03)","-25.51 (1.95, CI: -29.43, -21.82)","-26.35 (2.15, CI: -30.66, -22.28)","-26.81 (2.39, CI: -31.58, -22.28)","-211.82 (15.76, CI: -243.34, -180.99)","5.7","1.3","Yes"
"206","-0.31 (0.38, CI: -1.04, 0.45)","-0.98 (0.31, CI: -1.57, -0.36)","-1.47 (0.31, CI: -2.09, -0.85)","-1.83 (0.35, CI: -2.52, -1.12)","-2.1 (0.41, CI: -2.89, -1.27)","-2.33 (0.48, CI: -3.27, -1.38)","-2.52 (0.56, CI: -3.62, -1.42)","-2.67 (0.64, CI: -3.94, -1.42)","-2.77 (0.73, CI: -4.21, -1.36)","-2.83 (0.82, CI: -4.46, -1.25)","-2.84 (0.92, CI: -4.68, -1.06)","-2.79 (1.04, CI: -4.85, -0.76)","-2.65 (1.21, CI: -4.99, -0.31)","-26.61 (6.83, CI: -40.07, -13.34)","2.39","0.86","Yes"
"195","-0.62 (1.07, CI: -2.78, 1.4)","-4.93 (0.92, CI: -6.79, -3.21)","-8.66 (0.89, CI: -10.46, -6.97)","-11.9 (0.93, CI: -13.76, -10.13)","-14.72 (1.03, CI: -16.79, -12.75)","-17.2 (1.15, CI: -19.49, -14.99)","-19.39 (1.29, CI: -21.92, -16.87)","-21.3 (1.44, CI: -24.16, -18.51)","-22.97 (1.59, CI: -26.12, -19.89)","-24.38 (1.77, CI: -27.87, -20.94)","-25.53 (1.96, CI: -29.36, -21.73)","-26.39 (2.17, CI: -30.63, -22.15)","-26.88 (2.43, CI: -31.58, -22.19)","-211.11 (15.74, CI: -242.46, -180.87)","5.8","1.3","Yes"
"201","-0.7 (1.07, CI: -2.78, 1.36)","-5.08 (0.94, CI: -6.89, -3.23)","-8.85 (0.91, CI: -10.62, -7.09)","-12.11 (0.96, CI: -14, -10.28)","-14.93 (1.05, CI: -16.96, -12.91)","-17.37 (1.17, CI: -19.68, -15.13)","-19.49 (1.31, CI: -22.04, -17)","-21.35 (1.46, CI: -24.2, -18.55)","-23.01 (1.62, CI: -26.17, -19.9)","-24.43 (1.79, CI: -27.94, -21)","-25.6 (1.98, CI: -29.46, -21.77)","-26.47 (2.2, CI: -30.77, -22.13)","-26.95 (2.46, CI: -31.73, -22.13)","-212.5 (16.03, CI: -243.48, -182.24)","5.69","1.3","Yes"
"189","-0.74 (1.07, CI: -2.82, 1.39)","-5.11 (0.93, CI: -6.91, -3.28)","-8.88 (0.89, CI: -10.6, -7.05)","-12.13 (0.94, CI: -13.92, -10.27)","-14.94 (1.03, CI: -16.98, -12.88)","-17.37 (1.16, CI: -19.71, -15.09)","-19.48 (1.29, CI: -22.13, -16.92)","-21.34 (1.44, CI: -24.27, -18.49)","-22.98 (1.6, CI: -26.23, -19.83)","-24.4 (1.77, CI: -28.01, -20.93)","-25.56 (1.96, CI: -29.61, -21.79)","-26.42 (2.17, CI: -30.92, -22.27)","-26.9 (2.42, CI: -31.89, -22.28)","-212.41 (15.77, CI: -244.46, -181.49)","5.7","1.3","Yes"
"203","0.21 (0.35, CI: -0.48, 0.88)","-4.27 (0.3, CI: -4.89, -3.69)","-8.13 (0.35, CI: -8.83, -7.45)","-11.47 (0.44, CI: -12.33, -10.62)","-14.36 (0.53, CI: -15.39, -13.3)","-16.86 (0.64, CI: -18.1, -15.57)","-19.03 (0.74, CI: -20.48, -17.55)","-20.93 (0.85, CI: -22.59, -19.22)","-22.62 (0.96, CI: -24.5, -20.7)","-24.09 (1.07, CI: -26.19, -21.95)","-25.28 (1.19, CI: -27.61, -22.93)","-26.17 (1.32, CI: -28.76, -23.59)","-26.65 (1.46, CI: -29.5, -23.85)","-206.44 (8.81, CI: -223.84, -189.03)","1.04","1.07","Yes"
"177","-0.69 (1.08, CI: -2.81, 1.41)","-5.06 (0.94, CI: -6.85, -3.19)","-8.83 (0.9, CI: -10.58, -7.01)","-12.09 (0.95, CI: -13.91, -10.17)","-14.9 (1.04, CI: -16.93, -12.8)","-17.34 (1.16, CI: -19.56, -15.01)","-19.46 (1.29, CI: -21.95, -16.84)","-21.32 (1.44, CI: -24.07, -18.44)","-22.97 (1.59, CI: -26, -19.76)","-24.39 (1.75, CI: -27.72, -20.79)","-25.56 (1.93, CI: -29.18, -21.61)","-26.42 (2.13, CI: -30.44, -22.06)","-26.9 (2.37, CI: -31.45, -22.09)","-212.13 (15.73, CI: -242.07, -180.1)","5.71","1.3","Yes"
"165","-0.57 (1.05, CI: -2.62, 1.51)","-4.97 (0.93, CI: -6.81, -3.14)","-8.76 (0.91, CI: -10.57, -6.95)","-12.03 (0.96, CI: -13.93, -10.14)","-14.85 (1.06, CI: -16.9, -12.76)","-17.3 (1.18, CI: -19.57, -14.94)","-19.42 (1.32, CI: -21.95, -16.78)","-21.29 (1.47, CI: -24.05, -18.32)","-22.94 (1.62, CI: -26.01, -19.61)","-24.36 (1.79, CI: -27.78, -20.77)","-25.52 (1.97, CI: -29.32, -21.58)","-26.39 (2.17, CI: -30.66, -22.01)","-26.87 (2.41, CI: -31.53, -22.09)","-211.56 (15.99, CI: -242.1, -180.1)","5.68","1.3","Yes"
"171","-0.64 (1.09, CI: -2.79, 1.39)","-4.92 (0.95, CI: -6.83, -3.11)","-8.62 (0.93, CI: -10.44, -6.82)","-11.83 (0.98, CI: -13.79, -9.89)","-14.64 (1.08, CI: -16.76, -12.51)","-17.1 (1.21, CI: -19.45, -14.71)","-19.27 (1.35, CI: -21.87, -16.56)","-21.17 (1.5, CI: -24, -18.19)","-22.82 (1.66, CI: -25.92, -19.5)","-24.23 (1.83, CI: -27.66, -20.56)","-25.37 (2.01, CI: -29.19, -21.37)","-26.24 (2.22, CI: -30.5, -21.85)","-26.74 (2.47, CI: -31.55, -21.79)","-209.89 (16.37, CI: -241.1, -176.92)","5.82","1.31","Yes"
"214","-0.31 (0.38, CI: -1.06, 0.43)","-1 (0.31, CI: -1.61, -0.39)","-1.51 (0.32, CI: -2.14, -0.89)","-1.88 (0.36, CI: -2.57, -1.16)","-2.17 (0.43, CI: -3, -1.33)","-2.42 (0.5, CI: -3.39, -1.43)","-2.63 (0.58, CI: -3.76, -1.46)","-2.78 (0.67, CI: -4.09, -1.47)","-2.9 (0.76, CI: -4.38, -1.4)","-2.97 (0.86, CI: -4.63, -1.29)","-3 (0.96, CI: -4.85, -1.12)","-2.96 (1.09, CI: -5.02, -0.82)","-2.82 (1.25, CI: -5.18, -0.38)","-27.79 (7.13, CI: -41.47, -13.66)","2.4","0.91","Yes"
"173","-0.09 (0.58, CI: -1.19, 1.09)","-4.5 (0.51, CI: -5.47, -3.47)","-8.32 (0.51, CI: -9.3, -7.31)","-11.63 (0.55, CI: -12.7, -10.53)","-14.52 (0.63, CI: -15.74, -13.25)","-17.02 (0.72, CI: -18.41, -15.57)","-19.21 (0.82, CI: -20.79, -17.6)","-21.13 (0.92, CI: -22.91, -19.32)","-22.81 (1.03, CI: -24.79, -20.81)","-24.24 (1.14, CI: -26.46, -22.02)","-25.41 (1.26, CI: -27.87, -22.92)","-26.29 (1.39, CI: -29.02, -23.52)","-26.79 (1.54, CI: -29.79, -23.7)","-208.53 (9.87, CI: -227.57, -189.12)","3.62","1.13","Yes"
"185","-0.09 (0.58, CI: -1.23, 1.03)","-4.51 (0.5, CI: -5.52, -3.53)","-8.34 (0.5, CI: -9.33, -7.38)","-11.66 (0.55, CI: -12.72, -10.62)","-14.54 (0.62, CI: -15.74, -13.35)","-17.06 (0.71, CI: -18.45, -15.7)","-19.25 (0.8, CI: -20.82, -17.7)","-21.17 (0.91, CI: -22.94, -19.39)","-22.85 (1.01, CI: -24.82, -20.85)","-24.29 (1.13, CI: -26.47, -22.08)","-25.46 (1.25, CI: -27.89, -22.96)","-26.35 (1.38, CI: -29.05, -23.62)","-26.85 (1.53, CI: -29.82, -23.78)","-208.95 (9.75, CI: -227.72, -189.91)","3.62","1.13","Yes"
"149","-0.09 (0.57, CI: -1.19, 1.06)","-4.51 (0.5, CI: -5.48, -3.53)","-8.33 (0.49, CI: -9.27, -7.36)","-11.65 (0.54, CI: -12.68, -10.58)","-14.53 (0.61, CI: -15.72, -13.34)","-17.05 (0.7, CI: -18.43, -15.69)","-19.24 (0.8, CI: -20.8, -17.72)","-21.16 (0.9, CI: -22.9, -19.45)","-22.84 (1, CI: -24.78, -20.94)","-24.28 (1.11, CI: -26.45, -22.15)","-25.46 (1.22, CI: -27.85, -23.09)","-26.34 (1.35, CI: -28.99, -23.75)","-26.85 (1.5, CI: -29.77, -23.97)","-208.86 (9.6, CI: -227.5, -190.14)","3.62","1.14","Yes"
"161","-0.09 (0.58, CI: -1.24, 1.06)","-4.5 (0.5, CI: -5.5, -3.52)","-8.33 (0.5, CI: -9.32, -7.33)","-11.65 (0.54, CI: -12.7, -10.56)","-14.53 (0.61, CI: -15.73, -13.33)","-17.05 (0.7, CI: -18.43, -15.67)","-19.24 (0.8, CI: -20.83, -17.69)","-21.16 (0.9, CI: -22.94, -19.42)","-22.84 (1.01, CI: -24.82, -20.88)","-24.28 (1.12, CI: -26.46, -22.11)","-25.46 (1.24, CI: -27.9, -23.07)","-26.34 (1.37, CI: -29.02, -23.72)","-26.84 (1.53, CI: -29.86, -23.95)","-208.84 (9.65, CI: -227.89, -190.17)","3.62","1.13","Yes"
"197","-0.11 (0.58, CI: -1.26, 0.99)","-4.53 (0.5, CI: -5.53, -3.53)","-8.35 (0.5, CI: -9.35, -7.39)","-11.67 (0.54, CI: -12.76, -10.61)","-14.56 (0.62, CI: -15.8, -13.37)","-17.08 (0.7, CI: -18.49, -15.73)","-19.27 (0.8, CI: -20.88, -17.74)","-21.2 (0.9, CI: -23, -19.48)","-22.89 (1, CI: -24.87, -20.96)","-24.33 (1.11, CI: -26.52, -22.21)","-25.52 (1.22, CI: -27.94, -23.17)","-26.41 (1.35, CI: -29.09, -23.8)","-26.93 (1.49, CI: -29.91, -24)","-209.31 (9.61, CI: -228.68, -190.5)","3.62","1.13","Yes"
"219","0.2 (0.36, CI: -0.52, 0.91)","-4.25 (0.32, CI: -4.89, -3.65)","-8.11 (0.37, CI: -8.85, -7.38)","-11.46 (0.46, CI: -12.39, -10.58)","-14.37 (0.55, CI: -15.48, -13.3)","-16.9 (0.65, CI: -18.19, -15.65)","-19.08 (0.76, CI: -20.6, -17.61)","-21 (0.87, CI: -22.72, -19.28)","-22.69 (0.98, CI: -24.62, -20.72)","-24.14 (1.1, CI: -26.3, -21.95)","-25.35 (1.22, CI: -27.78, -22.96)","-26.26 (1.35, CI: -28.95, -23.64)","-26.79 (1.5, CI: -29.8, -23.86)","-206.91 (9.02, CI: -224.9, -189.31)","0.98","1.17","Yes"
"207","0.21 (0.37, CI: -0.5, 0.92)","-4.26 (0.32, CI: -4.89, -3.63)","-8.12 (0.38, CI: -8.87, -7.38)","-11.48 (0.46, CI: -12.37, -10.56)","-14.4 (0.56, CI: -15.47, -13.28)","-16.91 (0.65, CI: -18.18, -15.6)","-19.1 (0.75, CI: -20.56, -17.56)","-21.01 (0.86, CI: -22.72, -19.25)","-22.7 (0.98, CI: -24.62, -20.72)","-24.16 (1.1, CI: -26.33, -21.95)","-25.36 (1.22, CI: -27.78, -22.92)","-26.28 (1.34, CI: -28.93, -23.64)","-26.82 (1.48, CI: -29.78, -23.94)","-207.09 (8.98, CI: -224.67, -188.89)","0.99","1.18","Yes"
"211","0.21 (0.38, CI: -0.52, 0.97)","-4.25 (0.32, CI: -4.88, -3.59)","-8.11 (0.39, CI: -8.86, -7.34)","-11.47 (0.47, CI: -12.38, -10.55)","-14.39 (0.57, CI: -15.5, -13.3)","-16.91 (0.67, CI: -18.25, -15.62)","-19.1 (0.78, CI: -20.62, -17.61)","-21.01 (0.89, CI: -22.78, -19.28)","-22.7 (1.01, CI: -24.7, -20.71)","-24.16 (1.14, CI: -26.38, -21.92)","-25.37 (1.27, CI: -27.82, -22.87)","-26.29 (1.39, CI: -29.02, -23.55)","-26.83 (1.54, CI: -29.86, -23.84)","-207.08 (9.31, CI: -225.45, -188.85)","1","1.17","Yes"
"215","0.21 (0.36, CI: -0.5, 0.91)","-4.24 (0.31, CI: -4.85, -3.63)","-8.1 (0.38, CI: -8.85, -7.36)","-11.45 (0.47, CI: -12.38, -10.54)","-14.36 (0.56, CI: -15.48, -13.25)","-16.88 (0.66, CI: -18.21, -15.57)","-19.06 (0.77, CI: -20.6, -17.55)","-20.98 (0.89, CI: -22.76, -19.21)","-22.67 (1.01, CI: -24.69, -20.68)","-24.13 (1.14, CI: -26.38, -21.89)","-25.34 (1.26, CI: -27.81, -22.82)","-26.25 (1.4, CI: -28.98, -23.48)","-26.79 (1.55, CI: -29.81, -23.74)","-206.75 (9.2, CI: -224.96, -188.54)","1.01","1.17","Yes"
"223","0.2 (0.37, CI: -0.56, 0.93)","-4.25 (0.32, CI: -4.88, -3.62)","-8.11 (0.38, CI: -8.86, -7.38)","-11.47 (0.46, CI: -12.37, -10.57)","-14.38 (0.56, CI: -15.48, -13.26)","-16.9 (0.66, CI: -18.17, -15.61)","-19.08 (0.76, CI: -20.56, -17.6)","-20.99 (0.88, CI: -22.7, -19.29)","-22.68 (0.99, CI: -24.62, -20.75)","-24.14 (1.11, CI: -26.3, -21.97)","-25.34 (1.24, CI: -27.74, -22.96)","-26.25 (1.37, CI: -28.93, -23.61)","-26.79 (1.51, CI: -29.75, -23.82)","-206.9 (9.1, CI: -224.7, -189.34)","1.01","1.17","Yes"
"209","-0.24 (0.75, CI: -1.73, 1.26)","-4.48 (0.65, CI: -5.76, -3.2)","-8.23 (0.63, CI: -9.47, -6.98)","-11.56 (0.65, CI: -12.83, -10.24)","-14.5 (0.71, CI: -15.87, -13.03)","-17.09 (0.78, CI: -18.63, -15.48)","-19.35 (0.87, CI: -21.06, -17.55)","-21.29 (0.98, CI: -23.22, -19.27)","-22.92 (1.1, CI: -25.09, -20.68)","-24.3 (1.22, CI: -26.69, -21.8)","-25.45 (1.36, CI: -28.04, -22.66)","-26.42 (1.5, CI: -29.27, -23.33)","-27.14 (1.68, CI: -30.38, -23.73)","-209.28 (10.71, CI: -230.23, -187.19)","4.51","1.21","Yes"
"217","-0.19 (0.77, CI: -1.7, 1.24)","-4.4 (0.69, CI: -5.68, -3.13)","-8.13 (0.68, CI: -9.39, -6.89)","-11.45 (0.71, CI: -12.81, -10.18)","-14.39 (0.76, CI: -15.88, -13.05)","-16.98 (0.83, CI: -18.64, -15.52)","-19.24 (0.92, CI: -21.09, -17.61)","-21.16 (1.03, CI: -23.22, -19.34)","-22.78 (1.16, CI: -25.08, -20.73)","-24.14 (1.29, CI: -26.69, -21.82)","-25.29 (1.42, CI: -28.1, -22.71)","-26.25 (1.54, CI: -29.32, -23.4)","-26.98 (1.68, CI: -30.35, -23.82)","-207.8 (11.37, CI: -230.18, -187.57)","4.47","1.21","Yes"
"221","-0.25 (0.73, CI: -1.65, 1.23)","-4.48 (0.63, CI: -5.67, -3.19)","-8.22 (0.62, CI: -9.39, -6.98)","-11.55 (0.65, CI: -12.78, -10.25)","-14.5 (0.7, CI: -15.85, -13.11)","-17.1 (0.77, CI: -18.6, -15.56)","-19.36 (0.86, CI: -21.03, -17.61)","-21.3 (0.97, CI: -23.17, -19.35)","-22.94 (1.09, CI: -25.06, -20.75)","-24.31 (1.22, CI: -26.67, -21.89)","-25.47 (1.35, CI: -28.07, -22.79)","-26.44 (1.49, CI: -29.38, -23.49)","-27.15 (1.66, CI: -30.45, -23.86)","-209.38 (10.62, CI: -229.7, -188.19)","4.52","1.22","Yes"
"213","-0.24 (0.73, CI: -1.65, 1.21)","-4.47 (0.62, CI: -5.67, -3.22)","-8.21 (0.6, CI: -9.39, -7.03)","-11.54 (0.63, CI: -12.77, -10.26)","-14.48 (0.67, CI: -15.82, -13.13)","-17.06 (0.74, CI: -18.51, -15.57)","-19.31 (0.83, CI: -20.92, -17.65)","-21.24 (0.94, CI: -23.09, -19.41)","-22.87 (1.06, CI: -24.92, -20.78)","-24.24 (1.19, CI: -26.51, -21.87)","-25.39 (1.32, CI: -27.91, -22.73)","-26.34 (1.46, CI: -29.13, -23.36)","-27.05 (1.63, CI: -30.21, -23.76)","-208.8 (10.3, CI: -228.61, -188.31)","4.52","1.21","Yes"
"205","-0.24 (0.74, CI: -1.68, 1.25)","-4.47 (0.63, CI: -5.68, -3.2)","-8.21 (0.61, CI: -9.38, -6.96)","-11.53 (0.65, CI: -12.79, -10.23)","-14.48 (0.71, CI: -15.88, -13.06)","-17.07 (0.8, CI: -18.66, -15.49)","-19.33 (0.9, CI: -21.13, -17.52)","-21.26 (1.03, CI: -23.28, -19.2)","-22.89 (1.15, CI: -25.14, -20.57)","-24.26 (1.28, CI: -26.75, -21.63)","-25.41 (1.42, CI: -28.17, -22.46)","-26.37 (1.58, CI: -29.42, -23.15)","-27.08 (1.76, CI: -30.43, -23.57)","-208.92 (11.1, CI: -231.04, -186.91)","4.5","1.21","Yes"
